BEGIN;
TRUNCATE TABLE zone_clusters, zone_adjacency, zone_aliases, zone_macro_areas, zones RESTART IDENTITY CASCADE;
INSERT INTO zones (zone_id, region_name, county_name, sector_no, locality_name, zone_name, zone_slug, zone_type, parent_label, parent_zone_id, is_official, is_commercial, canonical_normalized_name) VALUES ('bucuresti::bucuresti::sector-1', 'Bucuresti-Ilfov', 'Bucuresti', 1, 'Bucuresti', 'Sector 1', 'sector-1', 'sector', 'Bucuresti', NULL, TRUE, FALSE, 'sector 1');
INSERT INTO zone_aliases (zone_id, alias, alias_normalized, alias_kind, confidence_weight) VALUES ('bucuresti::bucuresti::sector-1', 'Sector 1', 'sector 1', 'alias', 1.0000), ('bucuresti::bucuresti::sector-1', 'sector 1', 'sector 1', 'slug_variant', 0.9800);
INSERT INTO zone_macro_areas (zone_id, macro_area_code) VALUES ('bucuresti::bucuresti::sector-1', 'Bucuresti');
INSERT INTO zones (zone_id, region_name, county_name, sector_no, locality_name, zone_name, zone_slug, zone_type, parent_label, parent_zone_id, is_official, is_commercial, canonical_normalized_name) VALUES ('bucuresti::bucuresti::sector-2', 'Bucuresti-Ilfov', 'Bucuresti', 2, 'Bucuresti', 'Sector 2', 'sector-2', 'sector', 'Bucuresti', NULL, TRUE, FALSE, 'sector 2');
INSERT INTO zone_aliases (zone_id, alias, alias_normalized, alias_kind, confidence_weight) VALUES ('bucuresti::bucuresti::sector-2', 'Sector 2', 'sector 2', 'alias', 1.0000), ('bucuresti::bucuresti::sector-2', 'sector 2', 'sector 2', 'slug_variant', 0.9800);
INSERT INTO zone_macro_areas (zone_id, macro_area_code) VALUES ('bucuresti::bucuresti::sector-2', 'Bucuresti');
INSERT INTO zones (zone_id, region_name, county_name, sector_no, locality_name, zone_name, zone_slug, zone_type, parent_label, parent_zone_id, is_official, is_commercial, canonical_normalized_name) VALUES ('bucuresti::bucuresti::sector-3', 'Bucuresti-Ilfov', 'Bucuresti', 3, 'Bucuresti', 'Sector 3', 'sector-3', 'sector', 'Bucuresti', NULL, TRUE, FALSE, 'sector 3');
INSERT INTO zone_aliases (zone_id, alias, alias_normalized, alias_kind, confidence_weight) VALUES ('bucuresti::bucuresti::sector-3', 'Sector 3', 'sector 3', 'alias', 1.0000), ('bucuresti::bucuresti::sector-3', 'sector 3', 'sector 3', 'slug_variant', 0.9800);
INSERT INTO zone_macro_areas (zone_id, macro_area_code) VALUES ('bucuresti::bucuresti::sector-3', 'Bucuresti');
INSERT INTO zones (zone_id, region_name, county_name, sector_no, locality_name, zone_name, zone_slug, zone_type, parent_label, parent_zone_id, is_official, is_commercial, canonical_normalized_name) VALUES ('bucuresti::bucuresti::sector-4', 'Bucuresti-Ilfov', 'Bucuresti', 4, 'Bucuresti', 'Sector 4', 'sector-4', 'sector', 'Bucuresti', NULL, TRUE, FALSE, 'sector 4');
INSERT INTO zone_aliases (zone_id, alias, alias_normalized, alias_kind, confidence_weight) VALUES ('bucuresti::bucuresti::sector-4', 'Sector 4', 'sector 4', 'alias', 1.0000), ('bucuresti::bucuresti::sector-4', 'sector 4', 'sector 4', 'slug_variant', 0.9800);
INSERT INTO zone_macro_areas (zone_id, macro_area_code) VALUES ('bucuresti::bucuresti::sector-4', 'Bucuresti');
INSERT INTO zones (zone_id, region_name, county_name, sector_no, locality_name, zone_name, zone_slug, zone_type, parent_label, parent_zone_id, is_official, is_commercial, canonical_normalized_name) VALUES ('bucuresti::bucuresti::sector-5', 'Bucuresti-Ilfov', 'Bucuresti', 5, 'Bucuresti', 'Sector 5', 'sector-5', 'sector', 'Bucuresti', NULL, TRUE, FALSE, 'sector 5');
INSERT INTO zone_aliases (zone_id, alias, alias_normalized, alias_kind, confidence_weight) VALUES ('bucuresti::bucuresti::sector-5', 'Sector 5', 'sector 5', 'alias', 1.0000), ('bucuresti::bucuresti::sector-5', 'sector 5', 'sector 5', 'slug_variant', 0.9800);
INSERT INTO zone_macro_areas (zone_id, macro_area_code) VALUES ('bucuresti::bucuresti::sector-5', 'Bucuresti');
INSERT INTO zones (zone_id, region_name, county_name, sector_no, locality_name, zone_name, zone_slug, zone_type, parent_label, parent_zone_id, is_official, is_commercial, canonical_normalized_name) VALUES ('bucuresti::bucuresti::sector-6', 'Bucuresti-Ilfov', 'Bucuresti', 6, 'Bucuresti', 'Sector 6', 'sector-6', 'sector', 'Bucuresti', NULL, TRUE, FALSE, 'sector 6');
INSERT INTO zone_aliases (zone_id, alias, alias_normalized, alias_kind, confidence_weight) VALUES ('bucuresti::bucuresti::sector-6', 'Sector 6', 'sector 6', 'alias', 1.0000), ('bucuresti::bucuresti::sector-6', 'sector 6', 'sector 6', 'slug_variant', 0.9800);
INSERT INTO zone_macro_areas (zone_id, macro_area_code) VALUES ('bucuresti::bucuresti::sector-6', 'Bucuresti');
INSERT INTO zones (zone_id, region_name, county_name, sector_no, locality_name, zone_name, zone_slug, zone_type, parent_label, parent_zone_id, is_official, is_commercial, canonical_normalized_name) VALUES ('bucuresti::bucuresti::1-mai', 'Bucuresti-Ilfov', 'Bucuresti', 1, 'Bucuresti', '1 Mai', '1-mai', 'cartier', 'Sector 1', NULL, FALSE, TRUE, '1 mai');
INSERT INTO zone_aliases (zone_id, alias, alias_normalized, alias_kind, confidence_weight) VALUES ('bucuresti::bucuresti::1-mai', '1 Mai', '1 mai', 'alias', 1.0000), ('bucuresti::bucuresti::1-mai', '1 mai', '1 mai', 'slug_variant', 0.9800);
INSERT INTO zone_aliases (zone_id, alias, alias_normalized, alias_kind, confidence_weight) VALUES ('bucuresti::bucuresti::1-mai', 'Ion Mihalache', 'ion mihalache', 'alias', 0.9700);
INSERT INTO zone_aliases (zone_id, alias, alias_normalized, alias_kind, confidence_weight) VALUES ('bucuresti::bucuresti::1-mai', '1 Mai Ion Mihalache', '1 mai ion mihalache', 'alias', 0.9700);
INSERT INTO zone_aliases (zone_id, alias, alias_normalized, alias_kind, confidence_weight) VALUES ('bucuresti::bucuresti::1-mai', 'Turda', 'turda', 'microzone', 0.9300);
INSERT INTO zone_aliases (zone_id, alias, alias_normalized, alias_kind, confidence_weight) VALUES ('bucuresti::bucuresti::1-mai', 'Clucerului', 'clucerului', 'microzone', 0.9300);
INSERT INTO zone_aliases (zone_id, alias, alias_normalized, alias_kind, confidence_weight) VALUES ('bucuresti::bucuresti::1-mai', 'Domenii-1 Mai-Grivita', 'domenii 1 mai grivita', 'cluster_label', 0.8800);
INSERT INTO zone_macro_areas (zone_id, macro_area_code) VALUES ('bucuresti::bucuresti::1-mai', 'CENTRU_NORD');
INSERT INTO zone_macro_areas (zone_id, macro_area_code) VALUES ('bucuresti::bucuresti::1-mai', 'NORD');
INSERT INTO zone_macro_areas (zone_id, macro_area_code) VALUES ('bucuresti::bucuresti::1-mai', 'NORD_VEST');
INSERT INTO zone_adjacency (source_zone_id, target_zone_id, relation_type, relation_weight) VALUES ('bucuresti::bucuresti::1-mai', 'bucuresti::bucuresti::domenii', 'adjacent', 1.0000) ON CONFLICT DO NOTHING;
INSERT INTO zone_adjacency (source_zone_id, target_zone_id, relation_type, relation_weight) VALUES ('bucuresti::bucuresti::1-mai', 'bucuresti::bucuresti::grivita', 'adjacent', 1.0000) ON CONFLICT DO NOTHING;
INSERT INTO zone_adjacency (source_zone_id, target_zone_id, relation_type, relation_weight) VALUES ('bucuresti::bucuresti::1-mai', 'bucuresti::bucuresti::piata-victoriei', 'adjacent', 1.0000) ON CONFLICT DO NOTHING;
INSERT INTO zone_clusters (cluster_id, cluster_name, cluster_slug, zone_id) VALUES ('cluster::domenii-1-mai-grivita', 'Domenii-1 Mai-Grivita', 'domenii-1-mai-grivita', 'bucuresti::bucuresti::1-mai') ON CONFLICT DO NOTHING;
INSERT INTO zones (zone_id, region_name, county_name, sector_no, locality_name, zone_name, zone_slug, zone_type, parent_label, parent_zone_id, is_official, is_commercial, canonical_normalized_name) VALUES ('bucuresti::bucuresti::aeroport-baneasa', 'Bucuresti-Ilfov', 'Bucuresti', 1, 'Bucuresti', 'Aeroport Baneasa', 'aeroport-baneasa', 'cartier', 'Sector 1', NULL, FALSE, TRUE, 'aeroport baneasa');
INSERT INTO zone_aliases (zone_id, alias, alias_normalized, alias_kind, confidence_weight) VALUES ('bucuresti::bucuresti::aeroport-baneasa', 'Aeroport Baneasa', 'aeroport baneasa', 'alias', 1.0000), ('bucuresti::bucuresti::aeroport-baneasa', 'aeroport baneasa', 'aeroport baneasa', 'slug_variant', 0.9800);
INSERT INTO zone_aliases (zone_id, alias, alias_normalized, alias_kind, confidence_weight) VALUES ('bucuresti::bucuresti::aeroport-baneasa', 'Aeroportul Baneasa', 'aeroportul baneasa', 'alias', 0.9700);
INSERT INTO zone_aliases (zone_id, alias, alias_normalized, alias_kind, confidence_weight) VALUES ('bucuresti::bucuresti::aeroport-baneasa', 'Aeroport', 'aeroport', 'microzone', 0.9300);
INSERT INTO zone_aliases (zone_id, alias, alias_normalized, alias_kind, confidence_weight) VALUES ('bucuresti::bucuresti::aeroport-baneasa', 'Gara Baneasa', 'gara baneasa', 'microzone', 0.9300);
INSERT INTO zone_aliases (zone_id, alias, alias_normalized, alias_kind, confidence_weight) VALUES ('bucuresti::bucuresti::aeroport-baneasa', 'Baneasa-Sisesti-Jandarmeriei', 'baneasa sisesti jandarmeriei', 'cluster_label', 0.8800);
INSERT INTO zone_macro_areas (zone_id, macro_area_code) VALUES ('bucuresti::bucuresti::aeroport-baneasa', 'CENTRU_NORD');
INSERT INTO zone_macro_areas (zone_id, macro_area_code) VALUES ('bucuresti::bucuresti::aeroport-baneasa', 'NORD');
INSERT INTO zone_macro_areas (zone_id, macro_area_code) VALUES ('bucuresti::bucuresti::aeroport-baneasa', 'NORD_VEST');
INSERT INTO zone_adjacency (source_zone_id, target_zone_id, relation_type, relation_weight) VALUES ('bucuresti::bucuresti::aeroport-baneasa', 'bucuresti::bucuresti::baneasa', 'adjacent', 1.0000) ON CONFLICT DO NOTHING;
INSERT INTO zone_adjacency (source_zone_id, target_zone_id, relation_type, relation_weight) VALUES ('bucuresti::bucuresti::aeroport-baneasa', 'bucuresti::bucuresti::casa-presei', 'adjacent', 1.0000) ON CONFLICT DO NOTHING;
INSERT INTO zone_clusters (cluster_id, cluster_name, cluster_slug, zone_id) VALUES ('cluster::baneasa-sisesti-jandarmeriei', 'Baneasa-Sisesti-Jandarmeriei', 'baneasa-sisesti-jandarmeriei', 'bucuresti::bucuresti::aeroport-baneasa') ON CONFLICT DO NOTHING;
INSERT INTO zones (zone_id, region_name, county_name, sector_no, locality_name, zone_name, zone_slug, zone_type, parent_label, parent_zone_id, is_official, is_commercial, canonical_normalized_name) VALUES ('bucuresti::bucuresti::aviatorilor', 'Bucuresti-Ilfov', 'Bucuresti', 1, 'Bucuresti', 'Aviatorilor', 'aviatorilor', 'cartier', 'Sector 1', NULL, FALSE, TRUE, 'aviatorilor');
INSERT INTO zone_aliases (zone_id, alias, alias_normalized, alias_kind, confidence_weight) VALUES ('bucuresti::bucuresti::aviatorilor', 'Aviatorilor', 'aviatorilor', 'alias', 1.0000), ('bucuresti::bucuresti::aviatorilor', 'aviatorilor', 'aviatorilor', 'slug_variant', 0.9800);
INSERT INTO zone_aliases (zone_id, alias, alias_normalized, alias_kind, confidence_weight) VALUES ('bucuresti::bucuresti::aviatorilor', 'Aviatorilor Kiseleff', 'aviatorilor kiseleff', 'alias', 0.9700);
INSERT INTO zone_aliases (zone_id, alias, alias_normalized, alias_kind, confidence_weight) VALUES ('bucuresti::bucuresti::aviatorilor', 'Kiseleff', 'kiseleff', 'alias', 0.9700);
INSERT INTO zone_aliases (zone_id, alias, alias_normalized, alias_kind, confidence_weight) VALUES ('bucuresti::bucuresti::aviatorilor', 'Arcul de Triumf', 'arcul de triumf', 'microzone', 0.9300);
INSERT INTO zone_aliases (zone_id, alias, alias_normalized, alias_kind, confidence_weight) VALUES ('bucuresti::bucuresti::aviatorilor', 'Kiseleff', 'kiseleff', 'microzone', 0.9300);
INSERT INTO zone_aliases (zone_id, alias, alias_normalized, alias_kind, confidence_weight) VALUES ('bucuresti::bucuresti::aviatorilor', 'Charles de Gaulle', 'charles de gaulle', 'microzone', 0.9300);
INSERT INTO zone_aliases (zone_id, alias, alias_normalized, alias_kind, confidence_weight) VALUES ('bucuresti::bucuresti::aviatorilor', 'Herastrau-Aviatorilor-Primaverii', 'herastrau aviatorilor primaverii', 'cluster_label', 0.8800);
INSERT INTO zone_macro_areas (zone_id, macro_area_code) VALUES ('bucuresti::bucuresti::aviatorilor', 'CENTRU_NORD');
INSERT INTO zone_macro_areas (zone_id, macro_area_code) VALUES ('bucuresti::bucuresti::aviatorilor', 'NORD');
INSERT INTO zone_macro_areas (zone_id, macro_area_code) VALUES ('bucuresti::bucuresti::aviatorilor', 'NORD_VEST');
INSERT INTO zone_adjacency (source_zone_id, target_zone_id, relation_type, relation_weight) VALUES ('bucuresti::bucuresti::aviatorilor', 'bucuresti::bucuresti::dorobanti', 'adjacent', 1.0000) ON CONFLICT DO NOTHING;
INSERT INTO zone_adjacency (source_zone_id, target_zone_id, relation_type, relation_weight) VALUES ('bucuresti::bucuresti::aviatorilor', 'bucuresti::bucuresti::primaverii', 'adjacent', 1.0000) ON CONFLICT DO NOTHING;
INSERT INTO zone_adjacency (source_zone_id, target_zone_id, relation_type, relation_weight) VALUES ('bucuresti::bucuresti::aviatorilor', 'bucuresti::bucuresti::herastrau', 'adjacent', 1.0000) ON CONFLICT DO NOTHING;
INSERT INTO zone_adjacency (source_zone_id, target_zone_id, relation_type, relation_weight) VALUES ('bucuresti::bucuresti::aviatorilor', 'bucuresti::bucuresti::piata-victoriei', 'adjacent', 1.0000) ON CONFLICT DO NOTHING;
INSERT INTO zone_clusters (cluster_id, cluster_name, cluster_slug, zone_id) VALUES ('cluster::herastrau-aviatorilor-primaverii', 'Herastrau-Aviatorilor-Primaverii', 'herastrau-aviatorilor-primaverii', 'bucuresti::bucuresti::aviatorilor') ON CONFLICT DO NOTHING;
INSERT INTO zones (zone_id, region_name, county_name, sector_no, locality_name, zone_name, zone_slug, zone_type, parent_label, parent_zone_id, is_official, is_commercial, canonical_normalized_name) VALUES ('bucuresti::bucuresti::aviatiei', 'Bucuresti-Ilfov', 'Bucuresti', 1, 'Bucuresti', 'Aviatiei', 'aviatiei', 'cartier', 'Sector 1', NULL, FALSE, TRUE, 'aviatiei');
INSERT INTO zone_aliases (zone_id, alias, alias_normalized, alias_kind, confidence_weight) VALUES ('bucuresti::bucuresti::aviatiei', 'Aviatiei', 'aviatiei', 'alias', 1.0000), ('bucuresti::bucuresti::aviatiei', 'aviatiei', 'aviatiei', 'slug_variant', 0.9800);
INSERT INTO zone_aliases (zone_id, alias, alias_normalized, alias_kind, confidence_weight) VALUES ('bucuresti::bucuresti::aviatiei', 'Aurel Vlaicu', 'aurel vlaicu', 'alias', 0.9700);
INSERT INTO zone_aliases (zone_id, alias, alias_normalized, alias_kind, confidence_weight) VALUES ('bucuresti::bucuresti::aviatiei', 'Promenada', 'promenada', 'alias', 0.9700);
INSERT INTO zone_aliases (zone_id, alias, alias_normalized, alias_kind, confidence_weight) VALUES ('bucuresti::bucuresti::aviatiei', 'Caramfil', 'caramfil', 'alias', 0.9700);
INSERT INTO zone_aliases (zone_id, alias, alias_normalized, alias_kind, confidence_weight) VALUES ('bucuresti::bucuresti::aviatiei', 'Nordului business', 'nordului business', 'alias', 0.9700);
INSERT INTO zone_aliases (zone_id, alias, alias_normalized, alias_kind, confidence_weight) VALUES ('bucuresti::bucuresti::aviatiei', 'Aurel Vlaicu', 'aurel vlaicu', 'microzone', 0.9300);
INSERT INTO zone_aliases (zone_id, alias, alias_normalized, alias_kind, confidence_weight) VALUES ('bucuresti::bucuresti::aviatiei', 'Caramfil', 'caramfil', 'microzone', 0.9300);
INSERT INTO zone_aliases (zone_id, alias, alias_normalized, alias_kind, confidence_weight) VALUES ('bucuresti::bucuresti::aviatiei', 'Barbu Vacarescu Nord', 'barbu vacarescu nord', 'microzone', 0.9300);
INSERT INTO zone_aliases (zone_id, alias, alias_normalized, alias_kind, confidence_weight) VALUES ('bucuresti::bucuresti::aviatiei', 'Promenada', 'promenada', 'microzone', 0.9300);
INSERT INTO zone_aliases (zone_id, alias, alias_normalized, alias_kind, confidence_weight) VALUES ('bucuresti::bucuresti::aviatiei', 'Aviatiei-Aurel Vlaicu-Promenada', 'aviatiei aurel vlaicu promenada', 'cluster_label', 0.8800);
INSERT INTO zone_macro_areas (zone_id, macro_area_code) VALUES ('bucuresti::bucuresti::aviatiei', 'CENTRU_NORD');
INSERT INTO zone_macro_areas (zone_id, macro_area_code) VALUES ('bucuresti::bucuresti::aviatiei', 'NORD');
INSERT INTO zone_macro_areas (zone_id, macro_area_code) VALUES ('bucuresti::bucuresti::aviatiei', 'NORD_VEST');
INSERT INTO zone_adjacency (source_zone_id, target_zone_id, relation_type, relation_weight) VALUES ('bucuresti::bucuresti::aviatiei', 'bucuresti::bucuresti::baneasa', 'adjacent', 1.0000) ON CONFLICT DO NOTHING;
INSERT INTO zone_adjacency (source_zone_id, target_zone_id, relation_type, relation_weight) VALUES ('bucuresti::bucuresti::aviatiei', 'bucuresti::bucuresti::pipera-sud', 'adjacent', 1.0000) ON CONFLICT DO NOTHING;
INSERT INTO zone_adjacency (source_zone_id, target_zone_id, relation_type, relation_weight) VALUES ('bucuresti::bucuresti::aviatiei', 'ilfov::voluntari::pipera-voluntari', 'adjacent', 1.0000) ON CONFLICT DO NOTHING;
INSERT INTO zone_clusters (cluster_id, cluster_name, cluster_slug, zone_id) VALUES ('cluster::aviatiei-aurel-vlaicu-promenada', 'Aviatiei-Aurel Vlaicu-Promenada', 'aviatiei-aurel-vlaicu-promenada', 'bucuresti::bucuresti::aviatiei') ON CONFLICT DO NOTHING;
INSERT INTO zones (zone_id, region_name, county_name, sector_no, locality_name, zone_name, zone_slug, zone_type, parent_label, parent_zone_id, is_official, is_commercial, canonical_normalized_name) VALUES ('bucuresti::bucuresti::baneasa', 'Bucuresti-Ilfov', 'Bucuresti', 1, 'Bucuresti', 'Baneasa', 'baneasa', 'cartier', 'Sector 1', NULL, FALSE, TRUE, 'baneasa');
INSERT INTO zone_aliases (zone_id, alias, alias_normalized, alias_kind, confidence_weight) VALUES ('bucuresti::bucuresti::baneasa', 'Baneasa', 'baneasa', 'alias', 1.0000), ('bucuresti::bucuresti::baneasa', 'baneasa', 'baneasa', 'slug_variant', 0.9800);
INSERT INTO zone_aliases (zone_id, alias, alias_normalized, alias_kind, confidence_weight) VALUES ('bucuresti::bucuresti::baneasa', 'Baneasa Mall', 'baneasa mall', 'alias', 0.9700);
INSERT INTO zone_aliases (zone_id, alias, alias_normalized, alias_kind, confidence_weight) VALUES ('bucuresti::bucuresti::baneasa', 'Baneasa Shopping City', 'baneasa shopping city', 'alias', 0.9700);
INSERT INTO zone_aliases (zone_id, alias, alias_normalized, alias_kind, confidence_weight) VALUES ('bucuresti::bucuresti::baneasa', 'Jandarmeriei', 'jandarmeriei', 'microzone', 0.9300);
INSERT INTO zone_aliases (zone_id, alias, alias_normalized, alias_kind, confidence_weight) VALUES ('bucuresti::bucuresti::baneasa', 'Sisesti Sud', 'sisesti sud', 'microzone', 0.9300);
INSERT INTO zone_aliases (zone_id, alias, alias_normalized, alias_kind, confidence_weight) VALUES ('bucuresti::bucuresti::baneasa', 'Mall Baneasa', 'mall baneasa', 'microzone', 0.9300);
INSERT INTO zone_aliases (zone_id, alias, alias_normalized, alias_kind, confidence_weight) VALUES ('bucuresti::bucuresti::baneasa', 'Baneasa-Sisesti-Jandarmeriei', 'baneasa sisesti jandarmeriei', 'cluster_label', 0.8800);
INSERT INTO zone_macro_areas (zone_id, macro_area_code) VALUES ('bucuresti::bucuresti::baneasa', 'CENTRU_NORD');
INSERT INTO zone_macro_areas (zone_id, macro_area_code) VALUES ('bucuresti::bucuresti::baneasa', 'NORD');
INSERT INTO zone_macro_areas (zone_id, macro_area_code) VALUES ('bucuresti::bucuresti::baneasa', 'NORD_VEST');
INSERT INTO zone_adjacency (source_zone_id, target_zone_id, relation_type, relation_weight) VALUES ('bucuresti::bucuresti::baneasa', 'bucuresti::bucuresti::aviatiei', 'adjacent', 1.0000) ON CONFLICT DO NOTHING;
INSERT INTO zone_adjacency (source_zone_id, target_zone_id, relation_type, relation_weight) VALUES ('bucuresti::bucuresti::baneasa', 'bucuresti::bucuresti::pajura', 'adjacent', 1.0000) ON CONFLICT DO NOTHING;
INSERT INTO zone_adjacency (source_zone_id, target_zone_id, relation_type, relation_weight) VALUES ('bucuresti::bucuresti::baneasa', 'bucuresti::bucuresti::sisesti', 'adjacent', 1.0000) ON CONFLICT DO NOTHING;
INSERT INTO zone_adjacency (source_zone_id, target_zone_id, relation_type, relation_weight) VALUES ('bucuresti::bucuresti::baneasa', 'ilfov::otopeni::otopeni', 'adjacent', 1.0000) ON CONFLICT DO NOTHING;
INSERT INTO zone_adjacency (source_zone_id, target_zone_id, relation_type, relation_weight) VALUES ('bucuresti::bucuresti::baneasa', 'ilfov::voluntari::voluntari', 'adjacent', 1.0000) ON CONFLICT DO NOTHING;
INSERT INTO zone_clusters (cluster_id, cluster_name, cluster_slug, zone_id) VALUES ('cluster::baneasa-sisesti-jandarmeriei', 'Baneasa-Sisesti-Jandarmeriei', 'baneasa-sisesti-jandarmeriei', 'bucuresti::bucuresti::baneasa') ON CONFLICT DO NOTHING;
INSERT INTO zones (zone_id, region_name, county_name, sector_no, locality_name, zone_name, zone_slug, zone_type, parent_label, parent_zone_id, is_official, is_commercial, canonical_normalized_name) VALUES ('bucuresti::bucuresti::bucurestii-noi', 'Bucuresti-Ilfov', 'Bucuresti', 1, 'Bucuresti', 'Bucurestii Noi', 'bucurestii-noi', 'cartier', 'Sector 1', NULL, FALSE, TRUE, 'bucurestii noi');
INSERT INTO zone_aliases (zone_id, alias, alias_normalized, alias_kind, confidence_weight) VALUES ('bucuresti::bucuresti::bucurestii-noi', 'Bucurestii Noi', 'bucurestii noi', 'alias', 1.0000), ('bucuresti::bucuresti::bucurestii-noi', 'bucurestii noi', 'bucurestii noi', 'slug_variant', 0.9800);
INSERT INTO zone_aliases (zone_id, alias, alias_normalized, alias_kind, confidence_weight) VALUES ('bucuresti::bucuresti::bucurestii-noi', 'Bucurestii Noi Jiului', 'bucurestii noi jiului', 'alias', 0.9700);
INSERT INTO zone_aliases (zone_id, alias, alias_normalized, alias_kind, confidence_weight) VALUES ('bucuresti::bucuresti::bucurestii-noi', 'Laminorului', 'laminorului', 'microzone', 0.9300);
INSERT INTO zone_aliases (zone_id, alias, alias_normalized, alias_kind, confidence_weight) VALUES ('bucuresti::bucuresti::bucurestii-noi', 'Jiului', 'jiului', 'microzone', 0.9300);
INSERT INTO zone_aliases (zone_id, alias, alias_normalized, alias_kind, confidence_weight) VALUES ('bucuresti::bucuresti::bucurestii-noi', 'Laromet', 'laromet', 'microzone', 0.9300);
INSERT INTO zone_aliases (zone_id, alias, alias_normalized, alias_kind, confidence_weight) VALUES ('bucuresti::bucuresti::bucurestii-noi', 'Bucurestii Noi-Jiului-Straulesti', 'bucurestii noi jiului straulesti', 'cluster_label', 0.8800);
INSERT INTO zone_macro_areas (zone_id, macro_area_code) VALUES ('bucuresti::bucuresti::bucurestii-noi', 'CENTRU_NORD');
INSERT INTO zone_macro_areas (zone_id, macro_area_code) VALUES ('bucuresti::bucuresti::bucurestii-noi', 'NORD');
INSERT INTO zone_macro_areas (zone_id, macro_area_code) VALUES ('bucuresti::bucuresti::bucurestii-noi', 'NORD_VEST');
INSERT INTO zone_adjacency (source_zone_id, target_zone_id, relation_type, relation_weight) VALUES ('bucuresti::bucuresti::bucurestii-noi', 'bucuresti::bucuresti::jiului', 'adjacent', 1.0000) ON CONFLICT DO NOTHING;
INSERT INTO zone_adjacency (source_zone_id, target_zone_id, relation_type, relation_weight) VALUES ('bucuresti::bucuresti::bucurestii-noi', 'bucuresti::bucuresti::pajura', 'adjacent', 1.0000) ON CONFLICT DO NOTHING;
INSERT INTO zone_adjacency (source_zone_id, target_zone_id, relation_type, relation_weight) VALUES ('bucuresti::bucuresti::bucurestii-noi', 'bucuresti::bucuresti::straulesti', 'adjacent', 1.0000) ON CONFLICT DO NOTHING;
INSERT INTO zone_adjacency (source_zone_id, target_zone_id, relation_type, relation_weight) VALUES ('bucuresti::bucuresti::bucurestii-noi', 'ilfov::chitila::chitila', 'adjacent', 1.0000) ON CONFLICT DO NOTHING;
INSERT INTO zone_clusters (cluster_id, cluster_name, cluster_slug, zone_id) VALUES ('cluster::bucurestii-noi-jiului-straulesti', 'Bucurestii Noi-Jiului-Straulesti', 'bucurestii-noi-jiului-straulesti', 'bucuresti::bucuresti::bucurestii-noi') ON CONFLICT DO NOTHING;
INSERT INTO zones (zone_id, region_name, county_name, sector_no, locality_name, zone_name, zone_slug, zone_type, parent_label, parent_zone_id, is_official, is_commercial, canonical_normalized_name) VALUES ('bucuresti::bucuresti::casa-presei', 'Bucuresti-Ilfov', 'Bucuresti', 1, 'Bucuresti', 'Casa Presei', 'casa-presei', 'cartier', 'Sector 1', NULL, FALSE, TRUE, 'casa presei');
INSERT INTO zone_aliases (zone_id, alias, alias_normalized, alias_kind, confidence_weight) VALUES ('bucuresti::bucuresti::casa-presei', 'Casa Presei', 'casa presei', 'alias', 1.0000), ('bucuresti::bucuresti::casa-presei', 'casa presei', 'casa presei', 'slug_variant', 0.9800);
INSERT INTO zone_aliases (zone_id, alias, alias_normalized, alias_kind, confidence_weight) VALUES ('bucuresti::bucuresti::casa-presei', 'Piata Presei', 'piata presei', 'alias', 0.9700);
INSERT INTO zone_aliases (zone_id, alias, alias_normalized, alias_kind, confidence_weight) VALUES ('bucuresti::bucuresti::casa-presei', 'Casa Scanteii', 'casa scanteii', 'alias', 0.9700);
INSERT INTO zone_aliases (zone_id, alias, alias_normalized, alias_kind, confidence_weight) VALUES ('bucuresti::bucuresti::casa-presei', 'Romexpo', 'romexpo', 'microzone', 0.9300);
INSERT INTO zone_aliases (zone_id, alias, alias_normalized, alias_kind, confidence_weight) VALUES ('bucuresti::bucuresti::casa-presei', 'Bd Expozitiei', 'bd expozitiei', 'microzone', 0.9300);
INSERT INTO zone_aliases (zone_id, alias, alias_normalized, alias_kind, confidence_weight) VALUES ('bucuresti::bucuresti::casa-presei', 'Baneasa-Expozitiei-Casa Presei', 'baneasa expozitiei casa presei', 'cluster_label', 0.8800);
INSERT INTO zone_macro_areas (zone_id, macro_area_code) VALUES ('bucuresti::bucuresti::casa-presei', 'CENTRU_NORD');
INSERT INTO zone_macro_areas (zone_id, macro_area_code) VALUES ('bucuresti::bucuresti::casa-presei', 'NORD');
INSERT INTO zone_macro_areas (zone_id, macro_area_code) VALUES ('bucuresti::bucuresti::casa-presei', 'NORD_VEST');
INSERT INTO zone_adjacency (source_zone_id, target_zone_id, relation_type, relation_weight) VALUES ('bucuresti::bucuresti::casa-presei', 'bucuresti::bucuresti::baneasa', 'adjacent', 1.0000) ON CONFLICT DO NOTHING;
INSERT INTO zone_adjacency (source_zone_id, target_zone_id, relation_type, relation_weight) VALUES ('bucuresti::bucuresti::casa-presei', 'bucuresti::bucuresti::romexpo-expozitiei', 'adjacent', 1.0000) ON CONFLICT DO NOTHING;
INSERT INTO zone_adjacency (source_zone_id, target_zone_id, relation_type, relation_weight) VALUES ('bucuresti::bucuresti::casa-presei', 'bucuresti::bucuresti::pajura', 'adjacent', 1.0000) ON CONFLICT DO NOTHING;
INSERT INTO zone_clusters (cluster_id, cluster_name, cluster_slug, zone_id) VALUES ('cluster::baneasa-expozitiei-casa-presei', 'Baneasa-Expozitiei-Casa Presei', 'baneasa-expozitiei-casa-presei', 'bucuresti::bucuresti::casa-presei') ON CONFLICT DO NOTHING;
INSERT INTO zones (zone_id, region_name, county_name, sector_no, locality_name, zone_name, zone_slug, zone_type, parent_label, parent_zone_id, is_official, is_commercial, canonical_normalized_name) VALUES ('bucuresti::bucuresti::calea-grivitei', 'Bucuresti-Ilfov', 'Bucuresti', 1, 'Bucuresti', 'Calea Grivitei', 'calea-grivitei', 'cartier', 'Sector 1', NULL, FALSE, TRUE, 'calea grivitei');
INSERT INTO zone_aliases (zone_id, alias, alias_normalized, alias_kind, confidence_weight) VALUES ('bucuresti::bucuresti::calea-grivitei', 'Calea Grivitei', 'calea grivitei', 'alias', 1.0000), ('bucuresti::bucuresti::calea-grivitei', 'calea grivitei', 'calea grivitei', 'slug_variant', 0.9800);
INSERT INTO zone_aliases (zone_id, alias, alias_normalized, alias_kind, confidence_weight) VALUES ('bucuresti::bucuresti::calea-grivitei', 'Grivitei', 'grivitei', 'alias', 0.9700);
INSERT INTO zone_aliases (zone_id, alias, alias_normalized, alias_kind, confidence_weight) VALUES ('bucuresti::bucuresti::calea-grivitei', 'Pod Constanta', 'pod constanta', 'microzone', 0.9300);
INSERT INTO zone_aliases (zone_id, alias, alias_normalized, alias_kind, confidence_weight) VALUES ('bucuresti::bucuresti::calea-grivitei', 'Domenii-1 Mai-Grivita', 'domenii 1 mai grivita', 'cluster_label', 0.8800);
INSERT INTO zone_macro_areas (zone_id, macro_area_code) VALUES ('bucuresti::bucuresti::calea-grivitei', 'CENTRU_NORD');
INSERT INTO zone_macro_areas (zone_id, macro_area_code) VALUES ('bucuresti::bucuresti::calea-grivitei', 'NORD');
INSERT INTO zone_macro_areas (zone_id, macro_area_code) VALUES ('bucuresti::bucuresti::calea-grivitei', 'NORD_VEST');
INSERT INTO zone_adjacency (source_zone_id, target_zone_id, relation_type, relation_weight) VALUES ('bucuresti::bucuresti::calea-grivitei', 'bucuresti::bucuresti::grivita', 'adjacent', 1.0000) ON CONFLICT DO NOTHING;
INSERT INTO zone_adjacency (source_zone_id, target_zone_id, relation_type, relation_weight) VALUES ('bucuresti::bucuresti::calea-grivitei', 'bucuresti::bucuresti::domenii', 'adjacent', 1.0000) ON CONFLICT DO NOTHING;
INSERT INTO zone_adjacency (source_zone_id, target_zone_id, relation_type, relation_weight) VALUES ('bucuresti::bucuresti::calea-grivitei', 'bucuresti::bucuresti::piata-victoriei', 'adjacent', 1.0000) ON CONFLICT DO NOTHING;
INSERT INTO zone_clusters (cluster_id, cluster_name, cluster_slug, zone_id) VALUES ('cluster::domenii-1-mai-grivita', 'Domenii-1 Mai-Grivita', 'domenii-1-mai-grivita', 'bucuresti::bucuresti::calea-grivitei') ON CONFLICT DO NOTHING;
INSERT INTO zones (zone_id, region_name, county_name, sector_no, locality_name, zone_name, zone_slug, zone_type, parent_label, parent_zone_id, is_official, is_commercial, canonical_normalized_name) VALUES ('bucuresti::bucuresti::dorobanti', 'Bucuresti-Ilfov', 'Bucuresti', 1, 'Bucuresti', 'Dorobanti', 'dorobanti', 'cartier', 'Sector 1', NULL, FALSE, TRUE, 'dorobanti');
INSERT INTO zone_aliases (zone_id, alias, alias_normalized, alias_kind, confidence_weight) VALUES ('bucuresti::bucuresti::dorobanti', 'Dorobanti', 'dorobanti', 'alias', 1.0000), ('bucuresti::bucuresti::dorobanti', 'dorobanti', 'dorobanti', 'slug_variant', 0.9800);
INSERT INTO zone_aliases (zone_id, alias, alias_normalized, alias_kind, confidence_weight) VALUES ('bucuresti::bucuresti::dorobanti', 'Capitale', 'capitale', 'alias', 0.9700);
INSERT INTO zone_aliases (zone_id, alias, alias_normalized, alias_kind, confidence_weight) VALUES ('bucuresti::bucuresti::dorobanti', 'Perla', 'perla', 'alias', 0.9700);
INSERT INTO zone_aliases (zone_id, alias, alias_normalized, alias_kind, confidence_weight) VALUES ('bucuresti::bucuresti::dorobanti', 'Capitale', 'capitale', 'microzone', 0.9300);
INSERT INTO zone_aliases (zone_id, alias, alias_normalized, alias_kind, confidence_weight) VALUES ('bucuresti::bucuresti::dorobanti', 'Dorobanti Floreasca', 'dorobanti floreasca', 'microzone', 0.9300);
INSERT INTO zone_aliases (zone_id, alias, alias_normalized, alias_kind, confidence_weight) VALUES ('bucuresti::bucuresti::dorobanti', 'Dorobanti-Floreasca-Primaverii', 'dorobanti floreasca primaverii', 'cluster_label', 0.8800);
INSERT INTO zone_macro_areas (zone_id, macro_area_code) VALUES ('bucuresti::bucuresti::dorobanti', 'CENTRU_NORD');
INSERT INTO zone_macro_areas (zone_id, macro_area_code) VALUES ('bucuresti::bucuresti::dorobanti', 'NORD');
INSERT INTO zone_macro_areas (zone_id, macro_area_code) VALUES ('bucuresti::bucuresti::dorobanti', 'NORD_VEST');
INSERT INTO zone_adjacency (source_zone_id, target_zone_id, relation_type, relation_weight) VALUES ('bucuresti::bucuresti::dorobanti', 'bucuresti::bucuresti::aviatorilor', 'adjacent', 1.0000) ON CONFLICT DO NOTHING;
INSERT INTO zone_adjacency (source_zone_id, target_zone_id, relation_type, relation_weight) VALUES ('bucuresti::bucuresti::dorobanti', 'bucuresti::bucuresti::primaverii', 'adjacent', 1.0000) ON CONFLICT DO NOTHING;
INSERT INTO zone_adjacency (source_zone_id, target_zone_id, relation_type, relation_weight) VALUES ('bucuresti::bucuresti::dorobanti', 'bucuresti::bucuresti::piata-victoriei', 'adjacent', 1.0000) ON CONFLICT DO NOTHING;
INSERT INTO zone_clusters (cluster_id, cluster_name, cluster_slug, zone_id) VALUES ('cluster::dorobanti-floreasca-primaverii', 'Dorobanti-Floreasca-Primaverii', 'dorobanti-floreasca-primaverii', 'bucuresti::bucuresti::dorobanti') ON CONFLICT DO NOTHING;
INSERT INTO zones (zone_id, region_name, county_name, sector_no, locality_name, zone_name, zone_slug, zone_type, parent_label, parent_zone_id, is_official, is_commercial, canonical_normalized_name) VALUES ('bucuresti::bucuresti::damaroaia', 'Bucuresti-Ilfov', 'Bucuresti', 1, 'Bucuresti', 'Damaroaia', 'damaroaia', 'cartier', 'Sector 1', NULL, FALSE, TRUE, 'damaroaia');
INSERT INTO zone_aliases (zone_id, alias, alias_normalized, alias_kind, confidence_weight) VALUES ('bucuresti::bucuresti::damaroaia', 'Damaroaia', 'damaroaia', 'alias', 1.0000), ('bucuresti::bucuresti::damaroaia', 'damaroaia', 'damaroaia', 'slug_variant', 0.9800);
INSERT INTO zone_aliases (zone_id, alias, alias_normalized, alias_kind, confidence_weight) VALUES ('bucuresti::bucuresti::damaroaia', 'Damaroaia', 'damaroaia', 'alias', 0.9700);
INSERT INTO zone_aliases (zone_id, alias, alias_normalized, alias_kind, confidence_weight) VALUES ('bucuresti::bucuresti::damaroaia', 'Izbiceni', 'izbiceni', 'microzone', 0.9300);
INSERT INTO zone_aliases (zone_id, alias, alias_normalized, alias_kind, confidence_weight) VALUES ('bucuresti::bucuresti::damaroaia', 'Bucurestii Noi-Jiului-Straulesti', 'bucurestii noi jiului straulesti', 'cluster_label', 0.8800);
INSERT INTO zone_macro_areas (zone_id, macro_area_code) VALUES ('bucuresti::bucuresti::damaroaia', 'CENTRU_NORD');
INSERT INTO zone_macro_areas (zone_id, macro_area_code) VALUES ('bucuresti::bucuresti::damaroaia', 'NORD');
INSERT INTO zone_macro_areas (zone_id, macro_area_code) VALUES ('bucuresti::bucuresti::damaroaia', 'NORD_VEST');
INSERT INTO zone_adjacency (source_zone_id, target_zone_id, relation_type, relation_weight) VALUES ('bucuresti::bucuresti::damaroaia', 'bucuresti::bucuresti::bucurestii-noi', 'adjacent', 1.0000) ON CONFLICT DO NOTHING;
INSERT INTO zone_adjacency (source_zone_id, target_zone_id, relation_type, relation_weight) VALUES ('bucuresti::bucuresti::damaroaia', 'bucuresti::bucuresti::jiului', 'adjacent', 1.0000) ON CONFLICT DO NOTHING;
INSERT INTO zone_adjacency (source_zone_id, target_zone_id, relation_type, relation_weight) VALUES ('bucuresti::bucuresti::damaroaia', 'bucuresti::bucuresti::pajura', 'adjacent', 1.0000) ON CONFLICT DO NOTHING;
INSERT INTO zone_clusters (cluster_id, cluster_name, cluster_slug, zone_id) VALUES ('cluster::bucurestii-noi-jiului-straulesti', 'Bucurestii Noi-Jiului-Straulesti', 'bucurestii-noi-jiului-straulesti', 'bucuresti::bucuresti::damaroaia') ON CONFLICT DO NOTHING;
INSERT INTO zones (zone_id, region_name, county_name, sector_no, locality_name, zone_name, zone_slug, zone_type, parent_label, parent_zone_id, is_official, is_commercial, canonical_normalized_name) VALUES ('bucuresti::bucuresti::domenii', 'Bucuresti-Ilfov', 'Bucuresti', 1, 'Bucuresti', 'Domenii', 'domenii', 'cartier', 'Sector 1', NULL, FALSE, TRUE, 'domenii');
INSERT INTO zone_aliases (zone_id, alias, alias_normalized, alias_kind, confidence_weight) VALUES ('bucuresti::bucuresti::domenii', 'Domenii', 'domenii', 'alias', 1.0000), ('bucuresti::bucuresti::domenii', 'domenii', 'domenii', 'slug_variant', 0.9800);
INSERT INTO zone_aliases (zone_id, alias, alias_normalized, alias_kind, confidence_weight) VALUES ('bucuresti::bucuresti::domenii', 'Domenii 1 Mai', 'domenii 1 mai', 'alias', 0.9700);
INSERT INTO zone_aliases (zone_id, alias, alias_normalized, alias_kind, confidence_weight) VALUES ('bucuresti::bucuresti::domenii', 'Agronomie prox', 'agronomie prox', 'microzone', 0.9300);
INSERT INTO zone_aliases (zone_id, alias, alias_normalized, alias_kind, confidence_weight) VALUES ('bucuresti::bucuresti::domenii', 'Turda', 'turda', 'microzone', 0.9300);
INSERT INTO zone_aliases (zone_id, alias, alias_normalized, alias_kind, confidence_weight) VALUES ('bucuresti::bucuresti::domenii', 'Domenii-1 Mai-Grivita', 'domenii 1 mai grivita', 'cluster_label', 0.8800);
INSERT INTO zone_macro_areas (zone_id, macro_area_code) VALUES ('bucuresti::bucuresti::domenii', 'CENTRU_NORD');
INSERT INTO zone_macro_areas (zone_id, macro_area_code) VALUES ('bucuresti::bucuresti::domenii', 'NORD');
INSERT INTO zone_macro_areas (zone_id, macro_area_code) VALUES ('bucuresti::bucuresti::domenii', 'NORD_VEST');
INSERT INTO zone_adjacency (source_zone_id, target_zone_id, relation_type, relation_weight) VALUES ('bucuresti::bucuresti::domenii', 'bucuresti::bucuresti::1-mai', 'adjacent', 1.0000) ON CONFLICT DO NOTHING;
INSERT INTO zone_adjacency (source_zone_id, target_zone_id, relation_type, relation_weight) VALUES ('bucuresti::bucuresti::domenii', 'bucuresti::bucuresti::grivita', 'adjacent', 1.0000) ON CONFLICT DO NOTHING;
INSERT INTO zone_adjacency (source_zone_id, target_zone_id, relation_type, relation_weight) VALUES ('bucuresti::bucuresti::domenii', 'bucuresti::bucuresti::piata-victoriei', 'adjacent', 1.0000) ON CONFLICT DO NOTHING;
INSERT INTO zone_adjacency (source_zone_id, target_zone_id, relation_type, relation_weight) VALUES ('bucuresti::bucuresti::domenii', 'bucuresti::bucuresti::pajura', 'adjacent', 1.0000) ON CONFLICT DO NOTHING;
INSERT INTO zone_clusters (cluster_id, cluster_name, cluster_slug, zone_id) VALUES ('cluster::domenii-1-mai-grivita', 'Domenii-1 Mai-Grivita', 'domenii-1-mai-grivita', 'bucuresti::bucuresti::domenii') ON CONFLICT DO NOTHING;
INSERT INTO zones (zone_id, region_name, county_name, sector_no, locality_name, zone_name, zone_slug, zone_type, parent_label, parent_zone_id, is_official, is_commercial, canonical_normalized_name) VALUES ('bucuresti::bucuresti::grivita', 'Bucuresti-Ilfov', 'Bucuresti', 1, 'Bucuresti', 'Grivita', 'grivita', 'cartier', 'Sector 1', NULL, FALSE, TRUE, 'grivita');
INSERT INTO zone_aliases (zone_id, alias, alias_normalized, alias_kind, confidence_weight) VALUES ('bucuresti::bucuresti::grivita', 'Grivita', 'grivita', 'alias', 1.0000), ('bucuresti::bucuresti::grivita', 'grivita', 'grivita', 'slug_variant', 0.9800);
INSERT INTO zone_aliases (zone_id, alias, alias_normalized, alias_kind, confidence_weight) VALUES ('bucuresti::bucuresti::grivita', 'Gara de Nord Nord-Vest', 'gara de nord nord vest', 'alias', 0.9700);
INSERT INTO zone_aliases (zone_id, alias, alias_normalized, alias_kind, confidence_weight) VALUES ('bucuresti::bucuresti::grivita', 'Pod Constanta', 'pod constanta', 'microzone', 0.9300);
INSERT INTO zone_aliases (zone_id, alias, alias_normalized, alias_kind, confidence_weight) VALUES ('bucuresti::bucuresti::grivita', 'Calea Grivitei', 'calea grivitei', 'microzone', 0.9300);
INSERT INTO zone_aliases (zone_id, alias, alias_normalized, alias_kind, confidence_weight) VALUES ('bucuresti::bucuresti::grivita', 'Domenii-1 Mai-Grivita', 'domenii 1 mai grivita', 'cluster_label', 0.8800);
INSERT INTO zone_macro_areas (zone_id, macro_area_code) VALUES ('bucuresti::bucuresti::grivita', 'CENTRU_NORD');
INSERT INTO zone_macro_areas (zone_id, macro_area_code) VALUES ('bucuresti::bucuresti::grivita', 'NORD');
INSERT INTO zone_macro_areas (zone_id, macro_area_code) VALUES ('bucuresti::bucuresti::grivita', 'NORD_VEST');
INSERT INTO zone_adjacency (source_zone_id, target_zone_id, relation_type, relation_weight) VALUES ('bucuresti::bucuresti::grivita', 'bucuresti::bucuresti::domenii', 'adjacent', 1.0000) ON CONFLICT DO NOTHING;
INSERT INTO zone_adjacency (source_zone_id, target_zone_id, relation_type, relation_weight) VALUES ('bucuresti::bucuresti::grivita', 'bucuresti::bucuresti::1-mai', 'adjacent', 1.0000) ON CONFLICT DO NOTHING;
INSERT INTO zone_adjacency (source_zone_id, target_zone_id, relation_type, relation_weight) VALUES ('bucuresti::bucuresti::grivita', 'bucuresti::bucuresti::giulesti', 'adjacent', 1.0000) ON CONFLICT DO NOTHING;
INSERT INTO zone_adjacency (source_zone_id, target_zone_id, relation_type, relation_weight) VALUES ('bucuresti::bucuresti::grivita', 'ilfov::chitila::chitila', 'adjacent', 1.0000) ON CONFLICT DO NOTHING;
INSERT INTO zone_clusters (cluster_id, cluster_name, cluster_slug, zone_id) VALUES ('cluster::domenii-1-mai-grivita', 'Domenii-1 Mai-Grivita', 'domenii-1-mai-grivita', 'bucuresti::bucuresti::grivita') ON CONFLICT DO NOTHING;
INSERT INTO zones (zone_id, region_name, county_name, sector_no, locality_name, zone_name, zone_slug, zone_type, parent_label, parent_zone_id, is_official, is_commercial, canonical_normalized_name) VALUES ('bucuresti::bucuresti::herastrau', 'Bucuresti-Ilfov', 'Bucuresti', 1, 'Bucuresti', 'Herastrau', 'herastrau', 'cartier', 'Sector 1', NULL, FALSE, TRUE, 'herastrau');
INSERT INTO zone_aliases (zone_id, alias, alias_normalized, alias_kind, confidence_weight) VALUES ('bucuresti::bucuresti::herastrau', 'Herastrau', 'herastrau', 'alias', 1.0000), ('bucuresti::bucuresti::herastrau', 'herastrau', 'herastrau', 'slug_variant', 0.9800);
INSERT INTO zone_aliases (zone_id, alias, alias_normalized, alias_kind, confidence_weight) VALUES ('bucuresti::bucuresti::herastrau', 'Parcul Herastrau', 'parcul herastrau', 'alias', 0.9700);
INSERT INTO zone_aliases (zone_id, alias, alias_normalized, alias_kind, confidence_weight) VALUES ('bucuresti::bucuresti::herastrau', 'Herastrau Park', 'herastrau park', 'alias', 0.9700);
INSERT INTO zone_aliases (zone_id, alias, alias_normalized, alias_kind, confidence_weight) VALUES ('bucuresti::bucuresti::herastrau', 'Soseaua Nordului', 'soseaua nordului', 'microzone', 0.9300);
INSERT INTO zone_aliases (zone_id, alias, alias_normalized, alias_kind, confidence_weight) VALUES ('bucuresti::bucuresti::herastrau', 'Herastrau-Aviatorilor-Primaverii', 'herastrau aviatorilor primaverii', 'cluster_label', 0.8800);
INSERT INTO zone_macro_areas (zone_id, macro_area_code) VALUES ('bucuresti::bucuresti::herastrau', 'CENTRU_NORD');
INSERT INTO zone_macro_areas (zone_id, macro_area_code) VALUES ('bucuresti::bucuresti::herastrau', 'NORD');
INSERT INTO zone_macro_areas (zone_id, macro_area_code) VALUES ('bucuresti::bucuresti::herastrau', 'NORD_VEST');
INSERT INTO zone_adjacency (source_zone_id, target_zone_id, relation_type, relation_weight) VALUES ('bucuresti::bucuresti::herastrau', 'bucuresti::bucuresti::aviatorilor', 'adjacent', 1.0000) ON CONFLICT DO NOTHING;
INSERT INTO zone_adjacency (source_zone_id, target_zone_id, relation_type, relation_weight) VALUES ('bucuresti::bucuresti::herastrau', 'bucuresti::bucuresti::primaverii', 'adjacent', 1.0000) ON CONFLICT DO NOTHING;
INSERT INTO zone_adjacency (source_zone_id, target_zone_id, relation_type, relation_weight) VALUES ('bucuresti::bucuresti::herastrau', 'bucuresti::bucuresti::aviatiei', 'adjacent', 1.0000) ON CONFLICT DO NOTHING;
INSERT INTO zone_adjacency (source_zone_id, target_zone_id, relation_type, relation_weight) VALUES ('bucuresti::bucuresti::herastrau', 'bucuresti::bucuresti::baneasa', 'adjacent', 1.0000) ON CONFLICT DO NOTHING;
INSERT INTO zone_clusters (cluster_id, cluster_name, cluster_slug, zone_id) VALUES ('cluster::herastrau-aviatorilor-primaverii', 'Herastrau-Aviatorilor-Primaverii', 'herastrau-aviatorilor-primaverii', 'bucuresti::bucuresti::herastrau') ON CONFLICT DO NOTHING;
INSERT INTO zones (zone_id, region_name, county_name, sector_no, locality_name, zone_name, zone_slug, zone_type, parent_label, parent_zone_id, is_official, is_commercial, canonical_normalized_name) VALUES ('bucuresti::bucuresti::jiului', 'Bucuresti-Ilfov', 'Bucuresti', 1, 'Bucuresti', 'Jiului', 'jiului', 'cartier', 'Sector 1', NULL, FALSE, TRUE, 'jiului');
INSERT INTO zone_aliases (zone_id, alias, alias_normalized, alias_kind, confidence_weight) VALUES ('bucuresti::bucuresti::jiului', 'Jiului', 'jiului', 'alias', 1.0000), ('bucuresti::bucuresti::jiului', 'jiului', 'jiului', 'slug_variant', 0.9800);
INSERT INTO zone_aliases (zone_id, alias, alias_normalized, alias_kind, confidence_weight) VALUES ('bucuresti::bucuresti::jiului', 'Jiului Bucurestii Noi', 'jiului bucurestii noi', 'alias', 0.9700);
INSERT INTO zone_aliases (zone_id, alias, alias_normalized, alias_kind, confidence_weight) VALUES ('bucuresti::bucuresti::jiului', 'Jiului Metro', 'jiului metro', 'microzone', 0.9300);
INSERT INTO zone_aliases (zone_id, alias, alias_normalized, alias_kind, confidence_weight) VALUES ('bucuresti::bucuresti::jiului', 'Bucurestii Noi-Jiului-Straulesti', 'bucurestii noi jiului straulesti', 'cluster_label', 0.8800);
INSERT INTO zone_macro_areas (zone_id, macro_area_code) VALUES ('bucuresti::bucuresti::jiului', 'CENTRU_NORD');
INSERT INTO zone_macro_areas (zone_id, macro_area_code) VALUES ('bucuresti::bucuresti::jiului', 'NORD');
INSERT INTO zone_macro_areas (zone_id, macro_area_code) VALUES ('bucuresti::bucuresti::jiului', 'NORD_VEST');
INSERT INTO zone_adjacency (source_zone_id, target_zone_id, relation_type, relation_weight) VALUES ('bucuresti::bucuresti::jiului', 'bucuresti::bucuresti::bucurestii-noi', 'adjacent', 1.0000) ON CONFLICT DO NOTHING;
INSERT INTO zone_adjacency (source_zone_id, target_zone_id, relation_type, relation_weight) VALUES ('bucuresti::bucuresti::jiului', 'bucuresti::bucuresti::damaroaia', 'adjacent', 1.0000) ON CONFLICT DO NOTHING;
INSERT INTO zone_adjacency (source_zone_id, target_zone_id, relation_type, relation_weight) VALUES ('bucuresti::bucuresti::jiului', 'bucuresti::bucuresti::pajura', 'adjacent', 1.0000) ON CONFLICT DO NOTHING;
INSERT INTO zone_adjacency (source_zone_id, target_zone_id, relation_type, relation_weight) VALUES ('bucuresti::bucuresti::jiului', 'bucuresti::bucuresti::straulesti', 'adjacent', 1.0000) ON CONFLICT DO NOTHING;
INSERT INTO zone_clusters (cluster_id, cluster_name, cluster_slug, zone_id) VALUES ('cluster::bucurestii-noi-jiului-straulesti', 'Bucurestii Noi-Jiului-Straulesti', 'bucurestii-noi-jiului-straulesti', 'bucuresti::bucuresti::jiului') ON CONFLICT DO NOTHING;
INSERT INTO zones (zone_id, region_name, county_name, sector_no, locality_name, zone_name, zone_slug, zone_type, parent_label, parent_zone_id, is_official, is_commercial, canonical_normalized_name) VALUES ('bucuresti::bucuresti::pajura', 'Bucuresti-Ilfov', 'Bucuresti', 1, 'Bucuresti', 'Pajura', 'pajura', 'cartier', 'Sector 1', NULL, FALSE, TRUE, 'pajura');
INSERT INTO zone_aliases (zone_id, alias, alias_normalized, alias_kind, confidence_weight) VALUES ('bucuresti::bucuresti::pajura', 'Pajura', 'pajura', 'alias', 1.0000), ('bucuresti::bucuresti::pajura', 'pajura', 'pajura', 'slug_variant', 0.9800);
INSERT INTO zone_aliases (zone_id, alias, alias_normalized, alias_kind, confidence_weight) VALUES ('bucuresti::bucuresti::pajura', 'Pajura Domenii', 'pajura domenii', 'alias', 0.9700);
INSERT INTO zone_aliases (zone_id, alias, alias_normalized, alias_kind, confidence_weight) VALUES ('bucuresti::bucuresti::pajura', 'Pajura Metro', 'pajura metro', 'microzone', 0.9300);
INSERT INTO zone_aliases (zone_id, alias, alias_normalized, alias_kind, confidence_weight) VALUES ('bucuresti::bucuresti::pajura', 'Baneasa-Expozitiei-Casa Presei', 'baneasa expozitiei casa presei', 'cluster_label', 0.8800);
INSERT INTO zone_macro_areas (zone_id, macro_area_code) VALUES ('bucuresti::bucuresti::pajura', 'CENTRU_NORD');
INSERT INTO zone_macro_areas (zone_id, macro_area_code) VALUES ('bucuresti::bucuresti::pajura', 'NORD');
INSERT INTO zone_macro_areas (zone_id, macro_area_code) VALUES ('bucuresti::bucuresti::pajura', 'NORD_VEST');
INSERT INTO zone_adjacency (source_zone_id, target_zone_id, relation_type, relation_weight) VALUES ('bucuresti::bucuresti::pajura', 'bucuresti::bucuresti::baneasa', 'adjacent', 1.0000) ON CONFLICT DO NOTHING;
INSERT INTO zone_adjacency (source_zone_id, target_zone_id, relation_type, relation_weight) VALUES ('bucuresti::bucuresti::pajura', 'bucuresti::bucuresti::bucurestii-noi', 'adjacent', 1.0000) ON CONFLICT DO NOTHING;
INSERT INTO zone_adjacency (source_zone_id, target_zone_id, relation_type, relation_weight) VALUES ('bucuresti::bucuresti::pajura', 'bucuresti::bucuresti::jiului', 'adjacent', 1.0000) ON CONFLICT DO NOTHING;
INSERT INTO zone_adjacency (source_zone_id, target_zone_id, relation_type, relation_weight) VALUES ('bucuresti::bucuresti::pajura', 'bucuresti::bucuresti::domenii', 'adjacent', 1.0000) ON CONFLICT DO NOTHING;
INSERT INTO zone_adjacency (source_zone_id, target_zone_id, relation_type, relation_weight) VALUES ('bucuresti::bucuresti::pajura', 'bucuresti::bucuresti::casa-presei', 'adjacent', 1.0000) ON CONFLICT DO NOTHING;
INSERT INTO zone_clusters (cluster_id, cluster_name, cluster_slug, zone_id) VALUES ('cluster::baneasa-expozitiei-casa-presei', 'Baneasa-Expozitiei-Casa Presei', 'baneasa-expozitiei-casa-presei', 'bucuresti::bucuresti::pajura') ON CONFLICT DO NOTHING;
INSERT INTO zones (zone_id, region_name, county_name, sector_no, locality_name, zone_name, zone_slug, zone_type, parent_label, parent_zone_id, is_official, is_commercial, canonical_normalized_name) VALUES ('bucuresti::bucuresti::piata-victoriei', 'Bucuresti-Ilfov', 'Bucuresti', 1, 'Bucuresti', 'Piata Victoriei', 'piata-victoriei', 'cartier', 'Sector 1', NULL, FALSE, TRUE, 'piata victoriei');
INSERT INTO zone_aliases (zone_id, alias, alias_normalized, alias_kind, confidence_weight) VALUES ('bucuresti::bucuresti::piata-victoriei', 'Piata Victoriei', 'piata victoriei', 'alias', 1.0000), ('bucuresti::bucuresti::piata-victoriei', 'piata victoriei', 'piata victoriei', 'slug_variant', 0.9800);
INSERT INTO zone_aliases (zone_id, alias, alias_normalized, alias_kind, confidence_weight) VALUES ('bucuresti::bucuresti::piata-victoriei', 'Victoriei', 'victoriei', 'alias', 0.9700);
INSERT INTO zone_aliases (zone_id, alias, alias_normalized, alias_kind, confidence_weight) VALUES ('bucuresti::bucuresti::piata-victoriei', 'Banu Manta', 'banu manta', 'microzone', 0.9300);
INSERT INTO zone_aliases (zone_id, alias, alias_normalized, alias_kind, confidence_weight) VALUES ('bucuresti::bucuresti::piata-victoriei', 'Titulescu', 'titulescu', 'microzone', 0.9300);
INSERT INTO zone_aliases (zone_id, alias, alias_normalized, alias_kind, confidence_weight) VALUES ('bucuresti::bucuresti::piata-victoriei', 'Victoriei-Dorobanti', 'victoriei dorobanti', 'cluster_label', 0.8800);
INSERT INTO zone_macro_areas (zone_id, macro_area_code) VALUES ('bucuresti::bucuresti::piata-victoriei', 'CENTRU_NORD');
INSERT INTO zone_macro_areas (zone_id, macro_area_code) VALUES ('bucuresti::bucuresti::piata-victoriei', 'NORD');
INSERT INTO zone_macro_areas (zone_id, macro_area_code) VALUES ('bucuresti::bucuresti::piata-victoriei', 'NORD_VEST');
INSERT INTO zone_adjacency (source_zone_id, target_zone_id, relation_type, relation_weight) VALUES ('bucuresti::bucuresti::piata-victoriei', 'bucuresti::bucuresti::aviatorilor', 'adjacent', 1.0000) ON CONFLICT DO NOTHING;
INSERT INTO zone_adjacency (source_zone_id, target_zone_id, relation_type, relation_weight) VALUES ('bucuresti::bucuresti::piata-victoriei', 'bucuresti::bucuresti::dorobanti', 'adjacent', 1.0000) ON CONFLICT DO NOTHING;
INSERT INTO zone_adjacency (source_zone_id, target_zone_id, relation_type, relation_weight) VALUES ('bucuresti::bucuresti::piata-victoriei', 'bucuresti::bucuresti::1-mai', 'adjacent', 1.0000) ON CONFLICT DO NOTHING;
INSERT INTO zone_adjacency (source_zone_id, target_zone_id, relation_type, relation_weight) VALUES ('bucuresti::bucuresti::piata-victoriei', 'bucuresti::bucuresti::domenii', 'adjacent', 1.0000) ON CONFLICT DO NOTHING;
INSERT INTO zone_clusters (cluster_id, cluster_name, cluster_slug, zone_id) VALUES ('cluster::victoriei-dorobanti', 'Victoriei-Dorobanti', 'victoriei-dorobanti', 'bucuresti::bucuresti::piata-victoriei') ON CONFLICT DO NOTHING;
INSERT INTO zones (zone_id, region_name, county_name, sector_no, locality_name, zone_name, zone_slug, zone_type, parent_label, parent_zone_id, is_official, is_commercial, canonical_normalized_name) VALUES ('bucuresti::bucuresti::primaverii', 'Bucuresti-Ilfov', 'Bucuresti', 1, 'Bucuresti', 'Primaverii', 'primaverii', 'cartier', 'Sector 1', NULL, FALSE, TRUE, 'primaverii');
INSERT INTO zone_aliases (zone_id, alias, alias_normalized, alias_kind, confidence_weight) VALUES ('bucuresti::bucuresti::primaverii', 'Primaverii', 'primaverii', 'alias', 1.0000), ('bucuresti::bucuresti::primaverii', 'primaverii', 'primaverii', 'slug_variant', 0.9800);
INSERT INTO zone_aliases (zone_id, alias, alias_normalized, alias_kind, confidence_weight) VALUES ('bucuresti::bucuresti::primaverii', 'Primaverii Herastrau', 'primaverii herastrau', 'alias', 0.9700);
INSERT INTO zone_aliases (zone_id, alias, alias_normalized, alias_kind, confidence_weight) VALUES ('bucuresti::bucuresti::primaverii', 'Charles de Gaulle', 'charles de gaulle', 'microzone', 0.9300);
INSERT INTO zone_aliases (zone_id, alias, alias_normalized, alias_kind, confidence_weight) VALUES ('bucuresti::bucuresti::primaverii', 'Herastrau-Aviatorilor-Primaverii', 'herastrau aviatorilor primaverii', 'cluster_label', 0.8800);
INSERT INTO zone_macro_areas (zone_id, macro_area_code) VALUES ('bucuresti::bucuresti::primaverii', 'CENTRU_NORD');
INSERT INTO zone_macro_areas (zone_id, macro_area_code) VALUES ('bucuresti::bucuresti::primaverii', 'NORD');
INSERT INTO zone_macro_areas (zone_id, macro_area_code) VALUES ('bucuresti::bucuresti::primaverii', 'NORD_VEST');
INSERT INTO zone_adjacency (source_zone_id, target_zone_id, relation_type, relation_weight) VALUES ('bucuresti::bucuresti::primaverii', 'bucuresti::bucuresti::aviatorilor', 'adjacent', 1.0000) ON CONFLICT DO NOTHING;
INSERT INTO zone_adjacency (source_zone_id, target_zone_id, relation_type, relation_weight) VALUES ('bucuresti::bucuresti::primaverii', 'bucuresti::bucuresti::dorobanti', 'adjacent', 1.0000) ON CONFLICT DO NOTHING;
INSERT INTO zone_adjacency (source_zone_id, target_zone_id, relation_type, relation_weight) VALUES ('bucuresti::bucuresti::primaverii', 'bucuresti::bucuresti::herastrau', 'adjacent', 1.0000) ON CONFLICT DO NOTHING;
INSERT INTO zone_clusters (cluster_id, cluster_name, cluster_slug, zone_id) VALUES ('cluster::herastrau-aviatorilor-primaverii', 'Herastrau-Aviatorilor-Primaverii', 'herastrau-aviatorilor-primaverii', 'bucuresti::bucuresti::primaverii') ON CONFLICT DO NOTHING;
INSERT INTO zones (zone_id, region_name, county_name, sector_no, locality_name, zone_name, zone_slug, zone_type, parent_label, parent_zone_id, is_official, is_commercial, canonical_normalized_name) VALUES ('bucuresti::bucuresti::romexpo-expozitiei', 'Bucuresti-Ilfov', 'Bucuresti', 1, 'Bucuresti', 'Romexpo Expozitiei', 'romexpo-expozitiei', 'cartier', 'Sector 1', NULL, FALSE, TRUE, 'romexpo expozitiei');
INSERT INTO zone_aliases (zone_id, alias, alias_normalized, alias_kind, confidence_weight) VALUES ('bucuresti::bucuresti::romexpo-expozitiei', 'Romexpo Expozitiei', 'romexpo expozitiei', 'alias', 1.0000), ('bucuresti::bucuresti::romexpo-expozitiei', 'romexpo expozitiei', 'romexpo expozitiei', 'slug_variant', 0.9800);
INSERT INTO zone_aliases (zone_id, alias, alias_normalized, alias_kind, confidence_weight) VALUES ('bucuresti::bucuresti::romexpo-expozitiei', 'Romexpo', 'romexpo', 'alias', 0.9700);
INSERT INTO zone_aliases (zone_id, alias, alias_normalized, alias_kind, confidence_weight) VALUES ('bucuresti::bucuresti::romexpo-expozitiei', 'Expozitiei', 'expozitiei', 'alias', 0.9700);
INSERT INTO zone_aliases (zone_id, alias, alias_normalized, alias_kind, confidence_weight) VALUES ('bucuresti::bucuresti::romexpo-expozitiei', 'Bd Expozitiei', 'bd expozitiei', 'alias', 0.9700);
INSERT INTO zone_aliases (zone_id, alias, alias_normalized, alias_kind, confidence_weight) VALUES ('bucuresti::bucuresti::romexpo-expozitiei', 'Piata Montreal', 'piata montreal', 'microzone', 0.9300);
INSERT INTO zone_aliases (zone_id, alias, alias_normalized, alias_kind, confidence_weight) VALUES ('bucuresti::bucuresti::romexpo-expozitiei', 'Romexpo', 'romexpo', 'microzone', 0.9300);
INSERT INTO zone_aliases (zone_id, alias, alias_normalized, alias_kind, confidence_weight) VALUES ('bucuresti::bucuresti::romexpo-expozitiei', 'Baneasa-Expozitiei-Casa Presei', 'baneasa expozitiei casa presei', 'cluster_label', 0.8800);
INSERT INTO zone_macro_areas (zone_id, macro_area_code) VALUES ('bucuresti::bucuresti::romexpo-expozitiei', 'CENTRU_NORD');
INSERT INTO zone_macro_areas (zone_id, macro_area_code) VALUES ('bucuresti::bucuresti::romexpo-expozitiei', 'NORD');
INSERT INTO zone_macro_areas (zone_id, macro_area_code) VALUES ('bucuresti::bucuresti::romexpo-expozitiei', 'NORD_VEST');
INSERT INTO zone_adjacency (source_zone_id, target_zone_id, relation_type, relation_weight) VALUES ('bucuresti::bucuresti::romexpo-expozitiei', 'bucuresti::bucuresti::casa-presei', 'adjacent', 1.0000) ON CONFLICT DO NOTHING;
INSERT INTO zone_adjacency (source_zone_id, target_zone_id, relation_type, relation_weight) VALUES ('bucuresti::bucuresti::romexpo-expozitiei', 'bucuresti::bucuresti::baneasa', 'adjacent', 1.0000) ON CONFLICT DO NOTHING;
INSERT INTO zone_adjacency (source_zone_id, target_zone_id, relation_type, relation_weight) VALUES ('bucuresti::bucuresti::romexpo-expozitiei', 'bucuresti::bucuresti::pajura', 'adjacent', 1.0000) ON CONFLICT DO NOTHING;
INSERT INTO zone_clusters (cluster_id, cluster_name, cluster_slug, zone_id) VALUES ('cluster::baneasa-expozitiei-casa-presei', 'Baneasa-Expozitiei-Casa Presei', 'baneasa-expozitiei-casa-presei', 'bucuresti::bucuresti::romexpo-expozitiei') ON CONFLICT DO NOTHING;
INSERT INTO zones (zone_id, region_name, county_name, sector_no, locality_name, zone_name, zone_slug, zone_type, parent_label, parent_zone_id, is_official, is_commercial, canonical_normalized_name) VALUES ('bucuresti::bucuresti::straulesti', 'Bucuresti-Ilfov', 'Bucuresti', 1, 'Bucuresti', 'Straulesti', 'straulesti', 'cartier', 'Sector 1', NULL, FALSE, TRUE, 'straulesti');
INSERT INTO zone_aliases (zone_id, alias, alias_normalized, alias_kind, confidence_weight) VALUES ('bucuresti::bucuresti::straulesti', 'Straulesti', 'straulesti', 'alias', 1.0000), ('bucuresti::bucuresti::straulesti', 'straulesti', 'straulesti', 'slug_variant', 0.9800);
INSERT INTO zone_aliases (zone_id, alias, alias_normalized, alias_kind, confidence_weight) VALUES ('bucuresti::bucuresti::straulesti', 'Straulesti Bucurestii Noi', 'straulesti bucurestii noi', 'alias', 0.9700);
INSERT INTO zone_aliases (zone_id, alias, alias_normalized, alias_kind, confidence_weight) VALUES ('bucuresti::bucuresti::straulesti', 'Petrom City prox', 'petrom city prox', 'microzone', 0.9300);
INSERT INTO zone_aliases (zone_id, alias, alias_normalized, alias_kind, confidence_weight) VALUES ('bucuresti::bucuresti::straulesti', 'Bucurestii Noi-Jiului-Straulesti', 'bucurestii noi jiului straulesti', 'cluster_label', 0.8800);
INSERT INTO zone_macro_areas (zone_id, macro_area_code) VALUES ('bucuresti::bucuresti::straulesti', 'CENTRU_NORD');
INSERT INTO zone_macro_areas (zone_id, macro_area_code) VALUES ('bucuresti::bucuresti::straulesti', 'NORD');
INSERT INTO zone_macro_areas (zone_id, macro_area_code) VALUES ('bucuresti::bucuresti::straulesti', 'NORD_VEST');
INSERT INTO zone_adjacency (source_zone_id, target_zone_id, relation_type, relation_weight) VALUES ('bucuresti::bucuresti::straulesti', 'bucuresti::bucuresti::bucurestii-noi', 'adjacent', 1.0000) ON CONFLICT DO NOTHING;
INSERT INTO zone_adjacency (source_zone_id, target_zone_id, relation_type, relation_weight) VALUES ('bucuresti::bucuresti::straulesti', 'bucuresti::bucuresti::jiului', 'adjacent', 1.0000) ON CONFLICT DO NOTHING;
INSERT INTO zone_adjacency (source_zone_id, target_zone_id, relation_type, relation_weight) VALUES ('bucuresti::bucuresti::straulesti', 'ilfov::chitila::chitila', 'adjacent', 1.0000) ON CONFLICT DO NOTHING;
INSERT INTO zone_adjacency (source_zone_id, target_zone_id, relation_type, relation_weight) VALUES ('bucuresti::bucuresti::straulesti', 'ilfov::mogosoaia::mogosoaia', 'adjacent', 1.0000) ON CONFLICT DO NOTHING;
INSERT INTO zone_clusters (cluster_id, cluster_name, cluster_slug, zone_id) VALUES ('cluster::bucurestii-noi-jiului-straulesti', 'Bucurestii Noi-Jiului-Straulesti', 'bucurestii-noi-jiului-straulesti', 'bucuresti::bucuresti::straulesti') ON CONFLICT DO NOTHING;
INSERT INTO zones (zone_id, region_name, county_name, sector_no, locality_name, zone_name, zone_slug, zone_type, parent_label, parent_zone_id, is_official, is_commercial, canonical_normalized_name) VALUES ('bucuresti::bucuresti::sisesti', 'Bucuresti-Ilfov', 'Bucuresti', 1, 'Bucuresti', 'Sisesti', 'sisesti', 'cartier', 'Sector 1', NULL, FALSE, TRUE, 'sisesti');
INSERT INTO zone_aliases (zone_id, alias, alias_normalized, alias_kind, confidence_weight) VALUES ('bucuresti::bucuresti::sisesti', 'Sisesti', 'sisesti', 'alias', 1.0000), ('bucuresti::bucuresti::sisesti', 'sisesti', 'sisesti', 'slug_variant', 0.9800);
INSERT INTO zone_aliases (zone_id, alias, alias_normalized, alias_kind, confidence_weight) VALUES ('bucuresti::bucuresti::sisesti', 'Sisesti Baneasa', 'sisesti baneasa', 'alias', 0.9700);
INSERT INTO zone_aliases (zone_id, alias, alias_normalized, alias_kind, confidence_weight) VALUES ('bucuresti::bucuresti::sisesti', 'Jandarmeriei', 'jandarmeriei', 'microzone', 0.9300);
INSERT INTO zone_aliases (zone_id, alias, alias_normalized, alias_kind, confidence_weight) VALUES ('bucuresti::bucuresti::sisesti', 'Greenfield access', 'greenfield access', 'microzone', 0.9300);
INSERT INTO zone_aliases (zone_id, alias, alias_normalized, alias_kind, confidence_weight) VALUES ('bucuresti::bucuresti::sisesti', 'Baneasa-Sisesti-Jandarmeriei', 'baneasa sisesti jandarmeriei', 'cluster_label', 0.8800);
INSERT INTO zone_macro_areas (zone_id, macro_area_code) VALUES ('bucuresti::bucuresti::sisesti', 'CENTRU_NORD');
INSERT INTO zone_macro_areas (zone_id, macro_area_code) VALUES ('bucuresti::bucuresti::sisesti', 'NORD');
INSERT INTO zone_macro_areas (zone_id, macro_area_code) VALUES ('bucuresti::bucuresti::sisesti', 'NORD_VEST');
INSERT INTO zone_adjacency (source_zone_id, target_zone_id, relation_type, relation_weight) VALUES ('bucuresti::bucuresti::sisesti', 'bucuresti::bucuresti::baneasa', 'adjacent', 1.0000) ON CONFLICT DO NOTHING;
INSERT INTO zone_adjacency (source_zone_id, target_zone_id, relation_type, relation_weight) VALUES ('bucuresti::bucuresti::sisesti', 'ilfov::mogosoaia::mogosoaia', 'adjacent', 1.0000) ON CONFLICT DO NOTHING;
INSERT INTO zone_adjacency (source_zone_id, target_zone_id, relation_type, relation_weight) VALUES ('bucuresti::bucuresti::sisesti', 'ilfov::otopeni::otopeni', 'adjacent', 1.0000) ON CONFLICT DO NOTHING;
INSERT INTO zone_clusters (cluster_id, cluster_name, cluster_slug, zone_id) VALUES ('cluster::baneasa-sisesti-jandarmeriei', 'Baneasa-Sisesti-Jandarmeriei', 'baneasa-sisesti-jandarmeriei', 'bucuresti::bucuresti::sisesti') ON CONFLICT DO NOTHING;
INSERT INTO zones (zone_id, region_name, county_name, sector_no, locality_name, zone_name, zone_slug, zone_type, parent_label, parent_zone_id, is_official, is_commercial, canonical_normalized_name) VALUES ('bucuresti::bucuresti::andronache', 'Bucuresti-Ilfov', 'Bucuresti', 2, 'Bucuresti', 'Andronache', 'andronache', 'cartier', 'Sector 2', NULL, FALSE, TRUE, 'andronache');
INSERT INTO zone_aliases (zone_id, alias, alias_normalized, alias_kind, confidence_weight) VALUES ('bucuresti::bucuresti::andronache', 'Andronache', 'andronache', 'alias', 1.0000), ('bucuresti::bucuresti::andronache', 'andronache', 'andronache', 'slug_variant', 0.9800);
INSERT INTO zone_aliases (zone_id, alias, alias_normalized, alias_kind, confidence_weight) VALUES ('bucuresti::bucuresti::andronache', 'Andronache Case', 'andronache case', 'alias', 0.9700);
INSERT INTO zone_aliases (zone_id, alias, alias_normalized, alias_kind, confidence_weight) VALUES ('bucuresti::bucuresti::andronache', 'Andronache Vechi', 'andronache vechi', 'microzone', 0.9300);
INSERT INTO zone_aliases (zone_id, alias, alias_normalized, alias_kind, confidence_weight) VALUES ('bucuresti::bucuresti::andronache', 'Colentina-Fundeni-Andronache', 'colentina fundeni andronache', 'cluster_label', 0.8800);
INSERT INTO zone_macro_areas (zone_id, macro_area_code) VALUES ('bucuresti::bucuresti::andronache', 'CENTRU');
INSERT INTO zone_macro_areas (zone_id, macro_area_code) VALUES ('bucuresti::bucuresti::andronache', 'CENTRU_NORD');
INSERT INTO zone_macro_areas (zone_id, macro_area_code) VALUES ('bucuresti::bucuresti::andronache', 'NORD_EST');
INSERT INTO zone_macro_areas (zone_id, macro_area_code) VALUES ('bucuresti::bucuresti::andronache', 'EST');
INSERT INTO zone_adjacency (source_zone_id, target_zone_id, relation_type, relation_weight) VALUES ('bucuresti::bucuresti::andronache', 'bucuresti::bucuresti::colentina', 'adjacent', 1.0000) ON CONFLICT DO NOTHING;
INSERT INTO zone_adjacency (source_zone_id, target_zone_id, relation_type, relation_weight) VALUES ('bucuresti::bucuresti::andronache', 'bucuresti::bucuresti::fundeni', 'adjacent', 1.0000) ON CONFLICT DO NOTHING;
INSERT INTO zone_adjacency (source_zone_id, target_zone_id, relation_type, relation_weight) VALUES ('bucuresti::bucuresti::andronache', 'ilfov::voluntari::voluntari', 'adjacent', 1.0000) ON CONFLICT DO NOTHING;
INSERT INTO zone_clusters (cluster_id, cluster_name, cluster_slug, zone_id) VALUES ('cluster::colentina-fundeni-andronache', 'Colentina-Fundeni-Andronache', 'colentina-fundeni-andronache', 'bucuresti::bucuresti::andronache') ON CONFLICT DO NOTHING;
INSERT INTO zones (zone_id, region_name, county_name, sector_no, locality_name, zone_name, zone_slug, zone_type, parent_label, parent_zone_id, is_official, is_commercial, canonical_normalized_name) VALUES ('bucuresti::bucuresti::baicului', 'Bucuresti-Ilfov', 'Bucuresti', 2, 'Bucuresti', 'Baicului', 'baicului', 'cartier', 'Sector 2', NULL, FALSE, TRUE, 'baicului');
INSERT INTO zone_aliases (zone_id, alias, alias_normalized, alias_kind, confidence_weight) VALUES ('bucuresti::bucuresti::baicului', 'Baicului', 'baicului', 'alias', 1.0000), ('bucuresti::bucuresti::baicului', 'baicului', 'baicului', 'slug_variant', 0.9800);
INSERT INTO zone_aliases (zone_id, alias, alias_normalized, alias_kind, confidence_weight) VALUES ('bucuresti::bucuresti::baicului', 'Baicului Pantelimon', 'baicului pantelimon', 'alias', 0.9700);
INSERT INTO zone_aliases (zone_id, alias, alias_normalized, alias_kind, confidence_weight) VALUES ('bucuresti::bucuresti::baicului', 'Morarilor', 'morarilor', 'microzone', 0.9300);
INSERT INTO zone_aliases (zone_id, alias, alias_normalized, alias_kind, confidence_weight) VALUES ('bucuresti::bucuresti::baicului', 'Baicului Sud', 'baicului sud', 'microzone', 0.9300);
INSERT INTO zone_aliases (zone_id, alias, alias_normalized, alias_kind, confidence_weight) VALUES ('bucuresti::bucuresti::baicului', 'Pantelimon-Morarilor-Baicului', 'pantelimon morarilor baicului', 'cluster_label', 0.8800);
INSERT INTO zone_macro_areas (zone_id, macro_area_code) VALUES ('bucuresti::bucuresti::baicului', 'CENTRU');
INSERT INTO zone_macro_areas (zone_id, macro_area_code) VALUES ('bucuresti::bucuresti::baicului', 'CENTRU_NORD');
INSERT INTO zone_macro_areas (zone_id, macro_area_code) VALUES ('bucuresti::bucuresti::baicului', 'NORD_EST');
INSERT INTO zone_macro_areas (zone_id, macro_area_code) VALUES ('bucuresti::bucuresti::baicului', 'EST');
INSERT INTO zone_adjacency (source_zone_id, target_zone_id, relation_type, relation_weight) VALUES ('bucuresti::bucuresti::baicului', 'ilfov::pantelimon::pantelimon', 'adjacent', 1.0000) ON CONFLICT DO NOTHING;
INSERT INTO zone_adjacency (source_zone_id, target_zone_id, relation_type, relation_weight) VALUES ('bucuresti::bucuresti::baicului', 'bucuresti::bucuresti::obor', 'adjacent', 1.0000) ON CONFLICT DO NOTHING;
INSERT INTO zone_adjacency (source_zone_id, target_zone_id, relation_type, relation_weight) VALUES ('bucuresti::bucuresti::baicului', 'bucuresti::bucuresti::iancului', 'adjacent', 1.0000) ON CONFLICT DO NOTHING;
INSERT INTO zone_clusters (cluster_id, cluster_name, cluster_slug, zone_id) VALUES ('cluster::pantelimon-morarilor-baicului', 'Pantelimon-Morarilor-Baicului', 'pantelimon-morarilor-baicului', 'bucuresti::bucuresti::baicului') ON CONFLICT DO NOTHING;
INSERT INTO zones (zone_id, region_name, county_name, sector_no, locality_name, zone_name, zone_slug, zone_type, parent_label, parent_zone_id, is_official, is_commercial, canonical_normalized_name) VALUES ('bucuresti::bucuresti::colentina', 'Bucuresti-Ilfov', 'Bucuresti', 2, 'Bucuresti', 'Colentina', 'colentina', 'cartier', 'Sector 2', NULL, FALSE, TRUE, 'colentina');
INSERT INTO zone_aliases (zone_id, alias, alias_normalized, alias_kind, confidence_weight) VALUES ('bucuresti::bucuresti::colentina', 'Colentina', 'colentina', 'alias', 1.0000), ('bucuresti::bucuresti::colentina', 'colentina', 'colentina', 'slug_variant', 0.9800);
INSERT INTO zone_aliases (zone_id, alias, alias_normalized, alias_kind, confidence_weight) VALUES ('bucuresti::bucuresti::colentina', 'Sos Colentina', 'sos colentina', 'alias', 0.9700);
INSERT INTO zone_aliases (zone_id, alias, alias_normalized, alias_kind, confidence_weight) VALUES ('bucuresti::bucuresti::colentina', 'Soseaua Colentina', 'soseaua colentina', 'microzone', 0.9300);
INSERT INTO zone_aliases (zone_id, alias, alias_normalized, alias_kind, confidence_weight) VALUES ('bucuresti::bucuresti::colentina', 'Plumbuita', 'plumbuita', 'microzone', 0.9300);
INSERT INTO zone_aliases (zone_id, alias, alias_normalized, alias_kind, confidence_weight) VALUES ('bucuresti::bucuresti::colentina', 'Colentina-Fundeni-Andronache', 'colentina fundeni andronache', 'cluster_label', 0.8800);
INSERT INTO zone_macro_areas (zone_id, macro_area_code) VALUES ('bucuresti::bucuresti::colentina', 'CENTRU');
INSERT INTO zone_macro_areas (zone_id, macro_area_code) VALUES ('bucuresti::bucuresti::colentina', 'CENTRU_NORD');
INSERT INTO zone_macro_areas (zone_id, macro_area_code) VALUES ('bucuresti::bucuresti::colentina', 'NORD_EST');
INSERT INTO zone_macro_areas (zone_id, macro_area_code) VALUES ('bucuresti::bucuresti::colentina', 'EST');
INSERT INTO zone_adjacency (source_zone_id, target_zone_id, relation_type, relation_weight) VALUES ('bucuresti::bucuresti::colentina', 'bucuresti::bucuresti::andronache', 'adjacent', 1.0000) ON CONFLICT DO NOTHING;
INSERT INTO zone_adjacency (source_zone_id, target_zone_id, relation_type, relation_weight) VALUES ('bucuresti::bucuresti::colentina', 'bucuresti::bucuresti::fundeni', 'adjacent', 1.0000) ON CONFLICT DO NOTHING;
INSERT INTO zone_adjacency (source_zone_id, target_zone_id, relation_type, relation_weight) VALUES ('bucuresti::bucuresti::colentina', 'bucuresti::bucuresti::obor', 'adjacent', 1.0000) ON CONFLICT DO NOTHING;
INSERT INTO zone_adjacency (source_zone_id, target_zone_id, relation_type, relation_weight) VALUES ('bucuresti::bucuresti::colentina', 'bucuresti::bucuresti::tei', 'adjacent', 1.0000) ON CONFLICT DO NOTHING;
INSERT INTO zone_clusters (cluster_id, cluster_name, cluster_slug, zone_id) VALUES ('cluster::colentina-fundeni-andronache', 'Colentina-Fundeni-Andronache', 'colentina-fundeni-andronache', 'bucuresti::bucuresti::colentina') ON CONFLICT DO NOTHING;
INSERT INTO zones (zone_id, region_name, county_name, sector_no, locality_name, zone_name, zone_slug, zone_type, parent_label, parent_zone_id, is_official, is_commercial, canonical_normalized_name) VALUES ('bucuresti::bucuresti::fundeni', 'Bucuresti-Ilfov', 'Bucuresti', 2, 'Bucuresti', 'Fundeni', 'fundeni', 'cartier', 'Sector 2', NULL, FALSE, TRUE, 'fundeni');
INSERT INTO zone_aliases (zone_id, alias, alias_normalized, alias_kind, confidence_weight) VALUES ('bucuresti::bucuresti::fundeni', 'Fundeni', 'fundeni', 'alias', 1.0000), ('bucuresti::bucuresti::fundeni', 'fundeni', 'fundeni', 'slug_variant', 0.9800);
INSERT INTO zone_aliases (zone_id, alias, alias_normalized, alias_kind, confidence_weight) VALUES ('bucuresti::bucuresti::fundeni', 'Spital Fundeni', 'spital fundeni', 'alias', 0.9700);
INSERT INTO zone_aliases (zone_id, alias, alias_normalized, alias_kind, confidence_weight) VALUES ('bucuresti::bucuresti::fundeni', 'Fundeni Dobroiesti', 'fundeni dobroiesti', 'alias', 0.9700);
INSERT INTO zone_aliases (zone_id, alias, alias_normalized, alias_kind, confidence_weight) VALUES ('bucuresti::bucuresti::fundeni', 'Soseaua Fundeni', 'soseaua fundeni', 'microzone', 0.9300);
INSERT INTO zone_aliases (zone_id, alias, alias_normalized, alias_kind, confidence_weight) VALUES ('bucuresti::bucuresti::fundeni', 'Colentina-Fundeni-Andronache', 'colentina fundeni andronache', 'cluster_label', 0.8800);
INSERT INTO zone_macro_areas (zone_id, macro_area_code) VALUES ('bucuresti::bucuresti::fundeni', 'CENTRU');
INSERT INTO zone_macro_areas (zone_id, macro_area_code) VALUES ('bucuresti::bucuresti::fundeni', 'CENTRU_NORD');
INSERT INTO zone_macro_areas (zone_id, macro_area_code) VALUES ('bucuresti::bucuresti::fundeni', 'NORD_EST');
INSERT INTO zone_macro_areas (zone_id, macro_area_code) VALUES ('bucuresti::bucuresti::fundeni', 'EST');
INSERT INTO zone_adjacency (source_zone_id, target_zone_id, relation_type, relation_weight) VALUES ('bucuresti::bucuresti::fundeni', 'bucuresti::bucuresti::colentina', 'adjacent', 1.0000) ON CONFLICT DO NOTHING;
INSERT INTO zone_adjacency (source_zone_id, target_zone_id, relation_type, relation_weight) VALUES ('bucuresti::bucuresti::fundeni', 'bucuresti::bucuresti::andronache', 'adjacent', 1.0000) ON CONFLICT DO NOTHING;
INSERT INTO zone_adjacency (source_zone_id, target_zone_id, relation_type, relation_weight) VALUES ('bucuresti::bucuresti::fundeni', 'ilfov::dobroesti::dobroesti', 'adjacent', 1.0000) ON CONFLICT DO NOTHING;
INSERT INTO zone_clusters (cluster_id, cluster_name, cluster_slug, zone_id) VALUES ('cluster::colentina-fundeni-andronache', 'Colentina-Fundeni-Andronache', 'colentina-fundeni-andronache', 'bucuresti::bucuresti::fundeni') ON CONFLICT DO NOTHING;
INSERT INTO zones (zone_id, region_name, county_name, sector_no, locality_name, zone_name, zone_slug, zone_type, parent_label, parent_zone_id, is_official, is_commercial, canonical_normalized_name) VALUES ('bucuresti::bucuresti::iancului', 'Bucuresti-Ilfov', 'Bucuresti', 2, 'Bucuresti', 'Iancului', 'iancului', 'cartier', 'Sector 2', NULL, FALSE, TRUE, 'iancului');
INSERT INTO zone_aliases (zone_id, alias, alias_normalized, alias_kind, confidence_weight) VALUES ('bucuresti::bucuresti::iancului', 'Iancului', 'iancului', 'alias', 1.0000), ('bucuresti::bucuresti::iancului', 'iancului', 'iancului', 'slug_variant', 0.9800);
INSERT INTO zone_aliases (zone_id, alias, alias_normalized, alias_kind, confidence_weight) VALUES ('bucuresti::bucuresti::iancului', 'Piata Iancului', 'piata iancului', 'alias', 0.9700);
INSERT INTO zone_aliases (zone_id, alias, alias_normalized, alias_kind, confidence_weight) VALUES ('bucuresti::bucuresti::iancului', 'Mihai Bravu Iancului', 'mihai bravu iancului', 'microzone', 0.9300);
INSERT INTO zone_aliases (zone_id, alias, alias_normalized, alias_kind, confidence_weight) VALUES ('bucuresti::bucuresti::iancului', 'Obor-Iancului-Ferdinand', 'obor iancului ferdinand', 'cluster_label', 0.8800);
INSERT INTO zone_macro_areas (zone_id, macro_area_code) VALUES ('bucuresti::bucuresti::iancului', 'CENTRU');
INSERT INTO zone_macro_areas (zone_id, macro_area_code) VALUES ('bucuresti::bucuresti::iancului', 'CENTRU_NORD');
INSERT INTO zone_macro_areas (zone_id, macro_area_code) VALUES ('bucuresti::bucuresti::iancului', 'NORD_EST');
INSERT INTO zone_macro_areas (zone_id, macro_area_code) VALUES ('bucuresti::bucuresti::iancului', 'EST');
INSERT INTO zone_adjacency (source_zone_id, target_zone_id, relation_type, relation_weight) VALUES ('bucuresti::bucuresti::iancului', 'bucuresti::bucuresti::obor', 'adjacent', 1.0000) ON CONFLICT DO NOTHING;
INSERT INTO zone_adjacency (source_zone_id, target_zone_id, relation_type, relation_weight) VALUES ('bucuresti::bucuresti::iancului', 'ilfov::pantelimon::pantelimon', 'adjacent', 1.0000) ON CONFLICT DO NOTHING;
INSERT INTO zone_adjacency (source_zone_id, target_zone_id, relation_type, relation_weight) VALUES ('bucuresti::bucuresti::iancului', 'bucuresti::bucuresti::muncii', 'adjacent', 1.0000) ON CONFLICT DO NOTHING;
INSERT INTO zone_clusters (cluster_id, cluster_name, cluster_slug, zone_id) VALUES ('cluster::obor-iancului-ferdinand', 'Obor-Iancului-Ferdinand', 'obor-iancului-ferdinand', 'bucuresti::bucuresti::iancului') ON CONFLICT DO NOTHING;
INSERT INTO zones (zone_id, region_name, county_name, sector_no, locality_name, zone_name, zone_slug, zone_type, parent_label, parent_zone_id, is_official, is_commercial, canonical_normalized_name) VALUES ('bucuresti::bucuresti::ion-creanga', 'Bucuresti-Ilfov', 'Bucuresti', 2, 'Bucuresti', 'Ion Creanga', 'ion-creanga', 'cartier', 'Sector 2', NULL, FALSE, TRUE, 'ion creanga');
INSERT INTO zone_aliases (zone_id, alias, alias_normalized, alias_kind, confidence_weight) VALUES ('bucuresti::bucuresti::ion-creanga', 'Ion Creanga', 'ion creanga', 'alias', 1.0000), ('bucuresti::bucuresti::ion-creanga', 'ion creanga', 'ion creanga', 'slug_variant', 0.9800);
INSERT INTO zone_aliases (zone_id, alias, alias_normalized, alias_kind, confidence_weight) VALUES ('bucuresti::bucuresti::ion-creanga', 'Ion Creanga Obor', 'ion creanga obor', 'alias', 0.9700);
INSERT INTO zone_aliases (zone_id, alias, alias_normalized, alias_kind, confidence_weight) VALUES ('bucuresti::bucuresti::ion-creanga', 'Baicului prox', 'baicului prox', 'microzone', 0.9300);
INSERT INTO zone_aliases (zone_id, alias, alias_normalized, alias_kind, confidence_weight) VALUES ('bucuresti::bucuresti::ion-creanga', 'Obor-Iancului-Ferdinand', 'obor iancului ferdinand', 'cluster_label', 0.8800);
INSERT INTO zone_macro_areas (zone_id, macro_area_code) VALUES ('bucuresti::bucuresti::ion-creanga', 'CENTRU');
INSERT INTO zone_macro_areas (zone_id, macro_area_code) VALUES ('bucuresti::bucuresti::ion-creanga', 'CENTRU_NORD');
INSERT INTO zone_macro_areas (zone_id, macro_area_code) VALUES ('bucuresti::bucuresti::ion-creanga', 'NORD_EST');
INSERT INTO zone_macro_areas (zone_id, macro_area_code) VALUES ('bucuresti::bucuresti::ion-creanga', 'EST');
INSERT INTO zone_adjacency (source_zone_id, target_zone_id, relation_type, relation_weight) VALUES ('bucuresti::bucuresti::ion-creanga', 'bucuresti::bucuresti::obor', 'adjacent', 1.0000) ON CONFLICT DO NOTHING;
INSERT INTO zone_adjacency (source_zone_id, target_zone_id, relation_type, relation_weight) VALUES ('bucuresti::bucuresti::ion-creanga', 'ilfov::pantelimon::pantelimon', 'adjacent', 1.0000) ON CONFLICT DO NOTHING;
INSERT INTO zone_clusters (cluster_id, cluster_name, cluster_slug, zone_id) VALUES ('cluster::obor-iancului-ferdinand', 'Obor-Iancului-Ferdinand', 'obor-iancului-ferdinand', 'bucuresti::bucuresti::ion-creanga') ON CONFLICT DO NOTHING;
INSERT INTO zones (zone_id, region_name, county_name, sector_no, locality_name, zone_name, zone_slug, zone_type, parent_label, parent_zone_id, is_official, is_commercial, canonical_normalized_name) VALUES ('bucuresti::bucuresti::mosilor', 'Bucuresti-Ilfov', 'Bucuresti', 2, 'Bucuresti', 'Mosilor', 'mosilor', 'cartier', 'Sector 2', NULL, FALSE, TRUE, 'mosilor');
INSERT INTO zone_aliases (zone_id, alias, alias_normalized, alias_kind, confidence_weight) VALUES ('bucuresti::bucuresti::mosilor', 'Mosilor', 'mosilor', 'alias', 1.0000), ('bucuresti::bucuresti::mosilor', 'mosilor', 'mosilor', 'slug_variant', 0.9800);
INSERT INTO zone_aliases (zone_id, alias, alias_normalized, alias_kind, confidence_weight) VALUES ('bucuresti::bucuresti::mosilor', 'Calea Mosilor', 'calea mosilor', 'alias', 0.9700);
INSERT INTO zone_aliases (zone_id, alias, alias_normalized, alias_kind, confidence_weight) VALUES ('bucuresti::bucuresti::mosilor', 'Mosilor Vechi', 'mosilor vechi', 'microzone', 0.9300);
INSERT INTO zone_aliases (zone_id, alias, alias_normalized, alias_kind, confidence_weight) VALUES ('bucuresti::bucuresti::mosilor', 'Mosilor Nou', 'mosilor nou', 'microzone', 0.9300);
INSERT INTO zone_aliases (zone_id, alias, alias_normalized, alias_kind, confidence_weight) VALUES ('bucuresti::bucuresti::mosilor', 'Mosilor-Armeneasca-Rosetti', 'mosilor armeneasca rosetti', 'cluster_label', 0.8800);
INSERT INTO zone_macro_areas (zone_id, macro_area_code) VALUES ('bucuresti::bucuresti::mosilor', 'CENTRU');
INSERT INTO zone_macro_areas (zone_id, macro_area_code) VALUES ('bucuresti::bucuresti::mosilor', 'CENTRU_NORD');
INSERT INTO zone_macro_areas (zone_id, macro_area_code) VALUES ('bucuresti::bucuresti::mosilor', 'NORD_EST');
INSERT INTO zone_macro_areas (zone_id, macro_area_code) VALUES ('bucuresti::bucuresti::mosilor', 'EST');
INSERT INTO zone_adjacency (source_zone_id, target_zone_id, relation_type, relation_weight) VALUES ('bucuresti::bucuresti::mosilor', 'bucuresti::bucuresti::obor', 'adjacent', 1.0000) ON CONFLICT DO NOTHING;
INSERT INTO zone_adjacency (source_zone_id, target_zone_id, relation_type, relation_weight) VALUES ('bucuresti::bucuresti::mosilor', 'bucuresti::bucuresti::foisorul-de-foc', 'adjacent', 1.0000) ON CONFLICT DO NOTHING;
INSERT INTO zone_adjacency (source_zone_id, target_zone_id, relation_type, relation_weight) VALUES ('bucuresti::bucuresti::mosilor', 'bucuresti::bucuresti::armenesc', 'adjacent', 1.0000) ON CONFLICT DO NOTHING;
INSERT INTO zone_clusters (cluster_id, cluster_name, cluster_slug, zone_id) VALUES ('cluster::mosilor-armeneasca-rosetti', 'Mosilor-Armeneasca-Rosetti', 'mosilor-armeneasca-rosetti', 'bucuresti::bucuresti::mosilor') ON CONFLICT DO NOTHING;
INSERT INTO zones (zone_id, region_name, county_name, sector_no, locality_name, zone_name, zone_slug, zone_type, parent_label, parent_zone_id, is_official, is_commercial, canonical_normalized_name) VALUES ('bucuresti::bucuresti::obor', 'Bucuresti-Ilfov', 'Bucuresti', 2, 'Bucuresti', 'Obor', 'obor', 'cartier', 'Sector 2', NULL, FALSE, TRUE, 'obor');
INSERT INTO zone_aliases (zone_id, alias, alias_normalized, alias_kind, confidence_weight) VALUES ('bucuresti::bucuresti::obor', 'Obor', 'obor', 'alias', 1.0000), ('bucuresti::bucuresti::obor', 'obor', 'obor', 'slug_variant', 0.9800);
INSERT INTO zone_aliases (zone_id, alias, alias_normalized, alias_kind, confidence_weight) VALUES ('bucuresti::bucuresti::obor', 'Bucur Obor', 'bucur obor', 'alias', 0.9700);
INSERT INTO zone_aliases (zone_id, alias, alias_normalized, alias_kind, confidence_weight) VALUES ('bucuresti::bucuresti::obor', 'Bucur Obor', 'bucur obor', 'microzone', 0.9300);
INSERT INTO zone_aliases (zone_id, alias, alias_normalized, alias_kind, confidence_weight) VALUES ('bucuresti::bucuresti::obor', 'Mihai Bravu Obor', 'mihai bravu obor', 'microzone', 0.9300);
INSERT INTO zone_aliases (zone_id, alias, alias_normalized, alias_kind, confidence_weight) VALUES ('bucuresti::bucuresti::obor', 'Obor-Iancului-Ferdinand', 'obor iancului ferdinand', 'cluster_label', 0.8800);
INSERT INTO zone_macro_areas (zone_id, macro_area_code) VALUES ('bucuresti::bucuresti::obor', 'CENTRU');
INSERT INTO zone_macro_areas (zone_id, macro_area_code) VALUES ('bucuresti::bucuresti::obor', 'CENTRU_NORD');
INSERT INTO zone_macro_areas (zone_id, macro_area_code) VALUES ('bucuresti::bucuresti::obor', 'NORD_EST');
INSERT INTO zone_macro_areas (zone_id, macro_area_code) VALUES ('bucuresti::bucuresti::obor', 'EST');
INSERT INTO zone_adjacency (source_zone_id, target_zone_id, relation_type, relation_weight) VALUES ('bucuresti::bucuresti::obor', 'bucuresti::bucuresti::iancului', 'adjacent', 1.0000) ON CONFLICT DO NOTHING;
INSERT INTO zone_adjacency (source_zone_id, target_zone_id, relation_type, relation_weight) VALUES ('bucuresti::bucuresti::obor', 'bucuresti::bucuresti::mosilor', 'adjacent', 1.0000) ON CONFLICT DO NOTHING;
INSERT INTO zone_adjacency (source_zone_id, target_zone_id, relation_type, relation_weight) VALUES ('bucuresti::bucuresti::obor', 'bucuresti::bucuresti::colentina', 'adjacent', 1.0000) ON CONFLICT DO NOTHING;
INSERT INTO zone_adjacency (source_zone_id, target_zone_id, relation_type, relation_weight) VALUES ('bucuresti::bucuresti::obor', 'ilfov::pantelimon::pantelimon', 'adjacent', 1.0000) ON CONFLICT DO NOTHING;
INSERT INTO zone_clusters (cluster_id, cluster_name, cluster_slug, zone_id) VALUES ('cluster::obor-iancului-ferdinand', 'Obor-Iancului-Ferdinand', 'obor-iancului-ferdinand', 'bucuresti::bucuresti::obor') ON CONFLICT DO NOTHING;
INSERT INTO zones (zone_id, region_name, county_name, sector_no, locality_name, zone_name, zone_slug, zone_type, parent_label, parent_zone_id, is_official, is_commercial, canonical_normalized_name) VALUES ('bucuresti::bucuresti::pantelimon', 'Bucuresti-Ilfov', 'Bucuresti', 2, 'Bucuresti', 'Pantelimon', 'pantelimon', 'cartier', 'Sector 2', NULL, FALSE, TRUE, 'pantelimon');
INSERT INTO zone_aliases (zone_id, alias, alias_normalized, alias_kind, confidence_weight) VALUES ('bucuresti::bucuresti::pantelimon', 'Pantelimon', 'pantelimon', 'alias', 1.0000), ('bucuresti::bucuresti::pantelimon', 'pantelimon', 'pantelimon', 'slug_variant', 0.9800);
INSERT INTO zone_aliases (zone_id, alias, alias_normalized, alias_kind, confidence_weight) VALUES ('bucuresti::bucuresti::pantelimon', 'Pantelimon Bucuresti', 'pantelimon bucuresti', 'alias', 0.9700);
INSERT INTO zone_aliases (zone_id, alias, alias_normalized, alias_kind, confidence_weight) VALUES ('bucuresti::bucuresti::pantelimon', 'Morarilor', 'morarilor', 'microzone', 0.9300);
INSERT INTO zone_aliases (zone_id, alias, alias_normalized, alias_kind, confidence_weight) VALUES ('bucuresti::bucuresti::pantelimon', 'Arena Nationala', 'arena nationala', 'microzone', 0.9300);
INSERT INTO zone_aliases (zone_id, alias, alias_normalized, alias_kind, confidence_weight) VALUES ('bucuresti::bucuresti::pantelimon', 'Pantelimon-Morarilor-Baicului', 'pantelimon morarilor baicului', 'cluster_label', 0.8800);
INSERT INTO zone_macro_areas (zone_id, macro_area_code) VALUES ('bucuresti::bucuresti::pantelimon', 'CENTRU');
INSERT INTO zone_macro_areas (zone_id, macro_area_code) VALUES ('bucuresti::bucuresti::pantelimon', 'CENTRU_NORD');
INSERT INTO zone_macro_areas (zone_id, macro_area_code) VALUES ('bucuresti::bucuresti::pantelimon', 'NORD_EST');
INSERT INTO zone_macro_areas (zone_id, macro_area_code) VALUES ('bucuresti::bucuresti::pantelimon', 'EST');
INSERT INTO zone_adjacency (source_zone_id, target_zone_id, relation_type, relation_weight) VALUES ('bucuresti::bucuresti::pantelimon', 'bucuresti::bucuresti::obor', 'adjacent', 1.0000) ON CONFLICT DO NOTHING;
INSERT INTO zone_adjacency (source_zone_id, target_zone_id, relation_type, relation_weight) VALUES ('bucuresti::bucuresti::pantelimon', 'bucuresti::bucuresti::iancului', 'adjacent', 1.0000) ON CONFLICT DO NOTHING;
INSERT INTO zone_adjacency (source_zone_id, target_zone_id, relation_type, relation_weight) VALUES ('bucuresti::bucuresti::pantelimon', 'bucuresti::bucuresti::baicului', 'adjacent', 1.0000) ON CONFLICT DO NOTHING;
INSERT INTO zone_adjacency (source_zone_id, target_zone_id, relation_type, relation_weight) VALUES ('bucuresti::bucuresti::pantelimon', 'bucuresti::bucuresti::titan', 'adjacent', 1.0000) ON CONFLICT DO NOTHING;
INSERT INTO zone_clusters (cluster_id, cluster_name, cluster_slug, zone_id) VALUES ('cluster::pantelimon-morarilor-baicului', 'Pantelimon-Morarilor-Baicului', 'pantelimon-morarilor-baicului', 'bucuresti::bucuresti::pantelimon') ON CONFLICT DO NOTHING;
INSERT INTO zones (zone_id, region_name, county_name, sector_no, locality_name, zone_name, zone_slug, zone_type, parent_label, parent_zone_id, is_official, is_commercial, canonical_normalized_name) VALUES ('bucuresti::bucuresti::pipera-sud', 'Bucuresti-Ilfov', 'Bucuresti', 2, 'Bucuresti', 'Pipera Sud', 'pipera-sud', 'cartier', 'Sector 2', NULL, FALSE, TRUE, 'pipera sud');
INSERT INTO zone_aliases (zone_id, alias, alias_normalized, alias_kind, confidence_weight) VALUES ('bucuresti::bucuresti::pipera-sud', 'Pipera Sud', 'pipera sud', 'alias', 1.0000), ('bucuresti::bucuresti::pipera-sud', 'pipera sud', 'pipera sud', 'slug_variant', 0.9800);
INSERT INTO zone_aliases (zone_id, alias, alias_normalized, alias_kind, confidence_weight) VALUES ('bucuresti::bucuresti::pipera-sud', 'Fabrica de Glucoza', 'fabrica de glucoza', 'alias', 0.9700);
INSERT INTO zone_aliases (zone_id, alias, alias_normalized, alias_kind, confidence_weight) VALUES ('bucuresti::bucuresti::pipera-sud', 'Petricani', 'petricani', 'alias', 0.9700);
INSERT INTO zone_aliases (zone_id, alias, alias_normalized, alias_kind, confidence_weight) VALUES ('bucuresti::bucuresti::pipera-sud', 'Barbu Vacarescu Est', 'barbu vacarescu est', 'alias', 0.9700);
INSERT INTO zone_aliases (zone_id, alias, alias_normalized, alias_kind, confidence_weight) VALUES ('bucuresti::bucuresti::pipera-sud', 'Fabrica de Glucoza', 'fabrica de glucoza', 'microzone', 0.9300);
INSERT INTO zone_aliases (zone_id, alias, alias_normalized, alias_kind, confidence_weight) VALUES ('bucuresti::bucuresti::pipera-sud', 'Petricani', 'petricani', 'microzone', 0.9300);
INSERT INTO zone_aliases (zone_id, alias, alias_normalized, alias_kind, confidence_weight) VALUES ('bucuresti::bucuresti::pipera-sud', 'Pipera Sud-Fabrica de Glucoza-Barbu Vacarescu', 'pipera sud fabrica de glucoza barbu vacarescu', 'cluster_label', 0.8800);
INSERT INTO zone_macro_areas (zone_id, macro_area_code) VALUES ('bucuresti::bucuresti::pipera-sud', 'CENTRU');
INSERT INTO zone_macro_areas (zone_id, macro_area_code) VALUES ('bucuresti::bucuresti::pipera-sud', 'CENTRU_NORD');
INSERT INTO zone_macro_areas (zone_id, macro_area_code) VALUES ('bucuresti::bucuresti::pipera-sud', 'NORD_EST');
INSERT INTO zone_macro_areas (zone_id, macro_area_code) VALUES ('bucuresti::bucuresti::pipera-sud', 'EST');
INSERT INTO zone_adjacency (source_zone_id, target_zone_id, relation_type, relation_weight) VALUES ('bucuresti::bucuresti::pipera-sud', 'bucuresti::bucuresti::aviatiei', 'adjacent', 1.0000) ON CONFLICT DO NOTHING;
INSERT INTO zone_adjacency (source_zone_id, target_zone_id, relation_type, relation_weight) VALUES ('bucuresti::bucuresti::pipera-sud', 'bucuresti::bucuresti::tei', 'adjacent', 1.0000) ON CONFLICT DO NOTHING;
INSERT INTO zone_adjacency (source_zone_id, target_zone_id, relation_type, relation_weight) VALUES ('bucuresti::bucuresti::pipera-sud', 'ilfov::voluntari::pipera-voluntari', 'adjacent', 1.0000) ON CONFLICT DO NOTHING;
INSERT INTO zone_clusters (cluster_id, cluster_name, cluster_slug, zone_id) VALUES ('cluster::pipera-sud-fabrica-de-glucoza-barbu-vacarescu', 'Pipera Sud-Fabrica de Glucoza-Barbu Vacarescu', 'pipera-sud-fabrica-de-glucoza-barbu-vacarescu', 'bucuresti::bucuresti::pipera-sud') ON CONFLICT DO NOTHING;
INSERT INTO zones (zone_id, region_name, county_name, sector_no, locality_name, zone_name, zone_slug, zone_type, parent_label, parent_zone_id, is_official, is_commercial, canonical_normalized_name) VALUES ('bucuresti::bucuresti::tei', 'Bucuresti-Ilfov', 'Bucuresti', 2, 'Bucuresti', 'Tei', 'tei', 'cartier', 'Sector 2', NULL, FALSE, TRUE, 'tei');
INSERT INTO zone_aliases (zone_id, alias, alias_normalized, alias_kind, confidence_weight) VALUES ('bucuresti::bucuresti::tei', 'Tei', 'tei', 'alias', 1.0000), ('bucuresti::bucuresti::tei', 'tei', 'tei', 'slug_variant', 0.9800);
INSERT INTO zone_aliases (zone_id, alias, alias_normalized, alias_kind, confidence_weight) VALUES ('bucuresti::bucuresti::tei', 'Lacul Tei', 'lacul tei', 'alias', 0.9700);
INSERT INTO zone_aliases (zone_id, alias, alias_normalized, alias_kind, confidence_weight) VALUES ('bucuresti::bucuresti::tei', 'Teiul Doamnei', 'teiul doamnei', 'alias', 0.9700);
INSERT INTO zone_aliases (zone_id, alias, alias_normalized, alias_kind, confidence_weight) VALUES ('bucuresti::bucuresti::tei', 'Lacul Tei', 'lacul tei', 'microzone', 0.9300);
INSERT INTO zone_aliases (zone_id, alias, alias_normalized, alias_kind, confidence_weight) VALUES ('bucuresti::bucuresti::tei', 'Teiul Doamnei', 'teiul doamnei', 'microzone', 0.9300);
INSERT INTO zone_aliases (zone_id, alias, alias_normalized, alias_kind, confidence_weight) VALUES ('bucuresti::bucuresti::tei', 'Plumbuita', 'plumbuita', 'microzone', 0.9300);
INSERT INTO zone_aliases (zone_id, alias, alias_normalized, alias_kind, confidence_weight) VALUES ('bucuresti::bucuresti::tei', 'Tei-Lacul Tei-Plumbuita', 'tei lacul tei plumbuita', 'cluster_label', 0.8800);
INSERT INTO zone_macro_areas (zone_id, macro_area_code) VALUES ('bucuresti::bucuresti::tei', 'CENTRU');
INSERT INTO zone_macro_areas (zone_id, macro_area_code) VALUES ('bucuresti::bucuresti::tei', 'CENTRU_NORD');
INSERT INTO zone_macro_areas (zone_id, macro_area_code) VALUES ('bucuresti::bucuresti::tei', 'NORD_EST');
INSERT INTO zone_macro_areas (zone_id, macro_area_code) VALUES ('bucuresti::bucuresti::tei', 'EST');
INSERT INTO zone_adjacency (source_zone_id, target_zone_id, relation_type, relation_weight) VALUES ('bucuresti::bucuresti::tei', 'bucuresti::bucuresti::colentina', 'adjacent', 1.0000) ON CONFLICT DO NOTHING;
INSERT INTO zone_adjacency (source_zone_id, target_zone_id, relation_type, relation_weight) VALUES ('bucuresti::bucuresti::tei', 'bucuresti::bucuresti::obor', 'adjacent', 1.0000) ON CONFLICT DO NOTHING;
INSERT INTO zone_adjacency (source_zone_id, target_zone_id, relation_type, relation_weight) VALUES ('bucuresti::bucuresti::tei', 'bucuresti::bucuresti::pipera-sud', 'adjacent', 1.0000) ON CONFLICT DO NOTHING;
INSERT INTO zone_clusters (cluster_id, cluster_name, cluster_slug, zone_id) VALUES ('cluster::tei-lacul-tei-plumbuita', 'Tei-Lacul Tei-Plumbuita', 'tei-lacul-tei-plumbuita', 'bucuresti::bucuresti::tei') ON CONFLICT DO NOTHING;
INSERT INTO zones (zone_id, region_name, county_name, sector_no, locality_name, zone_name, zone_slug, zone_type, parent_label, parent_zone_id, is_official, is_commercial, canonical_normalized_name) VALUES ('bucuresti::bucuresti::stefan-cel-mare', 'Bucuresti-Ilfov', 'Bucuresti', 2, 'Bucuresti', 'Stefan cel Mare', 'stefan-cel-mare', 'cartier', 'Sector 2', NULL, FALSE, TRUE, 'stefan cel mare');
INSERT INTO zone_aliases (zone_id, alias, alias_normalized, alias_kind, confidence_weight) VALUES ('bucuresti::bucuresti::stefan-cel-mare', 'Stefan cel Mare', 'stefan cel mare', 'alias', 1.0000), ('bucuresti::bucuresti::stefan-cel-mare', 'stefan cel mare', 'stefan cel mare', 'slug_variant', 0.9800);
INSERT INTO zone_aliases (zone_id, alias, alias_normalized, alias_kind, confidence_weight) VALUES ('bucuresti::bucuresti::stefan-cel-mare', 'Stefan cel Mare Bucuresti', 'stefan cel mare bucuresti', 'alias', 0.9700);
INSERT INTO zone_aliases (zone_id, alias, alias_normalized, alias_kind, confidence_weight) VALUES ('bucuresti::bucuresti::stefan-cel-mare', 'Dinamo prox', 'dinamo prox', 'microzone', 0.9300);
INSERT INTO zone_aliases (zone_id, alias, alias_normalized, alias_kind, confidence_weight) VALUES ('bucuresti::bucuresti::stefan-cel-mare', 'Stefan cel Mare-Dorobanti', 'stefan cel mare dorobanti', 'cluster_label', 0.8800);
INSERT INTO zone_macro_areas (zone_id, macro_area_code) VALUES ('bucuresti::bucuresti::stefan-cel-mare', 'CENTRU');
INSERT INTO zone_macro_areas (zone_id, macro_area_code) VALUES ('bucuresti::bucuresti::stefan-cel-mare', 'CENTRU_NORD');
INSERT INTO zone_macro_areas (zone_id, macro_area_code) VALUES ('bucuresti::bucuresti::stefan-cel-mare', 'NORD_EST');
INSERT INTO zone_macro_areas (zone_id, macro_area_code) VALUES ('bucuresti::bucuresti::stefan-cel-mare', 'EST');
INSERT INTO zone_adjacency (source_zone_id, target_zone_id, relation_type, relation_weight) VALUES ('bucuresti::bucuresti::stefan-cel-mare', 'bucuresti::bucuresti::obor', 'adjacent', 1.0000) ON CONFLICT DO NOTHING;
INSERT INTO zone_adjacency (source_zone_id, target_zone_id, relation_type, relation_weight) VALUES ('bucuresti::bucuresti::stefan-cel-mare', 'bucuresti::bucuresti::dorobanti', 'adjacent', 1.0000) ON CONFLICT DO NOTHING;
INSERT INTO zone_adjacency (source_zone_id, target_zone_id, relation_type, relation_weight) VALUES ('bucuresti::bucuresti::stefan-cel-mare', 'bucuresti::bucuresti::mosilor', 'adjacent', 1.0000) ON CONFLICT DO NOTHING;
INSERT INTO zone_clusters (cluster_id, cluster_name, cluster_slug, zone_id) VALUES ('cluster::stefan-cel-mare-dorobanti', 'Stefan cel Mare-Dorobanti', 'stefan-cel-mare-dorobanti', 'bucuresti::bucuresti::stefan-cel-mare') ON CONFLICT DO NOTHING;
INSERT INTO zones (zone_id, region_name, county_name, sector_no, locality_name, zone_name, zone_slug, zone_type, parent_label, parent_zone_id, is_official, is_commercial, canonical_normalized_name) VALUES ('bucuresti::bucuresti::ferdinand', 'Bucuresti-Ilfov', 'Bucuresti', 2, 'Bucuresti', 'Ferdinand', 'ferdinand', 'cartier', 'Sector 2', NULL, FALSE, TRUE, 'ferdinand');
INSERT INTO zone_aliases (zone_id, alias, alias_normalized, alias_kind, confidence_weight) VALUES ('bucuresti::bucuresti::ferdinand', 'Ferdinand', 'ferdinand', 'alias', 1.0000), ('bucuresti::bucuresti::ferdinand', 'ferdinand', 'ferdinand', 'slug_variant', 0.9800);
INSERT INTO zone_aliases (zone_id, alias, alias_normalized, alias_kind, confidence_weight) VALUES ('bucuresti::bucuresti::ferdinand', 'Bd Ferdinand', 'bd ferdinand', 'alias', 0.9700);
INSERT INTO zone_aliases (zone_id, alias, alias_normalized, alias_kind, confidence_weight) VALUES ('bucuresti::bucuresti::ferdinand', 'Pache Protopopescu Est', 'pache protopopescu est', 'microzone', 0.9300);
INSERT INTO zone_aliases (zone_id, alias, alias_normalized, alias_kind, confidence_weight) VALUES ('bucuresti::bucuresti::ferdinand', 'Obor-Iancului-Ferdinand', 'obor iancului ferdinand', 'cluster_label', 0.8800);
INSERT INTO zone_macro_areas (zone_id, macro_area_code) VALUES ('bucuresti::bucuresti::ferdinand', 'CENTRU');
INSERT INTO zone_macro_areas (zone_id, macro_area_code) VALUES ('bucuresti::bucuresti::ferdinand', 'CENTRU_NORD');
INSERT INTO zone_macro_areas (zone_id, macro_area_code) VALUES ('bucuresti::bucuresti::ferdinand', 'NORD_EST');
INSERT INTO zone_macro_areas (zone_id, macro_area_code) VALUES ('bucuresti::bucuresti::ferdinand', 'EST');
INSERT INTO zone_adjacency (source_zone_id, target_zone_id, relation_type, relation_weight) VALUES ('bucuresti::bucuresti::ferdinand', 'bucuresti::bucuresti::iancului', 'adjacent', 1.0000) ON CONFLICT DO NOTHING;
INSERT INTO zone_adjacency (source_zone_id, target_zone_id, relation_type, relation_weight) VALUES ('bucuresti::bucuresti::ferdinand', 'bucuresti::bucuresti::obor', 'adjacent', 1.0000) ON CONFLICT DO NOTHING;
INSERT INTO zone_adjacency (source_zone_id, target_zone_id, relation_type, relation_weight) VALUES ('bucuresti::bucuresti::ferdinand', 'bucuresti::bucuresti::foisorul-de-foc', 'adjacent', 1.0000) ON CONFLICT DO NOTHING;
INSERT INTO zone_clusters (cluster_id, cluster_name, cluster_slug, zone_id) VALUES ('cluster::obor-iancului-ferdinand', 'Obor-Iancului-Ferdinand', 'obor-iancului-ferdinand', 'bucuresti::bucuresti::ferdinand') ON CONFLICT DO NOTHING;
INSERT INTO zones (zone_id, region_name, county_name, sector_no, locality_name, zone_name, zone_slug, zone_type, parent_label, parent_zone_id, is_official, is_commercial, canonical_normalized_name) VALUES ('bucuresti::bucuresti::foisorul-de-foc', 'Bucuresti-Ilfov', 'Bucuresti', 2, 'Bucuresti', 'Foisorul de Foc', 'foisorul-de-foc', 'cartier', 'Sector 2', NULL, FALSE, TRUE, 'foisorul de foc');
INSERT INTO zone_aliases (zone_id, alias, alias_normalized, alias_kind, confidence_weight) VALUES ('bucuresti::bucuresti::foisorul-de-foc', 'Foisorul de Foc', 'foisorul de foc', 'alias', 1.0000), ('bucuresti::bucuresti::foisorul-de-foc', 'foisorul de foc', 'foisorul de foc', 'slug_variant', 0.9800);
INSERT INTO zone_aliases (zone_id, alias, alias_normalized, alias_kind, confidence_weight) VALUES ('bucuresti::bucuresti::foisorul-de-foc', 'Foișorul de Foc', 'foisorul de foc', 'alias', 0.9700);
INSERT INTO zone_aliases (zone_id, alias, alias_normalized, alias_kind, confidence_weight) VALUES ('bucuresti::bucuresti::foisorul-de-foc', 'Foisor', 'foisor', 'alias', 0.9700);
INSERT INTO zone_aliases (zone_id, alias, alias_normalized, alias_kind, confidence_weight) VALUES ('bucuresti::bucuresti::foisorul-de-foc', 'Traian', 'traian', 'microzone', 0.9300);
INSERT INTO zone_aliases (zone_id, alias, alias_normalized, alias_kind, confidence_weight) VALUES ('bucuresti::bucuresti::foisorul-de-foc', 'Mosilor-Armeneasca-Rosetti', 'mosilor armeneasca rosetti', 'cluster_label', 0.8800);
INSERT INTO zone_macro_areas (zone_id, macro_area_code) VALUES ('bucuresti::bucuresti::foisorul-de-foc', 'CENTRU');
INSERT INTO zone_macro_areas (zone_id, macro_area_code) VALUES ('bucuresti::bucuresti::foisorul-de-foc', 'CENTRU_NORD');
INSERT INTO zone_macro_areas (zone_id, macro_area_code) VALUES ('bucuresti::bucuresti::foisorul-de-foc', 'NORD_EST');
INSERT INTO zone_macro_areas (zone_id, macro_area_code) VALUES ('bucuresti::bucuresti::foisorul-de-foc', 'EST');
INSERT INTO zone_adjacency (source_zone_id, target_zone_id, relation_type, relation_weight) VALUES ('bucuresti::bucuresti::foisorul-de-foc', 'bucuresti::bucuresti::mosilor', 'adjacent', 1.0000) ON CONFLICT DO NOTHING;
INSERT INTO zone_adjacency (source_zone_id, target_zone_id, relation_type, relation_weight) VALUES ('bucuresti::bucuresti::foisorul-de-foc', 'bucuresti::bucuresti::ferdinand', 'adjacent', 1.0000) ON CONFLICT DO NOTHING;
INSERT INTO zone_adjacency (source_zone_id, target_zone_id, relation_type, relation_weight) VALUES ('bucuresti::bucuresti::foisorul-de-foc', 'bucuresti::bucuresti::armenesc', 'adjacent', 1.0000) ON CONFLICT DO NOTHING;
INSERT INTO zone_clusters (cluster_id, cluster_name, cluster_slug, zone_id) VALUES ('cluster::mosilor-armeneasca-rosetti', 'Mosilor-Armeneasca-Rosetti', 'mosilor-armeneasca-rosetti', 'bucuresti::bucuresti::foisorul-de-foc') ON CONFLICT DO NOTHING;
INSERT INTO zones (zone_id, region_name, county_name, sector_no, locality_name, zone_name, zone_slug, zone_type, parent_label, parent_zone_id, is_official, is_commercial, canonical_normalized_name) VALUES ('bucuresti::bucuresti::armenesc', 'Bucuresti-Ilfov', 'Bucuresti', 2, 'Bucuresti', 'Armenesc', 'armenesc', 'cartier', 'Sector 2', NULL, FALSE, TRUE, 'armenesc');
INSERT INTO zone_aliases (zone_id, alias, alias_normalized, alias_kind, confidence_weight) VALUES ('bucuresti::bucuresti::armenesc', 'Armenesc', 'armenesc', 'alias', 1.0000), ('bucuresti::bucuresti::armenesc', 'armenesc', 'armenesc', 'slug_variant', 0.9800);
INSERT INTO zone_aliases (zone_id, alias, alias_normalized, alias_kind, confidence_weight) VALUES ('bucuresti::bucuresti::armenesc', 'Armeneasca', 'armeneasca', 'alias', 0.9700);
INSERT INTO zone_aliases (zone_id, alias, alias_normalized, alias_kind, confidence_weight) VALUES ('bucuresti::bucuresti::armenesc', 'Biserica Armeneasca', 'biserica armeneasca', 'microzone', 0.9300);
INSERT INTO zone_aliases (zone_id, alias, alias_normalized, alias_kind, confidence_weight) VALUES ('bucuresti::bucuresti::armenesc', 'Mosilor-Armeneasca-Rosetti', 'mosilor armeneasca rosetti', 'cluster_label', 0.8800);
INSERT INTO zone_macro_areas (zone_id, macro_area_code) VALUES ('bucuresti::bucuresti::armenesc', 'CENTRU');
INSERT INTO zone_macro_areas (zone_id, macro_area_code) VALUES ('bucuresti::bucuresti::armenesc', 'CENTRU_NORD');
INSERT INTO zone_macro_areas (zone_id, macro_area_code) VALUES ('bucuresti::bucuresti::armenesc', 'NORD_EST');
INSERT INTO zone_macro_areas (zone_id, macro_area_code) VALUES ('bucuresti::bucuresti::armenesc', 'EST');
INSERT INTO zone_adjacency (source_zone_id, target_zone_id, relation_type, relation_weight) VALUES ('bucuresti::bucuresti::armenesc', 'bucuresti::bucuresti::mosilor', 'adjacent', 1.0000) ON CONFLICT DO NOTHING;
INSERT INTO zone_adjacency (source_zone_id, target_zone_id, relation_type, relation_weight) VALUES ('bucuresti::bucuresti::armenesc', 'bucuresti::bucuresti::rosetti', 'adjacent', 1.0000) ON CONFLICT DO NOTHING;
INSERT INTO zone_adjacency (source_zone_id, target_zone_id, relation_type, relation_weight) VALUES ('bucuresti::bucuresti::armenesc', 'bucuresti::bucuresti::foisorul-de-foc', 'adjacent', 1.0000) ON CONFLICT DO NOTHING;
INSERT INTO zone_clusters (cluster_id, cluster_name, cluster_slug, zone_id) VALUES ('cluster::mosilor-armeneasca-rosetti', 'Mosilor-Armeneasca-Rosetti', 'mosilor-armeneasca-rosetti', 'bucuresti::bucuresti::armenesc') ON CONFLICT DO NOTHING;
INSERT INTO zones (zone_id, region_name, county_name, sector_no, locality_name, zone_name, zone_slug, zone_type, parent_label, parent_zone_id, is_official, is_commercial, canonical_normalized_name) VALUES ('bucuresti::bucuresti::rosetti', 'Bucuresti-Ilfov', 'Bucuresti', 2, 'Bucuresti', 'Rosetti', 'rosetti', 'cartier', 'Sector 2', NULL, FALSE, TRUE, 'rosetti');
INSERT INTO zone_aliases (zone_id, alias, alias_normalized, alias_kind, confidence_weight) VALUES ('bucuresti::bucuresti::rosetti', 'Rosetti', 'rosetti', 'alias', 1.0000), ('bucuresti::bucuresti::rosetti', 'rosetti', 'rosetti', 'slug_variant', 0.9800);
INSERT INTO zone_aliases (zone_id, alias, alias_normalized, alias_kind, confidence_weight) VALUES ('bucuresti::bucuresti::rosetti', 'Rosetti Universitate', 'rosetti universitate', 'alias', 0.9700);
INSERT INTO zone_aliases (zone_id, alias, alias_normalized, alias_kind, confidence_weight) VALUES ('bucuresti::bucuresti::rosetti', 'Hristo Botev', 'hristo botev', 'microzone', 0.9300);
INSERT INTO zone_aliases (zone_id, alias, alias_normalized, alias_kind, confidence_weight) VALUES ('bucuresti::bucuresti::rosetti', 'Mosilor-Armeneasca-Rosetti', 'mosilor armeneasca rosetti', 'cluster_label', 0.8800);
INSERT INTO zone_macro_areas (zone_id, macro_area_code) VALUES ('bucuresti::bucuresti::rosetti', 'CENTRU');
INSERT INTO zone_macro_areas (zone_id, macro_area_code) VALUES ('bucuresti::bucuresti::rosetti', 'CENTRU_NORD');
INSERT INTO zone_macro_areas (zone_id, macro_area_code) VALUES ('bucuresti::bucuresti::rosetti', 'NORD_EST');
INSERT INTO zone_macro_areas (zone_id, macro_area_code) VALUES ('bucuresti::bucuresti::rosetti', 'EST');
INSERT INTO zone_adjacency (source_zone_id, target_zone_id, relation_type, relation_weight) VALUES ('bucuresti::bucuresti::rosetti', 'bucuresti::bucuresti::armenesc', 'adjacent', 1.0000) ON CONFLICT DO NOTHING;
INSERT INTO zone_adjacency (source_zone_id, target_zone_id, relation_type, relation_weight) VALUES ('bucuresti::bucuresti::rosetti', 'bucuresti::bucuresti::mosilor', 'adjacent', 1.0000) ON CONFLICT DO NOTHING;
INSERT INTO zone_clusters (cluster_id, cluster_name, cluster_slug, zone_id) VALUES ('cluster::mosilor-armeneasca-rosetti', 'Mosilor-Armeneasca-Rosetti', 'mosilor-armeneasca-rosetti', 'bucuresti::bucuresti::rosetti') ON CONFLICT DO NOTHING;
INSERT INTO zones (zone_id, region_name, county_name, sector_no, locality_name, zone_name, zone_slug, zone_type, parent_label, parent_zone_id, is_official, is_commercial, canonical_normalized_name) VALUES ('bucuresti::bucuresti::doamna-ghica', 'Bucuresti-Ilfov', 'Bucuresti', 2, 'Bucuresti', 'Doamna Ghica', 'doamna-ghica', 'cartier', 'Sector 2', NULL, FALSE, TRUE, 'doamna ghica');
INSERT INTO zone_aliases (zone_id, alias, alias_normalized, alias_kind, confidence_weight) VALUES ('bucuresti::bucuresti::doamna-ghica', 'Doamna Ghica', 'doamna ghica', 'alias', 1.0000), ('bucuresti::bucuresti::doamna-ghica', 'doamna ghica', 'doamna ghica', 'slug_variant', 0.9800);
INSERT INTO zone_aliases (zone_id, alias, alias_normalized, alias_kind, confidence_weight) VALUES ('bucuresti::bucuresti::doamna-ghica', 'Doamna Ghica Colentina', 'doamna ghica colentina', 'alias', 0.9700);
INSERT INTO zone_aliases (zone_id, alias, alias_normalized, alias_kind, confidence_weight) VALUES ('bucuresti::bucuresti::doamna-ghica', 'Plumbuita', 'plumbuita', 'microzone', 0.9300);
INSERT INTO zone_aliases (zone_id, alias, alias_normalized, alias_kind, confidence_weight) VALUES ('bucuresti::bucuresti::doamna-ghica', 'Tei-Lacul Tei-Plumbuita', 'tei lacul tei plumbuita', 'cluster_label', 0.8800);
INSERT INTO zone_macro_areas (zone_id, macro_area_code) VALUES ('bucuresti::bucuresti::doamna-ghica', 'CENTRU');
INSERT INTO zone_macro_areas (zone_id, macro_area_code) VALUES ('bucuresti::bucuresti::doamna-ghica', 'CENTRU_NORD');
INSERT INTO zone_macro_areas (zone_id, macro_area_code) VALUES ('bucuresti::bucuresti::doamna-ghica', 'NORD_EST');
INSERT INTO zone_macro_areas (zone_id, macro_area_code) VALUES ('bucuresti::bucuresti::doamna-ghica', 'EST');
INSERT INTO zone_adjacency (source_zone_id, target_zone_id, relation_type, relation_weight) VALUES ('bucuresti::bucuresti::doamna-ghica', 'bucuresti::bucuresti::colentina', 'adjacent', 1.0000) ON CONFLICT DO NOTHING;
INSERT INTO zone_adjacency (source_zone_id, target_zone_id, relation_type, relation_weight) VALUES ('bucuresti::bucuresti::doamna-ghica', 'bucuresti::bucuresti::tei', 'adjacent', 1.0000) ON CONFLICT DO NOTHING;
INSERT INTO zone_adjacency (source_zone_id, target_zone_id, relation_type, relation_weight) VALUES ('bucuresti::bucuresti::doamna-ghica', 'ilfov::pantelimon::pantelimon', 'adjacent', 1.0000) ON CONFLICT DO NOTHING;
INSERT INTO zone_clusters (cluster_id, cluster_name, cluster_slug, zone_id) VALUES ('cluster::tei-lacul-tei-plumbuita', 'Tei-Lacul Tei-Plumbuita', 'tei-lacul-tei-plumbuita', 'bucuresti::bucuresti::doamna-ghica') ON CONFLICT DO NOTHING;
INSERT INTO zones (zone_id, region_name, county_name, sector_no, locality_name, zone_name, zone_slug, zone_type, parent_label, parent_zone_id, is_official, is_commercial, canonical_normalized_name) VALUES ('bucuresti::bucuresti::plumbuita', 'Bucuresti-Ilfov', 'Bucuresti', 2, 'Bucuresti', 'Plumbuita', 'plumbuita', 'cartier', 'Sector 2', NULL, FALSE, TRUE, 'plumbuita');
INSERT INTO zone_aliases (zone_id, alias, alias_normalized, alias_kind, confidence_weight) VALUES ('bucuresti::bucuresti::plumbuita', 'Plumbuita', 'plumbuita', 'alias', 1.0000), ('bucuresti::bucuresti::plumbuita', 'plumbuita', 'plumbuita', 'slug_variant', 0.9800);
INSERT INTO zone_aliases (zone_id, alias, alias_normalized, alias_kind, confidence_weight) VALUES ('bucuresti::bucuresti::plumbuita', 'Parcul Plumbuita', 'parcul plumbuita', 'alias', 0.9700);
INSERT INTO zone_aliases (zone_id, alias, alias_normalized, alias_kind, confidence_weight) VALUES ('bucuresti::bucuresti::plumbuita', 'Parc Plumbuita', 'parc plumbuita', 'microzone', 0.9300);
INSERT INTO zone_aliases (zone_id, alias, alias_normalized, alias_kind, confidence_weight) VALUES ('bucuresti::bucuresti::plumbuita', 'Tei-Lacul Tei-Plumbuita', 'tei lacul tei plumbuita', 'cluster_label', 0.8800);
INSERT INTO zone_macro_areas (zone_id, macro_area_code) VALUES ('bucuresti::bucuresti::plumbuita', 'CENTRU');
INSERT INTO zone_macro_areas (zone_id, macro_area_code) VALUES ('bucuresti::bucuresti::plumbuita', 'CENTRU_NORD');
INSERT INTO zone_macro_areas (zone_id, macro_area_code) VALUES ('bucuresti::bucuresti::plumbuita', 'NORD_EST');
INSERT INTO zone_macro_areas (zone_id, macro_area_code) VALUES ('bucuresti::bucuresti::plumbuita', 'EST');
INSERT INTO zone_adjacency (source_zone_id, target_zone_id, relation_type, relation_weight) VALUES ('bucuresti::bucuresti::plumbuita', 'bucuresti::bucuresti::tei', 'adjacent', 1.0000) ON CONFLICT DO NOTHING;
INSERT INTO zone_adjacency (source_zone_id, target_zone_id, relation_type, relation_weight) VALUES ('bucuresti::bucuresti::plumbuita', 'bucuresti::bucuresti::colentina', 'adjacent', 1.0000) ON CONFLICT DO NOTHING;
INSERT INTO zone_adjacency (source_zone_id, target_zone_id, relation_type, relation_weight) VALUES ('bucuresti::bucuresti::plumbuita', 'bucuresti::bucuresti::doamna-ghica', 'adjacent', 1.0000) ON CONFLICT DO NOTHING;
INSERT INTO zone_clusters (cluster_id, cluster_name, cluster_slug, zone_id) VALUES ('cluster::tei-lacul-tei-plumbuita', 'Tei-Lacul Tei-Plumbuita', 'tei-lacul-tei-plumbuita', 'bucuresti::bucuresti::plumbuita') ON CONFLICT DO NOTHING;
INSERT INTO zones (zone_id, region_name, county_name, sector_no, locality_name, zone_name, zone_slug, zone_type, parent_label, parent_zone_id, is_official, is_commercial, canonical_normalized_name) VALUES ('bucuresti::bucuresti::balta-alba', 'Bucuresti-Ilfov', 'Bucuresti', 3, 'Bucuresti', 'Balta Alba', 'balta-alba', 'cartier', 'Sector 3', NULL, FALSE, TRUE, 'balta alba');
INSERT INTO zone_aliases (zone_id, alias, alias_normalized, alias_kind, confidence_weight) VALUES ('bucuresti::bucuresti::balta-alba', 'Balta Alba', 'balta alba', 'alias', 1.0000), ('bucuresti::bucuresti::balta-alba', 'balta alba', 'balta alba', 'slug_variant', 0.9800);
INSERT INTO zone_aliases (zone_id, alias, alias_normalized, alias_kind, confidence_weight) VALUES ('bucuresti::bucuresti::balta-alba', 'Balta Albă', 'balta alba', 'alias', 0.9700);
INSERT INTO zone_aliases (zone_id, alias, alias_normalized, alias_kind, confidence_weight) VALUES ('bucuresti::bucuresti::balta-alba', 'Campia Libertatii', 'campia libertatii', 'microzone', 0.9300);
INSERT INTO zone_aliases (zone_id, alias, alias_normalized, alias_kind, confidence_weight) VALUES ('bucuresti::bucuresti::balta-alba', 'Titan-IOR-Liviu Rebreanu', 'titan ior liviu rebreanu', 'cluster_label', 0.8800);
INSERT INTO zone_macro_areas (zone_id, macro_area_code) VALUES ('bucuresti::bucuresti::balta-alba', 'CENTRU');
INSERT INTO zone_macro_areas (zone_id, macro_area_code) VALUES ('bucuresti::bucuresti::balta-alba', 'EST');
INSERT INTO zone_macro_areas (zone_id, macro_area_code) VALUES ('bucuresti::bucuresti::balta-alba', 'SUD_EST');
INSERT INTO zone_macro_areas (zone_id, macro_area_code) VALUES ('bucuresti::bucuresti::balta-alba', 'ULTRACENTRAL');
INSERT INTO zone_adjacency (source_zone_id, target_zone_id, relation_type, relation_weight) VALUES ('bucuresti::bucuresti::balta-alba', 'bucuresti::bucuresti::titan', 'adjacent', 1.0000) ON CONFLICT DO NOTHING;
INSERT INTO zone_adjacency (source_zone_id, target_zone_id, relation_type, relation_weight) VALUES ('bucuresti::bucuresti::balta-alba', 'bucuresti::bucuresti::salajan', 'adjacent', 1.0000) ON CONFLICT DO NOTHING;
INSERT INTO zone_adjacency (source_zone_id, target_zone_id, relation_type, relation_weight) VALUES ('bucuresti::bucuresti::balta-alba', 'bucuresti::bucuresti::dristor', 'adjacent', 1.0000) ON CONFLICT DO NOTHING;
INSERT INTO zone_clusters (cluster_id, cluster_name, cluster_slug, zone_id) VALUES ('cluster::titan-ior-liviu-rebreanu', 'Titan-IOR-Liviu Rebreanu', 'titan-ior-liviu-rebreanu', 'bucuresti::bucuresti::balta-alba') ON CONFLICT DO NOTHING;
INSERT INTO zones (zone_id, region_name, county_name, sector_no, locality_name, zone_name, zone_slug, zone_type, parent_label, parent_zone_id, is_official, is_commercial, canonical_normalized_name) VALUES ('bucuresti::bucuresti::basarabia', 'Bucuresti-Ilfov', 'Bucuresti', 3, 'Bucuresti', 'Basarabia', 'basarabia', 'cartier', 'Sector 3', NULL, FALSE, TRUE, 'basarabia');
INSERT INTO zone_aliases (zone_id, alias, alias_normalized, alias_kind, confidence_weight) VALUES ('bucuresti::bucuresti::basarabia', 'Basarabia', 'basarabia', 'alias', 1.0000), ('bucuresti::bucuresti::basarabia', 'basarabia', 'basarabia', 'slug_variant', 0.9800);
INSERT INTO zone_aliases (zone_id, alias, alias_normalized, alias_kind, confidence_weight) VALUES ('bucuresti::bucuresti::basarabia', 'Basarabia National Arena', 'basarabia national arena', 'alias', 0.9700);
INSERT INTO zone_aliases (zone_id, alias, alias_normalized, alias_kind, confidence_weight) VALUES ('bucuresti::bucuresti::basarabia', 'Arena Nationala', 'arena nationala', 'microzone', 0.9300);
INSERT INTO zone_aliases (zone_id, alias, alias_normalized, alias_kind, confidence_weight) VALUES ('bucuresti::bucuresti::basarabia', 'Basarabia-Muncii-Pantelimon', 'basarabia muncii pantelimon', 'cluster_label', 0.8800);
INSERT INTO zone_macro_areas (zone_id, macro_area_code) VALUES ('bucuresti::bucuresti::basarabia', 'CENTRU');
INSERT INTO zone_macro_areas (zone_id, macro_area_code) VALUES ('bucuresti::bucuresti::basarabia', 'EST');
INSERT INTO zone_macro_areas (zone_id, macro_area_code) VALUES ('bucuresti::bucuresti::basarabia', 'SUD_EST');
INSERT INTO zone_macro_areas (zone_id, macro_area_code) VALUES ('bucuresti::bucuresti::basarabia', 'ULTRACENTRAL');
INSERT INTO zone_adjacency (source_zone_id, target_zone_id, relation_type, relation_weight) VALUES ('bucuresti::bucuresti::basarabia', 'bucuresti::bucuresti::titan', 'adjacent', 1.0000) ON CONFLICT DO NOTHING;
INSERT INTO zone_adjacency (source_zone_id, target_zone_id, relation_type, relation_weight) VALUES ('bucuresti::bucuresti::basarabia', 'ilfov::pantelimon::pantelimon', 'adjacent', 1.0000) ON CONFLICT DO NOTHING;
INSERT INTO zone_adjacency (source_zone_id, target_zone_id, relation_type, relation_weight) VALUES ('bucuresti::bucuresti::basarabia', 'bucuresti::bucuresti::muncii', 'adjacent', 1.0000) ON CONFLICT DO NOTHING;
INSERT INTO zone_clusters (cluster_id, cluster_name, cluster_slug, zone_id) VALUES ('cluster::basarabia-muncii-pantelimon', 'Basarabia-Muncii-Pantelimon', 'basarabia-muncii-pantelimon', 'bucuresti::bucuresti::basarabia') ON CONFLICT DO NOTHING;
INSERT INTO zones (zone_id, region_name, county_name, sector_no, locality_name, zone_name, zone_slug, zone_type, parent_label, parent_zone_id, is_official, is_commercial, canonical_normalized_name) VALUES ('bucuresti::bucuresti::centrul-civic', 'Bucuresti-Ilfov', 'Bucuresti', 3, 'Bucuresti', 'Centrul Civic', 'centrul-civic', 'cartier', 'Sector 3', NULL, FALSE, TRUE, 'centrul civic');
INSERT INTO zone_aliases (zone_id, alias, alias_normalized, alias_kind, confidence_weight) VALUES ('bucuresti::bucuresti::centrul-civic', 'Centrul Civic', 'centrul civic', 'alias', 1.0000), ('bucuresti::bucuresti::centrul-civic', 'centrul civic', 'centrul civic', 'slug_variant', 0.9800);
INSERT INTO zone_aliases (zone_id, alias, alias_normalized, alias_kind, confidence_weight) VALUES ('bucuresti::bucuresti::centrul-civic', 'Unirii Est', 'unirii est', 'alias', 0.9700);
INSERT INTO zone_aliases (zone_id, alias, alias_normalized, alias_kind, confidence_weight) VALUES ('bucuresti::bucuresti::centrul-civic', 'Centrul Civic Bucuresti', 'centrul civic bucuresti', 'alias', 0.9700);
INSERT INTO zone_aliases (zone_id, alias, alias_normalized, alias_kind, confidence_weight) VALUES ('bucuresti::bucuresti::centrul-civic', 'Bulevardul Unirii', 'bulevardul unirii', 'microzone', 0.9300);
INSERT INTO zone_aliases (zone_id, alias, alias_normalized, alias_kind, confidence_weight) VALUES ('bucuresti::bucuresti::centrul-civic', 'Decebal-Alba Iulia-Unirii Est', 'decebal alba iulia unirii est', 'cluster_label', 0.8800);
INSERT INTO zone_macro_areas (zone_id, macro_area_code) VALUES ('bucuresti::bucuresti::centrul-civic', 'CENTRU');
INSERT INTO zone_macro_areas (zone_id, macro_area_code) VALUES ('bucuresti::bucuresti::centrul-civic', 'EST');
INSERT INTO zone_macro_areas (zone_id, macro_area_code) VALUES ('bucuresti::bucuresti::centrul-civic', 'SUD_EST');
INSERT INTO zone_macro_areas (zone_id, macro_area_code) VALUES ('bucuresti::bucuresti::centrul-civic', 'ULTRACENTRAL');
INSERT INTO zone_adjacency (source_zone_id, target_zone_id, relation_type, relation_weight) VALUES ('bucuresti::bucuresti::centrul-civic', 'bucuresti::bucuresti::vitan', 'adjacent', 1.0000) ON CONFLICT DO NOTHING;
INSERT INTO zone_adjacency (source_zone_id, target_zone_id, relation_type, relation_weight) VALUES ('bucuresti::bucuresti::centrul-civic', 'bucuresti::bucuresti::decebal', 'adjacent', 1.0000) ON CONFLICT DO NOTHING;
INSERT INTO zone_clusters (cluster_id, cluster_name, cluster_slug, zone_id) VALUES ('cluster::decebal-alba-iulia-unirii-est', 'Decebal-Alba Iulia-Unirii Est', 'decebal-alba-iulia-unirii-est', 'bucuresti::bucuresti::centrul-civic') ON CONFLICT DO NOTHING;
INSERT INTO zones (zone_id, region_name, county_name, sector_no, locality_name, zone_name, zone_slug, zone_type, parent_label, parent_zone_id, is_official, is_commercial, canonical_normalized_name) VALUES ('bucuresti::bucuresti::dristor', 'Bucuresti-Ilfov', 'Bucuresti', 3, 'Bucuresti', 'Dristor', 'dristor', 'cartier', 'Sector 3', NULL, FALSE, TRUE, 'dristor');
INSERT INTO zone_aliases (zone_id, alias, alias_normalized, alias_kind, confidence_weight) VALUES ('bucuresti::bucuresti::dristor', 'Dristor', 'dristor', 'alias', 1.0000), ('bucuresti::bucuresti::dristor', 'dristor', 'dristor', 'slug_variant', 0.9800);
INSERT INTO zone_aliases (zone_id, alias, alias_normalized, alias_kind, confidence_weight) VALUES ('bucuresti::bucuresti::dristor', 'Dristor Baba Novac', 'dristor baba novac', 'alias', 0.9700);
INSERT INTO zone_aliases (zone_id, alias, alias_normalized, alias_kind, confidence_weight) VALUES ('bucuresti::bucuresti::dristor', 'Baba Novac', 'baba novac', 'microzone', 0.9300);
INSERT INTO zone_aliases (zone_id, alias, alias_normalized, alias_kind, confidence_weight) VALUES ('bucuresti::bucuresti::dristor', 'Rm Sarat', 'rm sarat', 'microzone', 0.9300);
INSERT INTO zone_aliases (zone_id, alias, alias_normalized, alias_kind, confidence_weight) VALUES ('bucuresti::bucuresti::dristor', 'Dristor-Baba Novac-Muncii', 'dristor baba novac muncii', 'cluster_label', 0.8800);
INSERT INTO zone_macro_areas (zone_id, macro_area_code) VALUES ('bucuresti::bucuresti::dristor', 'CENTRU');
INSERT INTO zone_macro_areas (zone_id, macro_area_code) VALUES ('bucuresti::bucuresti::dristor', 'EST');
INSERT INTO zone_macro_areas (zone_id, macro_area_code) VALUES ('bucuresti::bucuresti::dristor', 'SUD_EST');
INSERT INTO zone_macro_areas (zone_id, macro_area_code) VALUES ('bucuresti::bucuresti::dristor', 'ULTRACENTRAL');
INSERT INTO zone_adjacency (source_zone_id, target_zone_id, relation_type, relation_weight) VALUES ('bucuresti::bucuresti::dristor', 'bucuresti::bucuresti::titan', 'adjacent', 1.0000) ON CONFLICT DO NOTHING;
INSERT INTO zone_adjacency (source_zone_id, target_zone_id, relation_type, relation_weight) VALUES ('bucuresti::bucuresti::dristor', 'bucuresti::bucuresti::vitan', 'adjacent', 1.0000) ON CONFLICT DO NOTHING;
INSERT INTO zone_adjacency (source_zone_id, target_zone_id, relation_type, relation_weight) VALUES ('bucuresti::bucuresti::dristor', 'bucuresti::bucuresti::muncii', 'adjacent', 1.0000) ON CONFLICT DO NOTHING;
INSERT INTO zone_adjacency (source_zone_id, target_zone_id, relation_type, relation_weight) VALUES ('bucuresti::bucuresti::dristor', 'bucuresti::bucuresti::dudesti', 'adjacent', 1.0000) ON CONFLICT DO NOTHING;
INSERT INTO zone_clusters (cluster_id, cluster_name, cluster_slug, zone_id) VALUES ('cluster::dristor-baba-novac-muncii', 'Dristor-Baba Novac-Muncii', 'dristor-baba-novac-muncii', 'bucuresti::bucuresti::dristor') ON CONFLICT DO NOTHING;
INSERT INTO zones (zone_id, region_name, county_name, sector_no, locality_name, zone_name, zone_slug, zone_type, parent_label, parent_zone_id, is_official, is_commercial, canonical_normalized_name) VALUES ('bucuresti::bucuresti::dudesti', 'Bucuresti-Ilfov', 'Bucuresti', 3, 'Bucuresti', 'Dudesti', 'dudesti', 'cartier', 'Sector 3', NULL, FALSE, TRUE, 'dudesti');
INSERT INTO zone_aliases (zone_id, alias, alias_normalized, alias_kind, confidence_weight) VALUES ('bucuresti::bucuresti::dudesti', 'Dudesti', 'dudesti', 'alias', 1.0000), ('bucuresti::bucuresti::dudesti', 'dudesti', 'dudesti', 'slug_variant', 0.9800);
INSERT INTO zone_aliases (zone_id, alias, alias_normalized, alias_kind, confidence_weight) VALUES ('bucuresti::bucuresti::dudesti', 'Dudesti Vitan', 'dudesti vitan', 'alias', 0.9700);
INSERT INTO zone_aliases (zone_id, alias, alias_normalized, alias_kind, confidence_weight) VALUES ('bucuresti::bucuresti::dudesti', 'Nerva Traian', 'nerva traian', 'microzone', 0.9300);
INSERT INTO zone_aliases (zone_id, alias, alias_normalized, alias_kind, confidence_weight) VALUES ('bucuresti::bucuresti::dudesti', 'Vitan Dudesti', 'vitan dudesti', 'microzone', 0.9300);
INSERT INTO zone_aliases (zone_id, alias, alias_normalized, alias_kind, confidence_weight) VALUES ('bucuresti::bucuresti::dudesti', 'Vitan-Dudesti-Mall Vitan', 'vitan dudesti mall vitan', 'cluster_label', 0.8800);
INSERT INTO zone_macro_areas (zone_id, macro_area_code) VALUES ('bucuresti::bucuresti::dudesti', 'CENTRU');
INSERT INTO zone_macro_areas (zone_id, macro_area_code) VALUES ('bucuresti::bucuresti::dudesti', 'EST');
INSERT INTO zone_macro_areas (zone_id, macro_area_code) VALUES ('bucuresti::bucuresti::dudesti', 'SUD_EST');
INSERT INTO zone_macro_areas (zone_id, macro_area_code) VALUES ('bucuresti::bucuresti::dudesti', 'ULTRACENTRAL');
INSERT INTO zone_adjacency (source_zone_id, target_zone_id, relation_type, relation_weight) VALUES ('bucuresti::bucuresti::dudesti', 'bucuresti::bucuresti::vitan', 'adjacent', 1.0000) ON CONFLICT DO NOTHING;
INSERT INTO zone_adjacency (source_zone_id, target_zone_id, relation_type, relation_weight) VALUES ('bucuresti::bucuresti::dudesti', 'bucuresti::bucuresti::dristor', 'adjacent', 1.0000) ON CONFLICT DO NOTHING;
INSERT INTO zone_adjacency (source_zone_id, target_zone_id, relation_type, relation_weight) VALUES ('bucuresti::bucuresti::dudesti', 'bucuresti::bucuresti::timpuri-noi', 'adjacent', 1.0000) ON CONFLICT DO NOTHING;
INSERT INTO zone_clusters (cluster_id, cluster_name, cluster_slug, zone_id) VALUES ('cluster::vitan-dudesti-mall-vitan', 'Vitan-Dudesti-Mall Vitan', 'vitan-dudesti-mall-vitan', 'bucuresti::bucuresti::dudesti') ON CONFLICT DO NOTHING;
INSERT INTO zones (zone_id, region_name, county_name, sector_no, locality_name, zone_name, zone_slug, zone_type, parent_label, parent_zone_id, is_official, is_commercial, canonical_normalized_name) VALUES ('bucuresti::bucuresti::lipscani', 'Bucuresti-Ilfov', 'Bucuresti', 3, 'Bucuresti', 'Lipscani', 'lipscani', 'cartier', 'Sector 3', NULL, FALSE, TRUE, 'lipscani');
INSERT INTO zone_aliases (zone_id, alias, alias_normalized, alias_kind, confidence_weight) VALUES ('bucuresti::bucuresti::lipscani', 'Lipscani', 'lipscani', 'alias', 1.0000), ('bucuresti::bucuresti::lipscani', 'lipscani', 'lipscani', 'slug_variant', 0.9800);
INSERT INTO zone_aliases (zone_id, alias, alias_normalized, alias_kind, confidence_weight) VALUES ('bucuresti::bucuresti::lipscani', 'Centrul Vechi', 'centrul vechi', 'alias', 0.9700);
INSERT INTO zone_aliases (zone_id, alias, alias_normalized, alias_kind, confidence_weight) VALUES ('bucuresti::bucuresti::lipscani', 'Piata Sf Gheorghe', 'piata sf gheorghe', 'microzone', 0.9300);
INSERT INTO zone_aliases (zone_id, alias, alias_normalized, alias_kind, confidence_weight) VALUES ('bucuresti::bucuresti::lipscani', 'Lipscani-Unirii-Centrul Vechi', 'lipscani unirii centrul vechi', 'cluster_label', 0.8800);
INSERT INTO zone_macro_areas (zone_id, macro_area_code) VALUES ('bucuresti::bucuresti::lipscani', 'CENTRU');
INSERT INTO zone_macro_areas (zone_id, macro_area_code) VALUES ('bucuresti::bucuresti::lipscani', 'EST');
INSERT INTO zone_macro_areas (zone_id, macro_area_code) VALUES ('bucuresti::bucuresti::lipscani', 'SUD_EST');
INSERT INTO zone_macro_areas (zone_id, macro_area_code) VALUES ('bucuresti::bucuresti::lipscani', 'ULTRACENTRAL');
INSERT INTO zone_clusters (cluster_id, cluster_name, cluster_slug, zone_id) VALUES ('cluster::lipscani-unirii-centrul-vechi', 'Lipscani-Unirii-Centrul Vechi', 'lipscani-unirii-centrul-vechi', 'bucuresti::bucuresti::lipscani') ON CONFLICT DO NOTHING;
INSERT INTO zones (zone_id, region_name, county_name, sector_no, locality_name, zone_name, zone_slug, zone_type, parent_label, parent_zone_id, is_official, is_commercial, canonical_normalized_name) VALUES ('bucuresti::bucuresti::muncii', 'Bucuresti-Ilfov', 'Bucuresti', 3, 'Bucuresti', 'Muncii', 'muncii', 'cartier', 'Sector 3', NULL, FALSE, TRUE, 'muncii');
INSERT INTO zone_aliases (zone_id, alias, alias_normalized, alias_kind, confidence_weight) VALUES ('bucuresti::bucuresti::muncii', 'Muncii', 'muncii', 'alias', 1.0000), ('bucuresti::bucuresti::muncii', 'muncii', 'muncii', 'slug_variant', 0.9800);
INSERT INTO zone_aliases (zone_id, alias, alias_normalized, alias_kind, confidence_weight) VALUES ('bucuresti::bucuresti::muncii', 'Piata Muncii', 'piata muncii', 'alias', 0.9700);
INSERT INTO zone_aliases (zone_id, alias, alias_normalized, alias_kind, confidence_weight) VALUES ('bucuresti::bucuresti::muncii', 'Delea Veche', 'delea veche', 'microzone', 0.9300);
INSERT INTO zone_aliases (zone_id, alias, alias_normalized, alias_kind, confidence_weight) VALUES ('bucuresti::bucuresti::muncii', 'Delea Noua', 'delea noua', 'microzone', 0.9300);
INSERT INTO zone_aliases (zone_id, alias, alias_normalized, alias_kind, confidence_weight) VALUES ('bucuresti::bucuresti::muncii', 'Dristor-Baba Novac-Muncii', 'dristor baba novac muncii', 'cluster_label', 0.8800);
INSERT INTO zone_macro_areas (zone_id, macro_area_code) VALUES ('bucuresti::bucuresti::muncii', 'CENTRU');
INSERT INTO zone_macro_areas (zone_id, macro_area_code) VALUES ('bucuresti::bucuresti::muncii', 'EST');
INSERT INTO zone_macro_areas (zone_id, macro_area_code) VALUES ('bucuresti::bucuresti::muncii', 'SUD_EST');
INSERT INTO zone_macro_areas (zone_id, macro_area_code) VALUES ('bucuresti::bucuresti::muncii', 'ULTRACENTRAL');
INSERT INTO zone_adjacency (source_zone_id, target_zone_id, relation_type, relation_weight) VALUES ('bucuresti::bucuresti::muncii', 'bucuresti::bucuresti::iancului', 'adjacent', 1.0000) ON CONFLICT DO NOTHING;
INSERT INTO zone_adjacency (source_zone_id, target_zone_id, relation_type, relation_weight) VALUES ('bucuresti::bucuresti::muncii', 'bucuresti::bucuresti::dristor', 'adjacent', 1.0000) ON CONFLICT DO NOTHING;
INSERT INTO zone_adjacency (source_zone_id, target_zone_id, relation_type, relation_weight) VALUES ('bucuresti::bucuresti::muncii', 'bucuresti::bucuresti::basarabia', 'adjacent', 1.0000) ON CONFLICT DO NOTHING;
INSERT INTO zone_adjacency (source_zone_id, target_zone_id, relation_type, relation_weight) VALUES ('bucuresti::bucuresti::muncii', 'bucuresti::bucuresti::decebal', 'adjacent', 1.0000) ON CONFLICT DO NOTHING;
INSERT INTO zone_clusters (cluster_id, cluster_name, cluster_slug, zone_id) VALUES ('cluster::dristor-baba-novac-muncii', 'Dristor-Baba Novac-Muncii', 'dristor-baba-novac-muncii', 'bucuresti::bucuresti::muncii') ON CONFLICT DO NOTHING;
INSERT INTO zones (zone_id, region_name, county_name, sector_no, locality_name, zone_name, zone_slug, zone_type, parent_label, parent_zone_id, is_official, is_commercial, canonical_normalized_name) VALUES ('bucuresti::bucuresti::ozana', 'Bucuresti-Ilfov', 'Bucuresti', 3, 'Bucuresti', 'Ozana', 'ozana', 'cartier', 'Sector 3', NULL, FALSE, TRUE, 'ozana');
INSERT INTO zone_aliases (zone_id, alias, alias_normalized, alias_kind, confidence_weight) VALUES ('bucuresti::bucuresti::ozana', 'Ozana', 'ozana', 'alias', 1.0000), ('bucuresti::bucuresti::ozana', 'ozana', 'ozana', 'slug_variant', 0.9800);
INSERT INTO zone_aliases (zone_id, alias, alias_normalized, alias_kind, confidence_weight) VALUES ('bucuresti::bucuresti::ozana', 'Ozana Titan', 'ozana titan', 'alias', 0.9700);
INSERT INTO zone_aliases (zone_id, alias, alias_normalized, alias_kind, confidence_weight) VALUES ('bucuresti::bucuresti::ozana', '1 Decembrie', '1 decembrie', 'microzone', 0.9300);
INSERT INTO zone_aliases (zone_id, alias, alias_normalized, alias_kind, confidence_weight) VALUES ('bucuresti::bucuresti::ozana', 'Pallady-Nicolae Grigorescu-1 Decembrie', 'pallady nicolae grigorescu 1 decembrie', 'cluster_label', 0.8800);
INSERT INTO zone_macro_areas (zone_id, macro_area_code) VALUES ('bucuresti::bucuresti::ozana', 'CENTRU');
INSERT INTO zone_macro_areas (zone_id, macro_area_code) VALUES ('bucuresti::bucuresti::ozana', 'EST');
INSERT INTO zone_macro_areas (zone_id, macro_area_code) VALUES ('bucuresti::bucuresti::ozana', 'SUD_EST');
INSERT INTO zone_macro_areas (zone_id, macro_area_code) VALUES ('bucuresti::bucuresti::ozana', 'ULTRACENTRAL');
INSERT INTO zone_adjacency (source_zone_id, target_zone_id, relation_type, relation_weight) VALUES ('bucuresti::bucuresti::ozana', 'bucuresti::bucuresti::titan', 'adjacent', 1.0000) ON CONFLICT DO NOTHING;
INSERT INTO zone_adjacency (source_zone_id, target_zone_id, relation_type, relation_weight) VALUES ('bucuresti::bucuresti::ozana', 'bucuresti::bucuresti::salajan', 'adjacent', 1.0000) ON CONFLICT DO NOTHING;
INSERT INTO zone_clusters (cluster_id, cluster_name, cluster_slug, zone_id) VALUES ('cluster::pallady-nicolae-grigorescu-1-decembrie', 'Pallady-Nicolae Grigorescu-1 Decembrie', 'pallady-nicolae-grigorescu-1-decembrie', 'bucuresti::bucuresti::ozana') ON CONFLICT DO NOTHING;
INSERT INTO zones (zone_id, region_name, county_name, sector_no, locality_name, zone_name, zone_slug, zone_type, parent_label, parent_zone_id, is_official, is_commercial, canonical_normalized_name) VALUES ('bucuresti::bucuresti::salajan', 'Bucuresti-Ilfov', 'Bucuresti', 3, 'Bucuresti', 'Salajan', 'salajan', 'cartier', 'Sector 3', NULL, FALSE, TRUE, 'salajan');
INSERT INTO zone_aliases (zone_id, alias, alias_normalized, alias_kind, confidence_weight) VALUES ('bucuresti::bucuresti::salajan', 'Salajan', 'salajan', 'alias', 1.0000), ('bucuresti::bucuresti::salajan', 'salajan', 'salajan', 'slug_variant', 0.9800);
INSERT INTO zone_aliases (zone_id, alias, alias_normalized, alias_kind, confidence_weight) VALUES ('bucuresti::bucuresti::salajan', 'Salajan Titan', 'salajan titan', 'alias', 0.9700);
INSERT INTO zone_aliases (zone_id, alias, alias_normalized, alias_kind, confidence_weight) VALUES ('bucuresti::bucuresti::salajan', 'Liviu Rebreanu', 'liviu rebreanu', 'microzone', 0.9300);
INSERT INTO zone_aliases (zone_id, alias, alias_normalized, alias_kind, confidence_weight) VALUES ('bucuresti::bucuresti::salajan', 'Titan-IOR-Liviu Rebreanu', 'titan ior liviu rebreanu', 'cluster_label', 0.8800);
INSERT INTO zone_macro_areas (zone_id, macro_area_code) VALUES ('bucuresti::bucuresti::salajan', 'CENTRU');
INSERT INTO zone_macro_areas (zone_id, macro_area_code) VALUES ('bucuresti::bucuresti::salajan', 'EST');
INSERT INTO zone_macro_areas (zone_id, macro_area_code) VALUES ('bucuresti::bucuresti::salajan', 'SUD_EST');
INSERT INTO zone_macro_areas (zone_id, macro_area_code) VALUES ('bucuresti::bucuresti::salajan', 'ULTRACENTRAL');
INSERT INTO zone_adjacency (source_zone_id, target_zone_id, relation_type, relation_weight) VALUES ('bucuresti::bucuresti::salajan', 'bucuresti::bucuresti::titan', 'adjacent', 1.0000) ON CONFLICT DO NOTHING;
INSERT INTO zone_adjacency (source_zone_id, target_zone_id, relation_type, relation_weight) VALUES ('bucuresti::bucuresti::salajan', 'bucuresti::bucuresti::ozana', 'adjacent', 1.0000) ON CONFLICT DO NOTHING;
INSERT INTO zone_adjacency (source_zone_id, target_zone_id, relation_type, relation_weight) VALUES ('bucuresti::bucuresti::salajan', 'bucuresti::bucuresti::nicolae-grigorescu', 'adjacent', 1.0000) ON CONFLICT DO NOTHING;
INSERT INTO zone_clusters (cluster_id, cluster_name, cluster_slug, zone_id) VALUES ('cluster::titan-ior-liviu-rebreanu', 'Titan-IOR-Liviu Rebreanu', 'titan-ior-liviu-rebreanu', 'bucuresti::bucuresti::salajan') ON CONFLICT DO NOTHING;
INSERT INTO zones (zone_id, region_name, county_name, sector_no, locality_name, zone_name, zone_slug, zone_type, parent_label, parent_zone_id, is_official, is_commercial, canonical_normalized_name) VALUES ('bucuresti::bucuresti::titan', 'Bucuresti-Ilfov', 'Bucuresti', 3, 'Bucuresti', 'Titan', 'titan', 'cartier', 'Sector 3', NULL, FALSE, TRUE, 'titan');
INSERT INTO zone_aliases (zone_id, alias, alias_normalized, alias_kind, confidence_weight) VALUES ('bucuresti::bucuresti::titan', 'Titan', 'titan', 'alias', 1.0000), ('bucuresti::bucuresti::titan', 'titan', 'titan', 'slug_variant', 0.9800);
INSERT INTO zone_aliases (zone_id, alias, alias_normalized, alias_kind, confidence_weight) VALUES ('bucuresti::bucuresti::titan', 'IOR', 'ior', 'alias', 0.9700);
INSERT INTO zone_aliases (zone_id, alias, alias_normalized, alias_kind, confidence_weight) VALUES ('bucuresti::bucuresti::titan', 'Parcul IOR', 'parcul ior', 'alias', 0.9700);
INSERT INTO zone_aliases (zone_id, alias, alias_normalized, alias_kind, confidence_weight) VALUES ('bucuresti::bucuresti::titan', 'ParkLake', 'parklake', 'microzone', 0.9300);
INSERT INTO zone_aliases (zone_id, alias, alias_normalized, alias_kind, confidence_weight) VALUES ('bucuresti::bucuresti::titan', 'Liviu Rebreanu', 'liviu rebreanu', 'microzone', 0.9300);
INSERT INTO zone_aliases (zone_id, alias, alias_normalized, alias_kind, confidence_weight) VALUES ('bucuresti::bucuresti::titan', 'IOR', 'ior', 'microzone', 0.9300);
INSERT INTO zone_aliases (zone_id, alias, alias_normalized, alias_kind, confidence_weight) VALUES ('bucuresti::bucuresti::titan', 'Titan-IOR-Liviu Rebreanu', 'titan ior liviu rebreanu', 'cluster_label', 0.8800);
INSERT INTO zone_macro_areas (zone_id, macro_area_code) VALUES ('bucuresti::bucuresti::titan', 'CENTRU');
INSERT INTO zone_macro_areas (zone_id, macro_area_code) VALUES ('bucuresti::bucuresti::titan', 'EST');
INSERT INTO zone_macro_areas (zone_id, macro_area_code) VALUES ('bucuresti::bucuresti::titan', 'SUD_EST');
INSERT INTO zone_macro_areas (zone_id, macro_area_code) VALUES ('bucuresti::bucuresti::titan', 'ULTRACENTRAL');
INSERT INTO zone_adjacency (source_zone_id, target_zone_id, relation_type, relation_weight) VALUES ('bucuresti::bucuresti::titan', 'bucuresti::bucuresti::balta-alba', 'adjacent', 1.0000) ON CONFLICT DO NOTHING;
INSERT INTO zone_adjacency (source_zone_id, target_zone_id, relation_type, relation_weight) VALUES ('bucuresti::bucuresti::titan', 'bucuresti::bucuresti::salajan', 'adjacent', 1.0000) ON CONFLICT DO NOTHING;
INSERT INTO zone_adjacency (source_zone_id, target_zone_id, relation_type, relation_weight) VALUES ('bucuresti::bucuresti::titan', 'bucuresti::bucuresti::dristor', 'adjacent', 1.0000) ON CONFLICT DO NOTHING;
INSERT INTO zone_adjacency (source_zone_id, target_zone_id, relation_type, relation_weight) VALUES ('bucuresti::bucuresti::titan', 'bucuresti::bucuresti::nicolae-grigorescu', 'adjacent', 1.0000) ON CONFLICT DO NOTHING;
INSERT INTO zone_clusters (cluster_id, cluster_name, cluster_slug, zone_id) VALUES ('cluster::titan-ior-liviu-rebreanu', 'Titan-IOR-Liviu Rebreanu', 'titan-ior-liviu-rebreanu', 'bucuresti::bucuresti::titan') ON CONFLICT DO NOTHING;
INSERT INTO zones (zone_id, region_name, county_name, sector_no, locality_name, zone_name, zone_slug, zone_type, parent_label, parent_zone_id, is_official, is_commercial, canonical_normalized_name) VALUES ('bucuresti::bucuresti::vitan', 'Bucuresti-Ilfov', 'Bucuresti', 3, 'Bucuresti', 'Vitan', 'vitan', 'cartier', 'Sector 3', NULL, FALSE, TRUE, 'vitan');
INSERT INTO zone_aliases (zone_id, alias, alias_normalized, alias_kind, confidence_weight) VALUES ('bucuresti::bucuresti::vitan', 'Vitan', 'vitan', 'alias', 1.0000), ('bucuresti::bucuresti::vitan', 'vitan', 'vitan', 'slug_variant', 0.9800);
INSERT INTO zone_aliases (zone_id, alias, alias_normalized, alias_kind, confidence_weight) VALUES ('bucuresti::bucuresti::vitan', 'Vitan Mall', 'vitan mall', 'alias', 0.9700);
INSERT INTO zone_aliases (zone_id, alias, alias_normalized, alias_kind, confidence_weight) VALUES ('bucuresti::bucuresti::vitan', 'Mall Vitan', 'mall vitan', 'microzone', 0.9300);
INSERT INTO zone_aliases (zone_id, alias, alias_normalized, alias_kind, confidence_weight) VALUES ('bucuresti::bucuresti::vitan', 'Vitan Barzesti', 'vitan barzesti', 'microzone', 0.9300);
INSERT INTO zone_aliases (zone_id, alias, alias_normalized, alias_kind, confidence_weight) VALUES ('bucuresti::bucuresti::vitan', 'Vitan-Dudesti-Mall Vitan', 'vitan dudesti mall vitan', 'cluster_label', 0.8800);
INSERT INTO zone_macro_areas (zone_id, macro_area_code) VALUES ('bucuresti::bucuresti::vitan', 'CENTRU');
INSERT INTO zone_macro_areas (zone_id, macro_area_code) VALUES ('bucuresti::bucuresti::vitan', 'EST');
INSERT INTO zone_macro_areas (zone_id, macro_area_code) VALUES ('bucuresti::bucuresti::vitan', 'SUD_EST');
INSERT INTO zone_macro_areas (zone_id, macro_area_code) VALUES ('bucuresti::bucuresti::vitan', 'ULTRACENTRAL');
INSERT INTO zone_adjacency (source_zone_id, target_zone_id, relation_type, relation_weight) VALUES ('bucuresti::bucuresti::vitan', 'bucuresti::bucuresti::dudesti', 'adjacent', 1.0000) ON CONFLICT DO NOTHING;
INSERT INTO zone_adjacency (source_zone_id, target_zone_id, relation_type, relation_weight) VALUES ('bucuresti::bucuresti::vitan', 'bucuresti::bucuresti::dristor', 'adjacent', 1.0000) ON CONFLICT DO NOTHING;
INSERT INTO zone_adjacency (source_zone_id, target_zone_id, relation_type, relation_weight) VALUES ('bucuresti::bucuresti::vitan', 'bucuresti::bucuresti::timpuri-noi', 'adjacent', 1.0000) ON CONFLICT DO NOTHING;
INSERT INTO zone_clusters (cluster_id, cluster_name, cluster_slug, zone_id) VALUES ('cluster::vitan-dudesti-mall-vitan', 'Vitan-Dudesti-Mall Vitan', 'vitan-dudesti-mall-vitan', 'bucuresti::bucuresti::vitan') ON CONFLICT DO NOTHING;
INSERT INTO zones (zone_id, region_name, county_name, sector_no, locality_name, zone_name, zone_slug, zone_type, parent_label, parent_zone_id, is_official, is_commercial, canonical_normalized_name) VALUES ('bucuresti::bucuresti::theodor-pallady', 'Bucuresti-Ilfov', 'Bucuresti', 3, 'Bucuresti', 'Theodor Pallady', 'theodor-pallady', 'cartier', 'Sector 3', NULL, FALSE, TRUE, 'theodor pallady');
INSERT INTO zone_aliases (zone_id, alias, alias_normalized, alias_kind, confidence_weight) VALUES ('bucuresti::bucuresti::theodor-pallady', 'Theodor Pallady', 'theodor pallady', 'alias', 1.0000), ('bucuresti::bucuresti::theodor-pallady', 'theodor pallady', 'theodor pallady', 'slug_variant', 0.9800);
INSERT INTO zone_aliases (zone_id, alias, alias_normalized, alias_kind, confidence_weight) VALUES ('bucuresti::bucuresti::theodor-pallady', 'Pallady', 'pallady', 'alias', 0.9700);
INSERT INTO zone_aliases (zone_id, alias, alias_normalized, alias_kind, confidence_weight) VALUES ('bucuresti::bucuresti::theodor-pallady', 'Ikea Pallady', 'ikea pallady', 'microzone', 0.9300);
INSERT INTO zone_aliases (zone_id, alias, alias_normalized, alias_kind, confidence_weight) VALUES ('bucuresti::bucuresti::theodor-pallady', 'Metrou Nicolae Teclu', 'metrou nicolae teclu', 'microzone', 0.9300);
INSERT INTO zone_aliases (zone_id, alias, alias_normalized, alias_kind, confidence_weight) VALUES ('bucuresti::bucuresti::theodor-pallady', 'Pallady-Nicolae Grigorescu-1 Decembrie', 'pallady nicolae grigorescu 1 decembrie', 'cluster_label', 0.8800);
INSERT INTO zone_macro_areas (zone_id, macro_area_code) VALUES ('bucuresti::bucuresti::theodor-pallady', 'CENTRU');
INSERT INTO zone_macro_areas (zone_id, macro_area_code) VALUES ('bucuresti::bucuresti::theodor-pallady', 'EST');
INSERT INTO zone_macro_areas (zone_id, macro_area_code) VALUES ('bucuresti::bucuresti::theodor-pallady', 'SUD_EST');
INSERT INTO zone_macro_areas (zone_id, macro_area_code) VALUES ('bucuresti::bucuresti::theodor-pallady', 'ULTRACENTRAL');
INSERT INTO zone_adjacency (source_zone_id, target_zone_id, relation_type, relation_weight) VALUES ('bucuresti::bucuresti::theodor-pallady', 'bucuresti::bucuresti::ozana', 'adjacent', 1.0000) ON CONFLICT DO NOTHING;
INSERT INTO zone_adjacency (source_zone_id, target_zone_id, relation_type, relation_weight) VALUES ('bucuresti::bucuresti::theodor-pallady', 'bucuresti::bucuresti::nicolae-grigorescu', 'adjacent', 1.0000) ON CONFLICT DO NOTHING;
INSERT INTO zone_adjacency (source_zone_id, target_zone_id, relation_type, relation_weight) VALUES ('bucuresti::bucuresti::theodor-pallady', 'ilfov::1-decembrie::1-decembrie', 'adjacent', 1.0000) ON CONFLICT DO NOTHING;
INSERT INTO zone_adjacency (source_zone_id, target_zone_id, relation_type, relation_weight) VALUES ('bucuresti::bucuresti::theodor-pallady', 'ilfov::glina::glina', 'adjacent', 1.0000) ON CONFLICT DO NOTHING;
INSERT INTO zone_clusters (cluster_id, cluster_name, cluster_slug, zone_id) VALUES ('cluster::pallady-nicolae-grigorescu-1-decembrie', 'Pallady-Nicolae Grigorescu-1 Decembrie', 'pallady-nicolae-grigorescu-1-decembrie', 'bucuresti::bucuresti::theodor-pallady') ON CONFLICT DO NOTHING;
INSERT INTO zones (zone_id, region_name, county_name, sector_no, locality_name, zone_name, zone_slug, zone_type, parent_label, parent_zone_id, is_official, is_commercial, canonical_normalized_name) VALUES ('bucuresti::bucuresti::23-august', 'Bucuresti-Ilfov', 'Bucuresti', 3, 'Bucuresti', '23 August', '23-august', 'cartier', 'Sector 3', NULL, FALSE, TRUE, '23 august');
INSERT INTO zone_aliases (zone_id, alias, alias_normalized, alias_kind, confidence_weight) VALUES ('bucuresti::bucuresti::23-august', '23 August', '23 august', 'alias', 1.0000), ('bucuresti::bucuresti::23-august', '23 august', '23 august', 'slug_variant', 0.9800);
INSERT INTO zone_aliases (zone_id, alias, alias_normalized, alias_kind, confidence_weight) VALUES ('bucuresti::bucuresti::23-august', 'Republica 23 August', 'republica 23 august', 'alias', 0.9700);
INSERT INTO zone_aliases (zone_id, alias, alias_normalized, alias_kind, confidence_weight) VALUES ('bucuresti::bucuresti::23-august', 'Bd Basarabia Est', 'bd basarabia est', 'microzone', 0.9300);
INSERT INTO zone_aliases (zone_id, alias, alias_normalized, alias_kind, confidence_weight) VALUES ('bucuresti::bucuresti::23-august', '23 August-Republica-Industriilor', '23 august republica industriilor', 'cluster_label', 0.8800);
INSERT INTO zone_macro_areas (zone_id, macro_area_code) VALUES ('bucuresti::bucuresti::23-august', 'CENTRU');
INSERT INTO zone_macro_areas (zone_id, macro_area_code) VALUES ('bucuresti::bucuresti::23-august', 'EST');
INSERT INTO zone_macro_areas (zone_id, macro_area_code) VALUES ('bucuresti::bucuresti::23-august', 'SUD_EST');
INSERT INTO zone_macro_areas (zone_id, macro_area_code) VALUES ('bucuresti::bucuresti::23-august', 'ULTRACENTRAL');
INSERT INTO zone_adjacency (source_zone_id, target_zone_id, relation_type, relation_weight) VALUES ('bucuresti::bucuresti::23-august', 'ilfov::pantelimon::pantelimon', 'adjacent', 1.0000) ON CONFLICT DO NOTHING;
INSERT INTO zone_clusters (cluster_id, cluster_name, cluster_slug, zone_id) VALUES ('cluster::23-august-republica-industriilor', '23 August-Republica-Industriilor', '23-august-republica-industriilor', 'bucuresti::bucuresti::23-august') ON CONFLICT DO NOTHING;
INSERT INTO zones (zone_id, region_name, county_name, sector_no, locality_name, zone_name, zone_slug, zone_type, parent_label, parent_zone_id, is_official, is_commercial, canonical_normalized_name) VALUES ('bucuresti::bucuresti::industriilor', 'Bucuresti-Ilfov', 'Bucuresti', 3, 'Bucuresti', 'Industriilor', 'industriilor', 'cartier', 'Sector 3', NULL, FALSE, TRUE, 'industriilor');
INSERT INTO zone_aliases (zone_id, alias, alias_normalized, alias_kind, confidence_weight) VALUES ('bucuresti::bucuresti::industriilor', 'Industriilor', 'industriilor', 'alias', 1.0000), ('bucuresti::bucuresti::industriilor', 'industriilor', 'industriilor', 'slug_variant', 0.9800);
INSERT INTO zone_aliases (zone_id, alias, alias_normalized, alias_kind, confidence_weight) VALUES ('bucuresti::bucuresti::industriilor', 'Republica', 'republica', 'alias', 0.9700);
INSERT INTO zone_aliases (zone_id, alias, alias_normalized, alias_kind, confidence_weight) VALUES ('bucuresti::bucuresti::industriilor', 'Hala Laminor', 'hala laminor', 'alias', 0.9700);
INSERT INTO zone_aliases (zone_id, alias, alias_normalized, alias_kind, confidence_weight) VALUES ('bucuresti::bucuresti::industriilor', 'Republica Metro', 'republica metro', 'microzone', 0.9300);
INSERT INTO zone_aliases (zone_id, alias, alias_normalized, alias_kind, confidence_weight) VALUES ('bucuresti::bucuresti::industriilor', 'Hala Laminor', 'hala laminor', 'microzone', 0.9300);
INSERT INTO zone_aliases (zone_id, alias, alias_normalized, alias_kind, confidence_weight) VALUES ('bucuresti::bucuresti::industriilor', '23 August-Republica-Industriilor', '23 august republica industriilor', 'cluster_label', 0.8800);
INSERT INTO zone_macro_areas (zone_id, macro_area_code) VALUES ('bucuresti::bucuresti::industriilor', 'CENTRU');
INSERT INTO zone_macro_areas (zone_id, macro_area_code) VALUES ('bucuresti::bucuresti::industriilor', 'EST');
INSERT INTO zone_macro_areas (zone_id, macro_area_code) VALUES ('bucuresti::bucuresti::industriilor', 'SUD_EST');
INSERT INTO zone_macro_areas (zone_id, macro_area_code) VALUES ('bucuresti::bucuresti::industriilor', 'ULTRACENTRAL');
INSERT INTO zone_adjacency (source_zone_id, target_zone_id, relation_type, relation_weight) VALUES ('bucuresti::bucuresti::industriilor', 'bucuresti::bucuresti::23-august', 'adjacent', 1.0000) ON CONFLICT DO NOTHING;
INSERT INTO zone_clusters (cluster_id, cluster_name, cluster_slug, zone_id) VALUES ('cluster::23-august-republica-industriilor', '23 August-Republica-Industriilor', '23-august-republica-industriilor', 'bucuresti::bucuresti::industriilor') ON CONFLICT DO NOTHING;
INSERT INTO zones (zone_id, region_name, county_name, sector_no, locality_name, zone_name, zone_slug, zone_type, parent_label, parent_zone_id, is_official, is_commercial, canonical_normalized_name) VALUES ('bucuresti::bucuresti::nicolae-grigorescu', 'Bucuresti-Ilfov', 'Bucuresti', 3, 'Bucuresti', 'Nicolae Grigorescu', 'nicolae-grigorescu', 'cartier', 'Sector 3', NULL, FALSE, TRUE, 'nicolae grigorescu');
INSERT INTO zone_aliases (zone_id, alias, alias_normalized, alias_kind, confidence_weight) VALUES ('bucuresti::bucuresti::nicolae-grigorescu', 'Nicolae Grigorescu', 'nicolae grigorescu', 'alias', 1.0000), ('bucuresti::bucuresti::nicolae-grigorescu', 'nicolae grigorescu', 'nicolae grigorescu', 'slug_variant', 0.9800);
INSERT INTO zone_aliases (zone_id, alias, alias_normalized, alias_kind, confidence_weight) VALUES ('bucuresti::bucuresti::nicolae-grigorescu', 'N Grigorescu', 'n grigorescu', 'alias', 0.9700);
INSERT INTO zone_aliases (zone_id, alias, alias_normalized, alias_kind, confidence_weight) VALUES ('bucuresti::bucuresti::nicolae-grigorescu', 'Parc IOR Est', 'parc ior est', 'microzone', 0.9300);
INSERT INTO zone_aliases (zone_id, alias, alias_normalized, alias_kind, confidence_weight) VALUES ('bucuresti::bucuresti::nicolae-grigorescu', 'Pallady-Nicolae Grigorescu-1 Decembrie', 'pallady nicolae grigorescu 1 decembrie', 'cluster_label', 0.8800);
INSERT INTO zone_macro_areas (zone_id, macro_area_code) VALUES ('bucuresti::bucuresti::nicolae-grigorescu', 'CENTRU');
INSERT INTO zone_macro_areas (zone_id, macro_area_code) VALUES ('bucuresti::bucuresti::nicolae-grigorescu', 'EST');
INSERT INTO zone_macro_areas (zone_id, macro_area_code) VALUES ('bucuresti::bucuresti::nicolae-grigorescu', 'SUD_EST');
INSERT INTO zone_macro_areas (zone_id, macro_area_code) VALUES ('bucuresti::bucuresti::nicolae-grigorescu', 'ULTRACENTRAL');
INSERT INTO zone_adjacency (source_zone_id, target_zone_id, relation_type, relation_weight) VALUES ('bucuresti::bucuresti::nicolae-grigorescu', 'bucuresti::bucuresti::titan', 'adjacent', 1.0000) ON CONFLICT DO NOTHING;
INSERT INTO zone_adjacency (source_zone_id, target_zone_id, relation_type, relation_weight) VALUES ('bucuresti::bucuresti::nicolae-grigorescu', 'bucuresti::bucuresti::salajan', 'adjacent', 1.0000) ON CONFLICT DO NOTHING;
INSERT INTO zone_adjacency (source_zone_id, target_zone_id, relation_type, relation_weight) VALUES ('bucuresti::bucuresti::nicolae-grigorescu', 'bucuresti::bucuresti::ozana', 'adjacent', 1.0000) ON CONFLICT DO NOTHING;
INSERT INTO zone_clusters (cluster_id, cluster_name, cluster_slug, zone_id) VALUES ('cluster::pallady-nicolae-grigorescu-1-decembrie', 'Pallady-Nicolae Grigorescu-1 Decembrie', 'pallady-nicolae-grigorescu-1-decembrie', 'bucuresti::bucuresti::nicolae-grigorescu') ON CONFLICT DO NOTHING;
INSERT INTO zones (zone_id, region_name, county_name, sector_no, locality_name, zone_name, zone_slug, zone_type, parent_label, parent_zone_id, is_official, is_commercial, canonical_normalized_name) VALUES ('bucuresti::bucuresti::decebal', 'Bucuresti-Ilfov', 'Bucuresti', 3, 'Bucuresti', 'Decebal', 'decebal', 'cartier', 'Sector 3', NULL, FALSE, TRUE, 'decebal');
INSERT INTO zone_aliases (zone_id, alias, alias_normalized, alias_kind, confidence_weight) VALUES ('bucuresti::bucuresti::decebal', 'Decebal', 'decebal', 'alias', 1.0000), ('bucuresti::bucuresti::decebal', 'decebal', 'decebal', 'slug_variant', 0.9800);
INSERT INTO zone_aliases (zone_id, alias, alias_normalized, alias_kind, confidence_weight) VALUES ('bucuresti::bucuresti::decebal', 'Piata Alba Iulia', 'piata alba iulia', 'alias', 0.9700);
INSERT INTO zone_aliases (zone_id, alias, alias_normalized, alias_kind, confidence_weight) VALUES ('bucuresti::bucuresti::decebal', 'Burebista', 'burebista', 'alias', 0.9700);
INSERT INTO zone_aliases (zone_id, alias, alias_normalized, alias_kind, confidence_weight) VALUES ('bucuresti::bucuresti::decebal', 'Alba Iulia', 'alba iulia', 'microzone', 0.9300);
INSERT INTO zone_aliases (zone_id, alias, alias_normalized, alias_kind, confidence_weight) VALUES ('bucuresti::bucuresti::decebal', 'Burebista', 'burebista', 'microzone', 0.9300);
INSERT INTO zone_aliases (zone_id, alias, alias_normalized, alias_kind, confidence_weight) VALUES ('bucuresti::bucuresti::decebal', 'Decebal-Alba Iulia-Unirii Est', 'decebal alba iulia unirii est', 'cluster_label', 0.8800);
INSERT INTO zone_macro_areas (zone_id, macro_area_code) VALUES ('bucuresti::bucuresti::decebal', 'CENTRU');
INSERT INTO zone_macro_areas (zone_id, macro_area_code) VALUES ('bucuresti::bucuresti::decebal', 'EST');
INSERT INTO zone_macro_areas (zone_id, macro_area_code) VALUES ('bucuresti::bucuresti::decebal', 'SUD_EST');
INSERT INTO zone_macro_areas (zone_id, macro_area_code) VALUES ('bucuresti::bucuresti::decebal', 'ULTRACENTRAL');
INSERT INTO zone_adjacency (source_zone_id, target_zone_id, relation_type, relation_weight) VALUES ('bucuresti::bucuresti::decebal', 'bucuresti::bucuresti::muncii', 'adjacent', 1.0000) ON CONFLICT DO NOTHING;
INSERT INTO zone_adjacency (source_zone_id, target_zone_id, relation_type, relation_weight) VALUES ('bucuresti::bucuresti::decebal', 'bucuresti::bucuresti::vitan', 'adjacent', 1.0000) ON CONFLICT DO NOTHING;
INSERT INTO zone_clusters (cluster_id, cluster_name, cluster_slug, zone_id) VALUES ('cluster::decebal-alba-iulia-unirii-est', 'Decebal-Alba Iulia-Unirii Est', 'decebal-alba-iulia-unirii-est', 'bucuresti::bucuresti::decebal') ON CONFLICT DO NOTHING;
INSERT INTO zones (zone_id, region_name, county_name, sector_no, locality_name, zone_name, zone_slug, zone_type, parent_label, parent_zone_id, is_official, is_commercial, canonical_normalized_name) VALUES ('bucuresti::bucuresti::alba-iulia', 'Bucuresti-Ilfov', 'Bucuresti', 3, 'Bucuresti', 'Alba Iulia', 'alba-iulia', 'cartier', 'Sector 3', NULL, FALSE, TRUE, 'alba iulia');
INSERT INTO zone_aliases (zone_id, alias, alias_normalized, alias_kind, confidence_weight) VALUES ('bucuresti::bucuresti::alba-iulia', 'Alba Iulia', 'alba iulia', 'alias', 1.0000), ('bucuresti::bucuresti::alba-iulia', 'alba iulia', 'alba iulia', 'slug_variant', 0.9800);
INSERT INTO zone_aliases (zone_id, alias, alias_normalized, alias_kind, confidence_weight) VALUES ('bucuresti::bucuresti::alba-iulia', 'Piata Alba Iulia', 'piata alba iulia', 'alias', 0.9700);
INSERT INTO zone_aliases (zone_id, alias, alias_normalized, alias_kind, confidence_weight) VALUES ('bucuresti::bucuresti::alba-iulia', 'Bulevardul Unirii', 'bulevardul unirii', 'microzone', 0.9300);
INSERT INTO zone_aliases (zone_id, alias, alias_normalized, alias_kind, confidence_weight) VALUES ('bucuresti::bucuresti::alba-iulia', 'Decebal-Alba Iulia-Unirii Est', 'decebal alba iulia unirii est', 'cluster_label', 0.8800);
INSERT INTO zone_macro_areas (zone_id, macro_area_code) VALUES ('bucuresti::bucuresti::alba-iulia', 'CENTRU');
INSERT INTO zone_macro_areas (zone_id, macro_area_code) VALUES ('bucuresti::bucuresti::alba-iulia', 'EST');
INSERT INTO zone_macro_areas (zone_id, macro_area_code) VALUES ('bucuresti::bucuresti::alba-iulia', 'SUD_EST');
INSERT INTO zone_macro_areas (zone_id, macro_area_code) VALUES ('bucuresti::bucuresti::alba-iulia', 'ULTRACENTRAL');
INSERT INTO zone_adjacency (source_zone_id, target_zone_id, relation_type, relation_weight) VALUES ('bucuresti::bucuresti::alba-iulia', 'bucuresti::bucuresti::decebal', 'adjacent', 1.0000) ON CONFLICT DO NOTHING;
INSERT INTO zone_adjacency (source_zone_id, target_zone_id, relation_type, relation_weight) VALUES ('bucuresti::bucuresti::alba-iulia', 'bucuresti::bucuresti::muncii', 'adjacent', 1.0000) ON CONFLICT DO NOTHING;
INSERT INTO zone_clusters (cluster_id, cluster_name, cluster_slug, zone_id) VALUES ('cluster::decebal-alba-iulia-unirii-est', 'Decebal-Alba Iulia-Unirii Est', 'decebal-alba-iulia-unirii-est', 'bucuresti::bucuresti::alba-iulia') ON CONFLICT DO NOTHING;
INSERT INTO zones (zone_id, region_name, county_name, sector_no, locality_name, zone_name, zone_slug, zone_type, parent_label, parent_zone_id, is_official, is_commercial, canonical_normalized_name) VALUES ('bucuresti::bucuresti::aparatorii-patriei', 'Bucuresti-Ilfov', 'Bucuresti', 4, 'Bucuresti', 'Aparatorii Patriei', 'aparatorii-patriei', 'cartier', 'Sector 4', NULL, FALSE, TRUE, 'aparatorii patriei');
INSERT INTO zone_aliases (zone_id, alias, alias_normalized, alias_kind, confidence_weight) VALUES ('bucuresti::bucuresti::aparatorii-patriei', 'Aparatorii Patriei', 'aparatorii patriei', 'alias', 1.0000), ('bucuresti::bucuresti::aparatorii-patriei', 'aparatorii patriei', 'aparatorii patriei', 'slug_variant', 0.9800);
INSERT INTO zone_aliases (zone_id, alias, alias_normalized, alias_kind, confidence_weight) VALUES ('bucuresti::bucuresti::aparatorii-patriei', 'Aparatorii', 'aparatorii', 'alias', 0.9700);
INSERT INTO zone_aliases (zone_id, alias, alias_normalized, alias_kind, confidence_weight) VALUES ('bucuresti::bucuresti::aparatorii-patriei', 'Aparatorii Patriei Metro', 'aparatorii patriei metro', 'alias', 0.9700);
INSERT INTO zone_aliases (zone_id, alias, alias_normalized, alias_kind, confidence_weight) VALUES ('bucuresti::bucuresti::aparatorii-patriei', 'Aparatori Metro', 'aparatori metro', 'microzone', 0.9300);
INSERT INTO zone_aliases (zone_id, alias, alias_normalized, alias_kind, confidence_weight) VALUES ('bucuresti::bucuresti::aparatorii-patriei', 'Berceni-Aparatorii-Oltenitei', 'berceni aparatorii oltenitei', 'cluster_label', 0.8800);
INSERT INTO zone_macro_areas (zone_id, macro_area_code) VALUES ('bucuresti::bucuresti::aparatorii-patriei', 'CENTRU');
INSERT INTO zone_macro_areas (zone_id, macro_area_code) VALUES ('bucuresti::bucuresti::aparatorii-patriei', 'SUD_EST');
INSERT INTO zone_macro_areas (zone_id, macro_area_code) VALUES ('bucuresti::bucuresti::aparatorii-patriei', 'SUD');
INSERT INTO zone_adjacency (source_zone_id, target_zone_id, relation_type, relation_weight) VALUES ('bucuresti::bucuresti::aparatorii-patriei', 'ilfov::berceni::berceni', 'adjacent', 1.0000) ON CONFLICT DO NOTHING;
INSERT INTO zone_adjacency (source_zone_id, target_zone_id, relation_type, relation_weight) VALUES ('bucuresti::bucuresti::aparatorii-patriei', 'bucuresti::bucuresti::oltenitei', 'adjacent', 1.0000) ON CONFLICT DO NOTHING;
INSERT INTO zone_adjacency (source_zone_id, target_zone_id, relation_type, relation_weight) VALUES ('bucuresti::bucuresti::aparatorii-patriei', 'ilfov::popesti-leordeni::popesti-leordeni', 'adjacent', 1.0000) ON CONFLICT DO NOTHING;
INSERT INTO zone_clusters (cluster_id, cluster_name, cluster_slug, zone_id) VALUES ('cluster::berceni-aparatorii-oltenitei', 'Berceni-Aparatorii-Oltenitei', 'berceni-aparatorii-oltenitei', 'bucuresti::bucuresti::aparatorii-patriei') ON CONFLICT DO NOTHING;
INSERT INTO zones (zone_id, region_name, county_name, sector_no, locality_name, zone_name, zone_slug, zone_type, parent_label, parent_zone_id, is_official, is_commercial, canonical_normalized_name) VALUES ('bucuresti::bucuresti::berceni', 'Bucuresti-Ilfov', 'Bucuresti', 4, 'Bucuresti', 'Berceni', 'berceni', 'cartier', 'Sector 4', NULL, FALSE, TRUE, 'berceni');
INSERT INTO zone_aliases (zone_id, alias, alias_normalized, alias_kind, confidence_weight) VALUES ('bucuresti::bucuresti::berceni', 'Berceni', 'berceni', 'alias', 1.0000), ('bucuresti::bucuresti::berceni', 'berceni', 'berceni', 'slug_variant', 0.9800);
INSERT INTO zone_aliases (zone_id, alias, alias_normalized, alias_kind, confidence_weight) VALUES ('bucuresti::bucuresti::berceni', 'Berceni Sector 4', 'berceni sector 4', 'alias', 0.9700);
INSERT INTO zone_aliases (zone_id, alias, alias_normalized, alias_kind, confidence_weight) VALUES ('bucuresti::bucuresti::berceni', 'Piata Sudului', 'piata sudului', 'microzone', 0.9300);
INSERT INTO zone_aliases (zone_id, alias, alias_normalized, alias_kind, confidence_weight) VALUES ('bucuresti::bucuresti::berceni', 'Soseaua Berceni', 'soseaua berceni', 'microzone', 0.9300);
INSERT INTO zone_aliases (zone_id, alias, alias_normalized, alias_kind, confidence_weight) VALUES ('bucuresti::bucuresti::berceni', 'Berceni-Aparatorii-Oltenitei', 'berceni aparatorii oltenitei', 'cluster_label', 0.8800);
INSERT INTO zone_macro_areas (zone_id, macro_area_code) VALUES ('bucuresti::bucuresti::berceni', 'CENTRU');
INSERT INTO zone_macro_areas (zone_id, macro_area_code) VALUES ('bucuresti::bucuresti::berceni', 'SUD_EST');
INSERT INTO zone_macro_areas (zone_id, macro_area_code) VALUES ('bucuresti::bucuresti::berceni', 'SUD');
INSERT INTO zone_adjacency (source_zone_id, target_zone_id, relation_type, relation_weight) VALUES ('bucuresti::bucuresti::berceni', 'bucuresti::bucuresti::brancoveanu', 'adjacent', 1.0000) ON CONFLICT DO NOTHING;
INSERT INTO zone_adjacency (source_zone_id, target_zone_id, relation_type, relation_weight) VALUES ('bucuresti::bucuresti::berceni', 'bucuresti::bucuresti::oltenitei', 'adjacent', 1.0000) ON CONFLICT DO NOTHING;
INSERT INTO zone_adjacency (source_zone_id, target_zone_id, relation_type, relation_weight) VALUES ('bucuresti::bucuresti::berceni', 'bucuresti::bucuresti::aparatorii-patriei', 'adjacent', 1.0000) ON CONFLICT DO NOTHING;
INSERT INTO zone_adjacency (source_zone_id, target_zone_id, relation_type, relation_weight) VALUES ('bucuresti::bucuresti::berceni', 'bucuresti::bucuresti::metalurgiei', 'adjacent', 1.0000) ON CONFLICT DO NOTHING;
INSERT INTO zone_adjacency (source_zone_id, target_zone_id, relation_type, relation_weight) VALUES ('bucuresti::bucuresti::berceni', 'ilfov::popesti-leordeni::popesti-leordeni', 'adjacent', 1.0000) ON CONFLICT DO NOTHING;
INSERT INTO zone_clusters (cluster_id, cluster_name, cluster_slug, zone_id) VALUES ('cluster::berceni-aparatorii-oltenitei', 'Berceni-Aparatorii-Oltenitei', 'berceni-aparatorii-oltenitei', 'bucuresti::bucuresti::berceni') ON CONFLICT DO NOTHING;
INSERT INTO zones (zone_id, region_name, county_name, sector_no, locality_name, zone_name, zone_slug, zone_type, parent_label, parent_zone_id, is_official, is_commercial, canonical_normalized_name) VALUES ('bucuresti::bucuresti::brancoveanu', 'Bucuresti-Ilfov', 'Bucuresti', 4, 'Bucuresti', 'Brancoveanu', 'brancoveanu', 'cartier', 'Sector 4', NULL, FALSE, TRUE, 'brancoveanu');
INSERT INTO zone_aliases (zone_id, alias, alias_normalized, alias_kind, confidence_weight) VALUES ('bucuresti::bucuresti::brancoveanu', 'Brancoveanu', 'brancoveanu', 'alias', 1.0000), ('bucuresti::bucuresti::brancoveanu', 'brancoveanu', 'brancoveanu', 'slug_variant', 0.9800);
INSERT INTO zone_aliases (zone_id, alias, alias_normalized, alias_kind, confidence_weight) VALUES ('bucuresti::bucuresti::brancoveanu', 'Constantin Brancoveanu', 'constantin brancoveanu', 'alias', 0.9700);
INSERT INTO zone_aliases (zone_id, alias, alias_normalized, alias_kind, confidence_weight) VALUES ('bucuresti::bucuresti::brancoveanu', 'Oraselul Copiilor', 'oraselul copiilor', 'microzone', 0.9300);
INSERT INTO zone_aliases (zone_id, alias, alias_normalized, alias_kind, confidence_weight) VALUES ('bucuresti::bucuresti::brancoveanu', 'Brancoveanu-Piata Sudului-Oraselul Copiilor', 'brancoveanu piata sudului oraselul copiilor', 'cluster_label', 0.8800);
INSERT INTO zone_macro_areas (zone_id, macro_area_code) VALUES ('bucuresti::bucuresti::brancoveanu', 'CENTRU');
INSERT INTO zone_macro_areas (zone_id, macro_area_code) VALUES ('bucuresti::bucuresti::brancoveanu', 'SUD_EST');
INSERT INTO zone_macro_areas (zone_id, macro_area_code) VALUES ('bucuresti::bucuresti::brancoveanu', 'SUD');
INSERT INTO zone_adjacency (source_zone_id, target_zone_id, relation_type, relation_weight) VALUES ('bucuresti::bucuresti::brancoveanu', 'ilfov::berceni::berceni', 'adjacent', 1.0000) ON CONFLICT DO NOTHING;
INSERT INTO zone_adjacency (source_zone_id, target_zone_id, relation_type, relation_weight) VALUES ('bucuresti::bucuresti::brancoveanu', 'bucuresti::bucuresti::tineretului', 'adjacent', 1.0000) ON CONFLICT DO NOTHING;
INSERT INTO zone_adjacency (source_zone_id, target_zone_id, relation_type, relation_weight) VALUES ('bucuresti::bucuresti::brancoveanu', 'bucuresti::bucuresti::piata-sudului', 'adjacent', 1.0000) ON CONFLICT DO NOTHING;
INSERT INTO zone_clusters (cluster_id, cluster_name, cluster_slug, zone_id) VALUES ('cluster::brancoveanu-piata-sudului-oraselul-copiilor', 'Brancoveanu-Piata Sudului-Oraselul Copiilor', 'brancoveanu-piata-sudului-oraselul-copiilor', 'bucuresti::bucuresti::brancoveanu') ON CONFLICT DO NOTHING;
INSERT INTO zones (zone_id, region_name, county_name, sector_no, locality_name, zone_name, zone_slug, zone_type, parent_label, parent_zone_id, is_official, is_commercial, canonical_normalized_name) VALUES ('bucuresti::bucuresti::carol', 'Bucuresti-Ilfov', 'Bucuresti', 4, 'Bucuresti', 'Carol', 'carol', 'cartier', 'Sector 4', NULL, FALSE, TRUE, 'carol');
INSERT INTO zone_aliases (zone_id, alias, alias_normalized, alias_kind, confidence_weight) VALUES ('bucuresti::bucuresti::carol', 'Carol', 'carol', 'alias', 1.0000), ('bucuresti::bucuresti::carol', 'carol', 'carol', 'slug_variant', 0.9800);
INSERT INTO zone_aliases (zone_id, alias, alias_normalized, alias_kind, confidence_weight) VALUES ('bucuresti::bucuresti::carol', 'Parcul Carol', 'parcul carol', 'alias', 0.9700);
INSERT INTO zone_aliases (zone_id, alias, alias_normalized, alias_kind, confidence_weight) VALUES ('bucuresti::bucuresti::carol', 'Filaret', 'filaret', 'microzone', 0.9300);
INSERT INTO zone_aliases (zone_id, alias, alias_normalized, alias_kind, confidence_weight) VALUES ('bucuresti::bucuresti::carol', 'Tineretului-Timpuri Noi-Sincai', 'tineretului timpuri noi sincai', 'cluster_label', 0.8800);
INSERT INTO zone_macro_areas (zone_id, macro_area_code) VALUES ('bucuresti::bucuresti::carol', 'CENTRU');
INSERT INTO zone_macro_areas (zone_id, macro_area_code) VALUES ('bucuresti::bucuresti::carol', 'SUD_EST');
INSERT INTO zone_macro_areas (zone_id, macro_area_code) VALUES ('bucuresti::bucuresti::carol', 'SUD');
INSERT INTO zone_adjacency (source_zone_id, target_zone_id, relation_type, relation_weight) VALUES ('bucuresti::bucuresti::carol', 'bucuresti::bucuresti::tineretului', 'adjacent', 1.0000) ON CONFLICT DO NOTHING;
INSERT INTO zone_adjacency (source_zone_id, target_zone_id, relation_type, relation_weight) VALUES ('bucuresti::bucuresti::carol', 'bucuresti::bucuresti::eroii-revolutiei', 'adjacent', 1.0000) ON CONFLICT DO NOTHING;
INSERT INTO zone_clusters (cluster_id, cluster_name, cluster_slug, zone_id) VALUES ('cluster::tineretului-timpuri-noi-sincai', 'Tineretului-Timpuri Noi-Sincai', 'tineretului-timpuri-noi-sincai', 'bucuresti::bucuresti::carol') ON CONFLICT DO NOTHING;
INSERT INTO zones (zone_id, region_name, county_name, sector_no, locality_name, zone_name, zone_slug, zone_type, parent_label, parent_zone_id, is_official, is_commercial, canonical_normalized_name) VALUES ('bucuresti::bucuresti::eroii-revolutiei', 'Bucuresti-Ilfov', 'Bucuresti', 4, 'Bucuresti', 'Eroii Revolutiei', 'eroii-revolutiei', 'cartier', 'Sector 4', NULL, FALSE, TRUE, 'eroii revolutiei');
INSERT INTO zone_aliases (zone_id, alias, alias_normalized, alias_kind, confidence_weight) VALUES ('bucuresti::bucuresti::eroii-revolutiei', 'Eroii Revolutiei', 'eroii revolutiei', 'alias', 1.0000), ('bucuresti::bucuresti::eroii-revolutiei', 'eroii revolutiei', 'eroii revolutiei', 'slug_variant', 0.9800);
INSERT INTO zone_aliases (zone_id, alias, alias_normalized, alias_kind, confidence_weight) VALUES ('bucuresti::bucuresti::eroii-revolutiei', 'Eroii', 'eroii', 'alias', 0.9700);
INSERT INTO zone_aliases (zone_id, alias, alias_normalized, alias_kind, confidence_weight) VALUES ('bucuresti::bucuresti::eroii-revolutiei', 'Pieptanari', 'pieptanari', 'microzone', 0.9300);
INSERT INTO zone_aliases (zone_id, alias, alias_normalized, alias_kind, confidence_weight) VALUES ('bucuresti::bucuresti::eroii-revolutiei', 'Eroii-Giurgiului-Progresul', 'eroii giurgiului progresul', 'cluster_label', 0.8800);
INSERT INTO zone_macro_areas (zone_id, macro_area_code) VALUES ('bucuresti::bucuresti::eroii-revolutiei', 'CENTRU');
INSERT INTO zone_macro_areas (zone_id, macro_area_code) VALUES ('bucuresti::bucuresti::eroii-revolutiei', 'SUD_EST');
INSERT INTO zone_macro_areas (zone_id, macro_area_code) VALUES ('bucuresti::bucuresti::eroii-revolutiei', 'SUD');
INSERT INTO zone_adjacency (source_zone_id, target_zone_id, relation_type, relation_weight) VALUES ('bucuresti::bucuresti::eroii-revolutiei', 'bucuresti::bucuresti::carol', 'adjacent', 1.0000) ON CONFLICT DO NOTHING;
INSERT INTO zone_adjacency (source_zone_id, target_zone_id, relation_type, relation_weight) VALUES ('bucuresti::bucuresti::eroii-revolutiei', 'ilfov::berceni::berceni', 'adjacent', 1.0000) ON CONFLICT DO NOTHING;
INSERT INTO zone_adjacency (source_zone_id, target_zone_id, relation_type, relation_weight) VALUES ('bucuresti::bucuresti::eroii-revolutiei', 'bucuresti::bucuresti::giurgiului', 'adjacent', 1.0000) ON CONFLICT DO NOTHING;
INSERT INTO zone_clusters (cluster_id, cluster_name, cluster_slug, zone_id) VALUES ('cluster::eroii-giurgiului-progresul', 'Eroii-Giurgiului-Progresul', 'eroii-giurgiului-progresul', 'bucuresti::bucuresti::eroii-revolutiei') ON CONFLICT DO NOTHING;
INSERT INTO zones (zone_id, region_name, county_name, sector_no, locality_name, zone_name, zone_slug, zone_type, parent_label, parent_zone_id, is_official, is_commercial, canonical_normalized_name) VALUES ('bucuresti::bucuresti::oltenitei', 'Bucuresti-Ilfov', 'Bucuresti', 4, 'Bucuresti', 'Oltenitei', 'oltenitei', 'cartier', 'Sector 4', NULL, FALSE, TRUE, 'oltenitei');
INSERT INTO zone_aliases (zone_id, alias, alias_normalized, alias_kind, confidence_weight) VALUES ('bucuresti::bucuresti::oltenitei', 'Oltenitei', 'oltenitei', 'alias', 1.0000), ('bucuresti::bucuresti::oltenitei', 'oltenitei', 'oltenitei', 'slug_variant', 0.9800);
INSERT INTO zone_aliases (zone_id, alias, alias_normalized, alias_kind, confidence_weight) VALUES ('bucuresti::bucuresti::oltenitei', 'Sos Oltenitei', 'sos oltenitei', 'alias', 0.9700);
INSERT INTO zone_aliases (zone_id, alias, alias_normalized, alias_kind, confidence_weight) VALUES ('bucuresti::bucuresti::oltenitei', 'Big Berceni', 'big berceni', 'microzone', 0.9300);
INSERT INTO zone_aliases (zone_id, alias, alias_normalized, alias_kind, confidence_weight) VALUES ('bucuresti::bucuresti::oltenitei', 'Berceni-Aparatorii-Oltenitei', 'berceni aparatorii oltenitei', 'cluster_label', 0.8800);
INSERT INTO zone_macro_areas (zone_id, macro_area_code) VALUES ('bucuresti::bucuresti::oltenitei', 'CENTRU');
INSERT INTO zone_macro_areas (zone_id, macro_area_code) VALUES ('bucuresti::bucuresti::oltenitei', 'SUD_EST');
INSERT INTO zone_macro_areas (zone_id, macro_area_code) VALUES ('bucuresti::bucuresti::oltenitei', 'SUD');
INSERT INTO zone_adjacency (source_zone_id, target_zone_id, relation_type, relation_weight) VALUES ('bucuresti::bucuresti::oltenitei', 'ilfov::berceni::berceni', 'adjacent', 1.0000) ON CONFLICT DO NOTHING;
INSERT INTO zone_adjacency (source_zone_id, target_zone_id, relation_type, relation_weight) VALUES ('bucuresti::bucuresti::oltenitei', 'bucuresti::bucuresti::aparatorii-patriei', 'adjacent', 1.0000) ON CONFLICT DO NOTHING;
INSERT INTO zone_adjacency (source_zone_id, target_zone_id, relation_type, relation_weight) VALUES ('bucuresti::bucuresti::oltenitei', 'ilfov::popesti-leordeni::popesti-leordeni', 'adjacent', 1.0000) ON CONFLICT DO NOTHING;
INSERT INTO zone_clusters (cluster_id, cluster_name, cluster_slug, zone_id) VALUES ('cluster::berceni-aparatorii-oltenitei', 'Berceni-Aparatorii-Oltenitei', 'berceni-aparatorii-oltenitei', 'bucuresti::bucuresti::oltenitei') ON CONFLICT DO NOTHING;
INSERT INTO zones (zone_id, region_name, county_name, sector_no, locality_name, zone_name, zone_slug, zone_type, parent_label, parent_zone_id, is_official, is_commercial, canonical_normalized_name) VALUES ('bucuresti::bucuresti::pieptanari', 'Bucuresti-Ilfov', 'Bucuresti', 4, 'Bucuresti', 'Pieptanari', 'pieptanari', 'cartier', 'Sector 4', NULL, FALSE, TRUE, 'pieptanari');
INSERT INTO zone_aliases (zone_id, alias, alias_normalized, alias_kind, confidence_weight) VALUES ('bucuresti::bucuresti::pieptanari', 'Pieptanari', 'pieptanari', 'alias', 1.0000), ('bucuresti::bucuresti::pieptanari', 'pieptanari', 'pieptanari', 'slug_variant', 0.9800);
INSERT INTO zone_aliases (zone_id, alias, alias_normalized, alias_kind, confidence_weight) VALUES ('bucuresti::bucuresti::pieptanari', 'Piata Pieptanari', 'piata pieptanari', 'alias', 0.9700);
INSERT INTO zone_aliases (zone_id, alias, alias_normalized, alias_kind, confidence_weight) VALUES ('bucuresti::bucuresti::pieptanari', 'Cimitir Bellu prox', 'cimitir bellu prox', 'microzone', 0.9300);
INSERT INTO zone_aliases (zone_id, alias, alias_normalized, alias_kind, confidence_weight) VALUES ('bucuresti::bucuresti::pieptanari', 'Eroii-Giurgiului-Progresul', 'eroii giurgiului progresul', 'cluster_label', 0.8800);
INSERT INTO zone_macro_areas (zone_id, macro_area_code) VALUES ('bucuresti::bucuresti::pieptanari', 'CENTRU');
INSERT INTO zone_macro_areas (zone_id, macro_area_code) VALUES ('bucuresti::bucuresti::pieptanari', 'SUD_EST');
INSERT INTO zone_macro_areas (zone_id, macro_area_code) VALUES ('bucuresti::bucuresti::pieptanari', 'SUD');
INSERT INTO zone_adjacency (source_zone_id, target_zone_id, relation_type, relation_weight) VALUES ('bucuresti::bucuresti::pieptanari', 'bucuresti::bucuresti::eroii-revolutiei', 'adjacent', 1.0000) ON CONFLICT DO NOTHING;
INSERT INTO zone_adjacency (source_zone_id, target_zone_id, relation_type, relation_weight) VALUES ('bucuresti::bucuresti::pieptanari', 'bucuresti::bucuresti::giurgiului', 'adjacent', 1.0000) ON CONFLICT DO NOTHING;
INSERT INTO zone_adjacency (source_zone_id, target_zone_id, relation_type, relation_weight) VALUES ('bucuresti::bucuresti::pieptanari', 'bucuresti::bucuresti::progresul', 'adjacent', 1.0000) ON CONFLICT DO NOTHING;
INSERT INTO zone_clusters (cluster_id, cluster_name, cluster_slug, zone_id) VALUES ('cluster::eroii-giurgiului-progresul', 'Eroii-Giurgiului-Progresul', 'eroii-giurgiului-progresul', 'bucuresti::bucuresti::pieptanari') ON CONFLICT DO NOTHING;
INSERT INTO zones (zone_id, region_name, county_name, sector_no, locality_name, zone_name, zone_slug, zone_type, parent_label, parent_zone_id, is_official, is_commercial, canonical_normalized_name) VALUES ('bucuresti::bucuresti::progresul', 'Bucuresti-Ilfov', 'Bucuresti', 4, 'Bucuresti', 'Progresul', 'progresul', 'cartier', 'Sector 4', NULL, FALSE, TRUE, 'progresul');
INSERT INTO zone_aliases (zone_id, alias, alias_normalized, alias_kind, confidence_weight) VALUES ('bucuresti::bucuresti::progresul', 'Progresul', 'progresul', 'alias', 1.0000), ('bucuresti::bucuresti::progresul', 'progresul', 'progresul', 'slug_variant', 0.9800);
INSERT INTO zone_aliases (zone_id, alias, alias_normalized, alias_kind, confidence_weight) VALUES ('bucuresti::bucuresti::progresul', 'Piata Progresul', 'piata progresul', 'alias', 0.9700);
INSERT INTO zone_aliases (zone_id, alias, alias_normalized, alias_kind, confidence_weight) VALUES ('bucuresti::bucuresti::progresul', 'Piata Progresul', 'piata progresul', 'microzone', 0.9300);
INSERT INTO zone_aliases (zone_id, alias, alias_normalized, alias_kind, confidence_weight) VALUES ('bucuresti::bucuresti::progresul', 'Eroii-Giurgiului-Progresul', 'eroii giurgiului progresul', 'cluster_label', 0.8800);
INSERT INTO zone_macro_areas (zone_id, macro_area_code) VALUES ('bucuresti::bucuresti::progresul', 'CENTRU');
INSERT INTO zone_macro_areas (zone_id, macro_area_code) VALUES ('bucuresti::bucuresti::progresul', 'SUD_EST');
INSERT INTO zone_macro_areas (zone_id, macro_area_code) VALUES ('bucuresti::bucuresti::progresul', 'SUD');
INSERT INTO zone_adjacency (source_zone_id, target_zone_id, relation_type, relation_weight) VALUES ('bucuresti::bucuresti::progresul', 'bucuresti::bucuresti::giurgiului', 'adjacent', 1.0000) ON CONFLICT DO NOTHING;
INSERT INTO zone_adjacency (source_zone_id, target_zone_id, relation_type, relation_weight) VALUES ('bucuresti::bucuresti::progresul', 'ilfov::jilava::jilava', 'adjacent', 1.0000) ON CONFLICT DO NOTHING;
INSERT INTO zone_adjacency (source_zone_id, target_zone_id, relation_type, relation_weight) VALUES ('bucuresti::bucuresti::progresul', 'bucuresti::bucuresti::pieptanari', 'adjacent', 1.0000) ON CONFLICT DO NOTHING;
INSERT INTO zone_clusters (cluster_id, cluster_name, cluster_slug, zone_id) VALUES ('cluster::eroii-giurgiului-progresul', 'Eroii-Giurgiului-Progresul', 'eroii-giurgiului-progresul', 'bucuresti::bucuresti::progresul') ON CONFLICT DO NOTHING;
INSERT INTO zones (zone_id, region_name, county_name, sector_no, locality_name, zone_name, zone_slug, zone_type, parent_label, parent_zone_id, is_official, is_commercial, canonical_normalized_name) VALUES ('bucuresti::bucuresti::timpuri-noi', 'Bucuresti-Ilfov', 'Bucuresti', 4, 'Bucuresti', 'Timpuri Noi', 'timpuri-noi', 'cartier', 'Sector 4', NULL, FALSE, TRUE, 'timpuri noi');
INSERT INTO zone_aliases (zone_id, alias, alias_normalized, alias_kind, confidence_weight) VALUES ('bucuresti::bucuresti::timpuri-noi', 'Timpuri Noi', 'timpuri noi', 'alias', 1.0000), ('bucuresti::bucuresti::timpuri-noi', 'timpuri noi', 'timpuri noi', 'slug_variant', 0.9800);
INSERT INTO zone_aliases (zone_id, alias, alias_normalized, alias_kind, confidence_weight) VALUES ('bucuresti::bucuresti::timpuri-noi', 'Timpuri Noi Offices', 'timpuri noi offices', 'alias', 0.9700);
INSERT INTO zone_aliases (zone_id, alias, alias_normalized, alias_kind, confidence_weight) VALUES ('bucuresti::bucuresti::timpuri-noi', 'Nerva Traian', 'nerva traian', 'microzone', 0.9300);
INSERT INTO zone_aliases (zone_id, alias, alias_normalized, alias_kind, confidence_weight) VALUES ('bucuresti::bucuresti::timpuri-noi', 'Tineretului-Timpuri Noi-Sincai', 'tineretului timpuri noi sincai', 'cluster_label', 0.8800);
INSERT INTO zone_macro_areas (zone_id, macro_area_code) VALUES ('bucuresti::bucuresti::timpuri-noi', 'CENTRU');
INSERT INTO zone_macro_areas (zone_id, macro_area_code) VALUES ('bucuresti::bucuresti::timpuri-noi', 'SUD_EST');
INSERT INTO zone_macro_areas (zone_id, macro_area_code) VALUES ('bucuresti::bucuresti::timpuri-noi', 'SUD');
INSERT INTO zone_adjacency (source_zone_id, target_zone_id, relation_type, relation_weight) VALUES ('bucuresti::bucuresti::timpuri-noi', 'bucuresti::bucuresti::tineretului', 'adjacent', 1.0000) ON CONFLICT DO NOTHING;
INSERT INTO zone_adjacency (source_zone_id, target_zone_id, relation_type, relation_weight) VALUES ('bucuresti::bucuresti::timpuri-noi', 'bucuresti::bucuresti::vitan', 'adjacent', 1.0000) ON CONFLICT DO NOTHING;
INSERT INTO zone_adjacency (source_zone_id, target_zone_id, relation_type, relation_weight) VALUES ('bucuresti::bucuresti::timpuri-noi', 'bucuresti::bucuresti::dudesti', 'adjacent', 1.0000) ON CONFLICT DO NOTHING;
INSERT INTO zone_clusters (cluster_id, cluster_name, cluster_slug, zone_id) VALUES ('cluster::tineretului-timpuri-noi-sincai', 'Tineretului-Timpuri Noi-Sincai', 'tineretului-timpuri-noi-sincai', 'bucuresti::bucuresti::timpuri-noi') ON CONFLICT DO NOTHING;
INSERT INTO zones (zone_id, region_name, county_name, sector_no, locality_name, zone_name, zone_slug, zone_type, parent_label, parent_zone_id, is_official, is_commercial, canonical_normalized_name) VALUES ('bucuresti::bucuresti::tineretului', 'Bucuresti-Ilfov', 'Bucuresti', 4, 'Bucuresti', 'Tineretului', 'tineretului', 'cartier', 'Sector 4', NULL, FALSE, TRUE, 'tineretului');
INSERT INTO zone_aliases (zone_id, alias, alias_normalized, alias_kind, confidence_weight) VALUES ('bucuresti::bucuresti::tineretului', 'Tineretului', 'tineretului', 'alias', 1.0000), ('bucuresti::bucuresti::tineretului', 'tineretului', 'tineretului', 'slug_variant', 0.9800);
INSERT INTO zone_aliases (zone_id, alias, alias_normalized, alias_kind, confidence_weight) VALUES ('bucuresti::bucuresti::tineretului', 'Parcul Tineretului', 'parcul tineretului', 'alias', 0.9700);
INSERT INTO zone_aliases (zone_id, alias, alias_normalized, alias_kind, confidence_weight) VALUES ('bucuresti::bucuresti::tineretului', 'Sincai', 'sincai', 'microzone', 0.9300);
INSERT INTO zone_aliases (zone_id, alias, alias_normalized, alias_kind, confidence_weight) VALUES ('bucuresti::bucuresti::tineretului', 'Cantemir Sud', 'cantemir sud', 'microzone', 0.9300);
INSERT INTO zone_aliases (zone_id, alias, alias_normalized, alias_kind, confidence_weight) VALUES ('bucuresti::bucuresti::tineretului', 'Tineretului-Timpuri Noi-Sincai', 'tineretului timpuri noi sincai', 'cluster_label', 0.8800);
INSERT INTO zone_macro_areas (zone_id, macro_area_code) VALUES ('bucuresti::bucuresti::tineretului', 'CENTRU');
INSERT INTO zone_macro_areas (zone_id, macro_area_code) VALUES ('bucuresti::bucuresti::tineretului', 'SUD_EST');
INSERT INTO zone_macro_areas (zone_id, macro_area_code) VALUES ('bucuresti::bucuresti::tineretului', 'SUD');
INSERT INTO zone_adjacency (source_zone_id, target_zone_id, relation_type, relation_weight) VALUES ('bucuresti::bucuresti::tineretului', 'bucuresti::bucuresti::carol', 'adjacent', 1.0000) ON CONFLICT DO NOTHING;
INSERT INTO zone_adjacency (source_zone_id, target_zone_id, relation_type, relation_weight) VALUES ('bucuresti::bucuresti::tineretului', 'bucuresti::bucuresti::timpuri-noi', 'adjacent', 1.0000) ON CONFLICT DO NOTHING;
INSERT INTO zone_adjacency (source_zone_id, target_zone_id, relation_type, relation_weight) VALUES ('bucuresti::bucuresti::tineretului', 'bucuresti::bucuresti::brancoveanu', 'adjacent', 1.0000) ON CONFLICT DO NOTHING;
INSERT INTO zone_clusters (cluster_id, cluster_name, cluster_slug, zone_id) VALUES ('cluster::tineretului-timpuri-noi-sincai', 'Tineretului-Timpuri Noi-Sincai', 'tineretului-timpuri-noi-sincai', 'bucuresti::bucuresti::tineretului') ON CONFLICT DO NOTHING;
INSERT INTO zones (zone_id, region_name, county_name, sector_no, locality_name, zone_name, zone_slug, zone_type, parent_label, parent_zone_id, is_official, is_commercial, canonical_normalized_name) VALUES ('bucuresti::bucuresti::vacaresti', 'Bucuresti-Ilfov', 'Bucuresti', 4, 'Bucuresti', 'Vacaresti', 'vacaresti', 'cartier', 'Sector 4', NULL, FALSE, TRUE, 'vacaresti');
INSERT INTO zone_aliases (zone_id, alias, alias_normalized, alias_kind, confidence_weight) VALUES ('bucuresti::bucuresti::vacaresti', 'Vacaresti', 'vacaresti', 'alias', 1.0000), ('bucuresti::bucuresti::vacaresti', 'vacaresti', 'vacaresti', 'slug_variant', 0.9800);
INSERT INTO zone_aliases (zone_id, alias, alias_normalized, alias_kind, confidence_weight) VALUES ('bucuresti::bucuresti::vacaresti', 'Delta Vacaresti', 'delta vacaresti', 'alias', 0.9700);
INSERT INTO zone_aliases (zone_id, alias, alias_normalized, alias_kind, confidence_weight) VALUES ('bucuresti::bucuresti::vacaresti', 'Lacul Vacaresti', 'lacul vacaresti', 'alias', 0.9700);
INSERT INTO zone_aliases (zone_id, alias, alias_normalized, alias_kind, confidence_weight) VALUES ('bucuresti::bucuresti::vacaresti', 'Delta Vacaresti', 'delta vacaresti', 'microzone', 0.9300);
INSERT INTO zone_aliases (zone_id, alias, alias_normalized, alias_kind, confidence_weight) VALUES ('bucuresti::bucuresti::vacaresti', 'Brancoveanu-Piata Sudului-Oraselul Copiilor', 'brancoveanu piata sudului oraselul copiilor', 'cluster_label', 0.8800);
INSERT INTO zone_macro_areas (zone_id, macro_area_code) VALUES ('bucuresti::bucuresti::vacaresti', 'CENTRU');
INSERT INTO zone_macro_areas (zone_id, macro_area_code) VALUES ('bucuresti::bucuresti::vacaresti', 'SUD_EST');
INSERT INTO zone_macro_areas (zone_id, macro_area_code) VALUES ('bucuresti::bucuresti::vacaresti', 'SUD');
INSERT INTO zone_adjacency (source_zone_id, target_zone_id, relation_type, relation_weight) VALUES ('bucuresti::bucuresti::vacaresti', 'bucuresti::bucuresti::tineretului', 'adjacent', 1.0000) ON CONFLICT DO NOTHING;
INSERT INTO zone_adjacency (source_zone_id, target_zone_id, relation_type, relation_weight) VALUES ('bucuresti::bucuresti::vacaresti', 'bucuresti::bucuresti::vitan', 'adjacent', 1.0000) ON CONFLICT DO NOTHING;
INSERT INTO zone_adjacency (source_zone_id, target_zone_id, relation_type, relation_weight) VALUES ('bucuresti::bucuresti::vacaresti', 'bucuresti::bucuresti::brancoveanu', 'adjacent', 1.0000) ON CONFLICT DO NOTHING;
INSERT INTO zone_adjacency (source_zone_id, target_zone_id, relation_type, relation_weight) VALUES ('bucuresti::bucuresti::vacaresti', 'ilfov::berceni::berceni', 'adjacent', 1.0000) ON CONFLICT DO NOTHING;
INSERT INTO zone_clusters (cluster_id, cluster_name, cluster_slug, zone_id) VALUES ('cluster::brancoveanu-piata-sudului-oraselul-copiilor', 'Brancoveanu-Piata Sudului-Oraselul Copiilor', 'brancoveanu-piata-sudului-oraselul-copiilor', 'bucuresti::bucuresti::vacaresti') ON CONFLICT DO NOTHING;
INSERT INTO zones (zone_id, region_name, county_name, sector_no, locality_name, zone_name, zone_slug, zone_type, parent_label, parent_zone_id, is_official, is_commercial, canonical_normalized_name) VALUES ('bucuresti::bucuresti::metalurgiei', 'Bucuresti-Ilfov', 'Bucuresti', 4, 'Bucuresti', 'Metalurgiei', 'metalurgiei', 'cartier', 'Sector 4', NULL, FALSE, TRUE, 'metalurgiei');
INSERT INTO zone_aliases (zone_id, alias, alias_normalized, alias_kind, confidence_weight) VALUES ('bucuresti::bucuresti::metalurgiei', 'Metalurgiei', 'metalurgiei', 'alias', 1.0000), ('bucuresti::bucuresti::metalurgiei', 'metalurgiei', 'metalurgiei', 'slug_variant', 0.9800);
INSERT INTO zone_aliases (zone_id, alias, alias_normalized, alias_kind, confidence_weight) VALUES ('bucuresti::bucuresti::metalurgiei', 'Aleea Metalurgiei', 'aleea metalurgiei', 'alias', 0.9700);
INSERT INTO zone_aliases (zone_id, alias, alias_normalized, alias_kind, confidence_weight) VALUES ('bucuresti::bucuresti::metalurgiei', 'Grand Arena', 'grand arena', 'alias', 0.9700);
INSERT INTO zone_aliases (zone_id, alias, alias_normalized, alias_kind, confidence_weight) VALUES ('bucuresti::bucuresti::metalurgiei', 'Grand Arena', 'grand arena', 'microzone', 0.9300);
INSERT INTO zone_aliases (zone_id, alias, alias_normalized, alias_kind, confidence_weight) VALUES ('bucuresti::bucuresti::metalurgiei', 'Metalurgiei-IMGB-Grand Arena', 'metalurgiei imgb grand arena', 'cluster_label', 0.8800);
INSERT INTO zone_macro_areas (zone_id, macro_area_code) VALUES ('bucuresti::bucuresti::metalurgiei', 'CENTRU');
INSERT INTO zone_macro_areas (zone_id, macro_area_code) VALUES ('bucuresti::bucuresti::metalurgiei', 'SUD_EST');
INSERT INTO zone_macro_areas (zone_id, macro_area_code) VALUES ('bucuresti::bucuresti::metalurgiei', 'SUD');
INSERT INTO zone_adjacency (source_zone_id, target_zone_id, relation_type, relation_weight) VALUES ('bucuresti::bucuresti::metalurgiei', 'ilfov::berceni::berceni', 'adjacent', 1.0000) ON CONFLICT DO NOTHING;
INSERT INTO zone_adjacency (source_zone_id, target_zone_id, relation_type, relation_weight) VALUES ('bucuresti::bucuresti::metalurgiei', 'bucuresti::bucuresti::imgb', 'adjacent', 1.0000) ON CONFLICT DO NOTHING;
INSERT INTO zone_adjacency (source_zone_id, target_zone_id, relation_type, relation_weight) VALUES ('bucuresti::bucuresti::metalurgiei', 'ilfov::vidra::vidra', 'adjacent', 1.0000) ON CONFLICT DO NOTHING;
INSERT INTO zone_adjacency (source_zone_id, target_zone_id, relation_type, relation_weight) VALUES ('bucuresti::bucuresti::metalurgiei', 'ilfov::popesti-leordeni::popesti-leordeni', 'adjacent', 1.0000) ON CONFLICT DO NOTHING;
INSERT INTO zone_clusters (cluster_id, cluster_name, cluster_slug, zone_id) VALUES ('cluster::metalurgiei-imgb-grand-arena', 'Metalurgiei-IMGB-Grand Arena', 'metalurgiei-imgb-grand-arena', 'bucuresti::bucuresti::metalurgiei') ON CONFLICT DO NOTHING;
INSERT INTO zones (zone_id, region_name, county_name, sector_no, locality_name, zone_name, zone_slug, zone_type, parent_label, parent_zone_id, is_official, is_commercial, canonical_normalized_name) VALUES ('bucuresti::bucuresti::imgb', 'Bucuresti-Ilfov', 'Bucuresti', 4, 'Bucuresti', 'IMGB', 'imgb', 'cartier', 'Sector 4', NULL, FALSE, TRUE, 'imgb');
INSERT INTO zone_aliases (zone_id, alias, alias_normalized, alias_kind, confidence_weight) VALUES ('bucuresti::bucuresti::imgb', 'IMGB', 'imgb', 'alias', 1.0000), ('bucuresti::bucuresti::imgb', 'imgb', 'imgb', 'slug_variant', 0.9800);
INSERT INTO zone_aliases (zone_id, alias, alias_normalized, alias_kind, confidence_weight) VALUES ('bucuresti::bucuresti::imgb', 'IMGB Berceni', 'imgb berceni', 'alias', 0.9700);
INSERT INTO zone_aliases (zone_id, alias, alias_normalized, alias_kind, confidence_weight) VALUES ('bucuresti::bucuresti::imgb', 'Soseaua Berceni Sud', 'soseaua berceni sud', 'microzone', 0.9300);
INSERT INTO zone_aliases (zone_id, alias, alias_normalized, alias_kind, confidence_weight) VALUES ('bucuresti::bucuresti::imgb', 'Metalurgiei-IMGB-Grand Arena', 'metalurgiei imgb grand arena', 'cluster_label', 0.8800);
INSERT INTO zone_macro_areas (zone_id, macro_area_code) VALUES ('bucuresti::bucuresti::imgb', 'CENTRU');
INSERT INTO zone_macro_areas (zone_id, macro_area_code) VALUES ('bucuresti::bucuresti::imgb', 'SUD_EST');
INSERT INTO zone_macro_areas (zone_id, macro_area_code) VALUES ('bucuresti::bucuresti::imgb', 'SUD');
INSERT INTO zone_adjacency (source_zone_id, target_zone_id, relation_type, relation_weight) VALUES ('bucuresti::bucuresti::imgb', 'bucuresti::bucuresti::metalurgiei', 'adjacent', 1.0000) ON CONFLICT DO NOTHING;
INSERT INTO zone_adjacency (source_zone_id, target_zone_id, relation_type, relation_weight) VALUES ('bucuresti::bucuresti::imgb', 'ilfov::berceni::berceni', 'adjacent', 1.0000) ON CONFLICT DO NOTHING;
INSERT INTO zone_adjacency (source_zone_id, target_zone_id, relation_type, relation_weight) VALUES ('bucuresti::bucuresti::imgb', 'ilfov::vidra::vidra', 'adjacent', 1.0000) ON CONFLICT DO NOTHING;
INSERT INTO zone_clusters (cluster_id, cluster_name, cluster_slug, zone_id) VALUES ('cluster::metalurgiei-imgb-grand-arena', 'Metalurgiei-IMGB-Grand Arena', 'metalurgiei-imgb-grand-arena', 'bucuresti::bucuresti::imgb') ON CONFLICT DO NOTHING;
INSERT INTO zones (zone_id, region_name, county_name, sector_no, locality_name, zone_name, zone_slug, zone_type, parent_label, parent_zone_id, is_official, is_commercial, canonical_normalized_name) VALUES ('bucuresti::bucuresti::sincai', 'Bucuresti-Ilfov', 'Bucuresti', 4, 'Bucuresti', 'Sincai', 'sincai', 'cartier', 'Sector 4', NULL, FALSE, TRUE, 'sincai');
INSERT INTO zone_aliases (zone_id, alias, alias_normalized, alias_kind, confidence_weight) VALUES ('bucuresti::bucuresti::sincai', 'Sincai', 'sincai', 'alias', 1.0000), ('bucuresti::bucuresti::sincai', 'sincai', 'sincai', 'slug_variant', 0.9800);
INSERT INTO zone_aliases (zone_id, alias, alias_normalized, alias_kind, confidence_weight) VALUES ('bucuresti::bucuresti::sincai', 'Sincai Cantemir', 'sincai cantemir', 'alias', 0.9700);
INSERT INTO zone_aliases (zone_id, alias, alias_normalized, alias_kind, confidence_weight) VALUES ('bucuresti::bucuresti::sincai', 'Cantemir', 'cantemir', 'microzone', 0.9300);
INSERT INTO zone_aliases (zone_id, alias, alias_normalized, alias_kind, confidence_weight) VALUES ('bucuresti::bucuresti::sincai', 'Tineretului-Timpuri Noi-Sincai', 'tineretului timpuri noi sincai', 'cluster_label', 0.8800);
INSERT INTO zone_macro_areas (zone_id, macro_area_code) VALUES ('bucuresti::bucuresti::sincai', 'CENTRU');
INSERT INTO zone_macro_areas (zone_id, macro_area_code) VALUES ('bucuresti::bucuresti::sincai', 'SUD_EST');
INSERT INTO zone_macro_areas (zone_id, macro_area_code) VALUES ('bucuresti::bucuresti::sincai', 'SUD');
INSERT INTO zone_adjacency (source_zone_id, target_zone_id, relation_type, relation_weight) VALUES ('bucuresti::bucuresti::sincai', 'bucuresti::bucuresti::tineretului', 'adjacent', 1.0000) ON CONFLICT DO NOTHING;
INSERT INTO zone_adjacency (source_zone_id, target_zone_id, relation_type, relation_weight) VALUES ('bucuresti::bucuresti::sincai', 'bucuresti::bucuresti::timpuri-noi', 'adjacent', 1.0000) ON CONFLICT DO NOTHING;
INSERT INTO zone_clusters (cluster_id, cluster_name, cluster_slug, zone_id) VALUES ('cluster::tineretului-timpuri-noi-sincai', 'Tineretului-Timpuri Noi-Sincai', 'tineretului-timpuri-noi-sincai', 'bucuresti::bucuresti::sincai') ON CONFLICT DO NOTHING;
INSERT INTO zones (zone_id, region_name, county_name, sector_no, locality_name, zone_name, zone_slug, zone_type, parent_label, parent_zone_id, is_official, is_commercial, canonical_normalized_name) VALUES ('bucuresti::bucuresti::piata-sudului', 'Bucuresti-Ilfov', 'Bucuresti', 4, 'Bucuresti', 'Piata Sudului', 'piata-sudului', 'cartier', 'Sector 4', NULL, FALSE, TRUE, 'piata sudului');
INSERT INTO zone_aliases (zone_id, alias, alias_normalized, alias_kind, confidence_weight) VALUES ('bucuresti::bucuresti::piata-sudului', 'Piata Sudului', 'piata sudului', 'alias', 1.0000), ('bucuresti::bucuresti::piata-sudului', 'piata sudului', 'piata sudului', 'slug_variant', 0.9800);
INSERT INTO zone_aliases (zone_id, alias, alias_normalized, alias_kind, confidence_weight) VALUES ('bucuresti::bucuresti::piata-sudului', 'Sun Plaza', 'sun plaza', 'alias', 0.9700);
INSERT INTO zone_aliases (zone_id, alias, alias_normalized, alias_kind, confidence_weight) VALUES ('bucuresti::bucuresti::piata-sudului', 'Big Berceni', 'big berceni', 'alias', 0.9700);
INSERT INTO zone_aliases (zone_id, alias, alias_normalized, alias_kind, confidence_weight) VALUES ('bucuresti::bucuresti::piata-sudului', 'Sun Plaza', 'sun plaza', 'microzone', 0.9300);
INSERT INTO zone_aliases (zone_id, alias, alias_normalized, alias_kind, confidence_weight) VALUES ('bucuresti::bucuresti::piata-sudului', 'Brancoveanu-Piata Sudului-Oraselul Copiilor', 'brancoveanu piata sudului oraselul copiilor', 'cluster_label', 0.8800);
INSERT INTO zone_macro_areas (zone_id, macro_area_code) VALUES ('bucuresti::bucuresti::piata-sudului', 'CENTRU');
INSERT INTO zone_macro_areas (zone_id, macro_area_code) VALUES ('bucuresti::bucuresti::piata-sudului', 'SUD_EST');
INSERT INTO zone_macro_areas (zone_id, macro_area_code) VALUES ('bucuresti::bucuresti::piata-sudului', 'SUD');
INSERT INTO zone_adjacency (source_zone_id, target_zone_id, relation_type, relation_weight) VALUES ('bucuresti::bucuresti::piata-sudului', 'ilfov::berceni::berceni', 'adjacent', 1.0000) ON CONFLICT DO NOTHING;
INSERT INTO zone_adjacency (source_zone_id, target_zone_id, relation_type, relation_weight) VALUES ('bucuresti::bucuresti::piata-sudului', 'bucuresti::bucuresti::brancoveanu', 'adjacent', 1.0000) ON CONFLICT DO NOTHING;
INSERT INTO zone_adjacency (source_zone_id, target_zone_id, relation_type, relation_weight) VALUES ('bucuresti::bucuresti::piata-sudului', 'bucuresti::bucuresti::oltenitei', 'adjacent', 1.0000) ON CONFLICT DO NOTHING;
INSERT INTO zone_clusters (cluster_id, cluster_name, cluster_slug, zone_id) VALUES ('cluster::brancoveanu-piata-sudului-oraselul-copiilor', 'Brancoveanu-Piata Sudului-Oraselul Copiilor', 'brancoveanu-piata-sudului-oraselul-copiilor', 'bucuresti::bucuresti::piata-sudului') ON CONFLICT DO NOTHING;
INSERT INTO zones (zone_id, region_name, county_name, sector_no, locality_name, zone_name, zone_slug, zone_type, parent_label, parent_zone_id, is_official, is_commercial, canonical_normalized_name) VALUES ('bucuresti::bucuresti::13-septembrie', 'Bucuresti-Ilfov', 'Bucuresti', 5, 'Bucuresti', '13 Septembrie', '13-septembrie', 'cartier', 'Sector 5', NULL, FALSE, TRUE, '13 septembrie');
INSERT INTO zone_aliases (zone_id, alias, alias_normalized, alias_kind, confidence_weight) VALUES ('bucuresti::bucuresti::13-septembrie', '13 Septembrie', '13 septembrie', 'alias', 1.0000), ('bucuresti::bucuresti::13-septembrie', '13 septembrie', '13 septembrie', 'slug_variant', 0.9800);
INSERT INTO zone_aliases (zone_id, alias, alias_normalized, alias_kind, confidence_weight) VALUES ('bucuresti::bucuresti::13-septembrie', '13 Septembrie Marriott', '13 septembrie marriott', 'alias', 0.9700);
INSERT INTO zone_aliases (zone_id, alias, alias_normalized, alias_kind, confidence_weight) VALUES ('bucuresti::bucuresti::13-septembrie', 'Marriott', 'marriott', 'microzone', 0.9300);
INSERT INTO zone_aliases (zone_id, alias, alias_normalized, alias_kind, confidence_weight) VALUES ('bucuresti::bucuresti::13-septembrie', 'Parlament', 'parlament', 'microzone', 0.9300);
INSERT INTO zone_aliases (zone_id, alias, alias_normalized, alias_kind, confidence_weight) VALUES ('bucuresti::bucuresti::13-septembrie', '13 Septembrie-Marriott-Dealul Spirii', '13 septembrie marriott dealul spirii', 'cluster_label', 0.8800);
INSERT INTO zone_macro_areas (zone_id, macro_area_code) VALUES ('bucuresti::bucuresti::13-septembrie', 'CENTRU');
INSERT INTO zone_macro_areas (zone_id, macro_area_code) VALUES ('bucuresti::bucuresti::13-septembrie', 'SUD_VEST');
INSERT INTO zone_macro_areas (zone_id, macro_area_code) VALUES ('bucuresti::bucuresti::13-septembrie', 'ULTRACENTRAL');
INSERT INTO zone_adjacency (source_zone_id, target_zone_id, relation_type, relation_weight) VALUES ('bucuresti::bucuresti::13-septembrie', 'bucuresti::bucuresti::cotroceni', 'adjacent', 1.0000) ON CONFLICT DO NOTHING;
INSERT INTO zone_adjacency (source_zone_id, target_zone_id, relation_type, relation_weight) VALUES ('bucuresti::bucuresti::13-septembrie', 'bucuresti::bucuresti::panduri', 'adjacent', 1.0000) ON CONFLICT DO NOTHING;
INSERT INTO zone_adjacency (source_zone_id, target_zone_id, relation_type, relation_weight) VALUES ('bucuresti::bucuresti::13-septembrie', 'bucuresti::bucuresti::rahova', 'adjacent', 1.0000) ON CONFLICT DO NOTHING;
INSERT INTO zone_adjacency (source_zone_id, target_zone_id, relation_type, relation_weight) VALUES ('bucuresti::bucuresti::13-septembrie', 'bucuresti::bucuresti::dealul-spirii', 'adjacent', 1.0000) ON CONFLICT DO NOTHING;
INSERT INTO zone_clusters (cluster_id, cluster_name, cluster_slug, zone_id) VALUES ('cluster::13-septembrie-marriott-dealul-spirii', '13 Septembrie-Marriott-Dealul Spirii', '13-septembrie-marriott-dealul-spirii', 'bucuresti::bucuresti::13-septembrie') ON CONFLICT DO NOTHING;
INSERT INTO zones (zone_id, region_name, county_name, sector_no, locality_name, zone_name, zone_slug, zone_type, parent_label, parent_zone_id, is_official, is_commercial, canonical_normalized_name) VALUES ('bucuresti::bucuresti::cotroceni', 'Bucuresti-Ilfov', 'Bucuresti', 5, 'Bucuresti', 'Cotroceni', 'cotroceni', 'cartier', 'Sector 5', NULL, FALSE, TRUE, 'cotroceni');
INSERT INTO zone_aliases (zone_id, alias, alias_normalized, alias_kind, confidence_weight) VALUES ('bucuresti::bucuresti::cotroceni', 'Cotroceni', 'cotroceni', 'alias', 1.0000), ('bucuresti::bucuresti::cotroceni', 'cotroceni', 'cotroceni', 'slug_variant', 0.9800);
INSERT INTO zone_aliases (zone_id, alias, alias_normalized, alias_kind, confidence_weight) VALUES ('bucuresti::bucuresti::cotroceni', 'Cotroceni Eroii Sanitari', 'cotroceni eroii sanitari', 'alias', 0.9700);
INSERT INTO zone_aliases (zone_id, alias, alias_normalized, alias_kind, confidence_weight) VALUES ('bucuresti::bucuresti::cotroceni', 'Eroii Sanitari', 'eroii sanitari', 'microzone', 0.9300);
INSERT INTO zone_aliases (zone_id, alias, alias_normalized, alias_kind, confidence_weight) VALUES ('bucuresti::bucuresti::cotroceni', 'Academia Militara', 'academia militara', 'microzone', 0.9300);
INSERT INTO zone_aliases (zone_id, alias, alias_normalized, alias_kind, confidence_weight) VALUES ('bucuresti::bucuresti::cotroceni', 'Cotroceni-Panduri-Eroii Sanitari', 'cotroceni panduri eroii sanitari', 'cluster_label', 0.8800);
INSERT INTO zone_macro_areas (zone_id, macro_area_code) VALUES ('bucuresti::bucuresti::cotroceni', 'CENTRU');
INSERT INTO zone_macro_areas (zone_id, macro_area_code) VALUES ('bucuresti::bucuresti::cotroceni', 'SUD_VEST');
INSERT INTO zone_macro_areas (zone_id, macro_area_code) VALUES ('bucuresti::bucuresti::cotroceni', 'ULTRACENTRAL');
INSERT INTO zone_adjacency (source_zone_id, target_zone_id, relation_type, relation_weight) VALUES ('bucuresti::bucuresti::cotroceni', 'bucuresti::bucuresti::panduri', 'adjacent', 1.0000) ON CONFLICT DO NOTHING;
INSERT INTO zone_adjacency (source_zone_id, target_zone_id, relation_type, relation_weight) VALUES ('bucuresti::bucuresti::cotroceni', 'bucuresti::bucuresti::politehnica', 'adjacent', 1.0000) ON CONFLICT DO NOTHING;
INSERT INTO zone_adjacency (source_zone_id, target_zone_id, relation_type, relation_weight) VALUES ('bucuresti::bucuresti::cotroceni', 'bucuresti::bucuresti::grozavesti', 'adjacent', 1.0000) ON CONFLICT DO NOTHING;
INSERT INTO zone_adjacency (source_zone_id, target_zone_id, relation_type, relation_weight) VALUES ('bucuresti::bucuresti::cotroceni', 'bucuresti::bucuresti::13-septembrie', 'adjacent', 1.0000) ON CONFLICT DO NOTHING;
INSERT INTO zone_clusters (cluster_id, cluster_name, cluster_slug, zone_id) VALUES ('cluster::cotroceni-panduri-eroii-sanitari', 'Cotroceni-Panduri-Eroii Sanitari', 'cotroceni-panduri-eroii-sanitari', 'bucuresti::bucuresti::cotroceni') ON CONFLICT DO NOTHING;
INSERT INTO zones (zone_id, region_name, county_name, sector_no, locality_name, zone_name, zone_slug, zone_type, parent_label, parent_zone_id, is_official, is_commercial, canonical_normalized_name) VALUES ('bucuresti::bucuresti::dealul-spirii', 'Bucuresti-Ilfov', 'Bucuresti', 5, 'Bucuresti', 'Dealul Spirii', 'dealul-spirii', 'cartier', 'Sector 5', NULL, FALSE, TRUE, 'dealul spirii');
INSERT INTO zone_aliases (zone_id, alias, alias_normalized, alias_kind, confidence_weight) VALUES ('bucuresti::bucuresti::dealul-spirii', 'Dealul Spirii', 'dealul spirii', 'alias', 1.0000), ('bucuresti::bucuresti::dealul-spirii', 'dealul spirii', 'dealul spirii', 'slug_variant', 0.9800);
INSERT INTO zone_aliases (zone_id, alias, alias_normalized, alias_kind, confidence_weight) VALUES ('bucuresti::bucuresti::dealul-spirii', 'Spirii', 'spirii', 'alias', 0.9700);
INSERT INTO zone_aliases (zone_id, alias, alias_normalized, alias_kind, confidence_weight) VALUES ('bucuresti::bucuresti::dealul-spirii', 'Palatul Parlamentului', 'palatul parlamentului', 'microzone', 0.9300);
INSERT INTO zone_aliases (zone_id, alias, alias_normalized, alias_kind, confidence_weight) VALUES ('bucuresti::bucuresti::dealul-spirii', '13 Septembrie-Marriott-Dealul Spirii', '13 septembrie marriott dealul spirii', 'cluster_label', 0.8800);
INSERT INTO zone_macro_areas (zone_id, macro_area_code) VALUES ('bucuresti::bucuresti::dealul-spirii', 'CENTRU');
INSERT INTO zone_macro_areas (zone_id, macro_area_code) VALUES ('bucuresti::bucuresti::dealul-spirii', 'SUD_VEST');
INSERT INTO zone_macro_areas (zone_id, macro_area_code) VALUES ('bucuresti::bucuresti::dealul-spirii', 'ULTRACENTRAL');
INSERT INTO zone_adjacency (source_zone_id, target_zone_id, relation_type, relation_weight) VALUES ('bucuresti::bucuresti::dealul-spirii', 'bucuresti::bucuresti::13-septembrie', 'adjacent', 1.0000) ON CONFLICT DO NOTHING;
INSERT INTO zone_adjacency (source_zone_id, target_zone_id, relation_type, relation_weight) VALUES ('bucuresti::bucuresti::dealul-spirii', 'bucuresti::bucuresti::izvor', 'adjacent', 1.0000) ON CONFLICT DO NOTHING;
INSERT INTO zone_adjacency (source_zone_id, target_zone_id, relation_type, relation_weight) VALUES ('bucuresti::bucuresti::dealul-spirii', 'bucuresti::bucuresti::rahova', 'adjacent', 1.0000) ON CONFLICT DO NOTHING;
INSERT INTO zone_clusters (cluster_id, cluster_name, cluster_slug, zone_id) VALUES ('cluster::13-septembrie-marriott-dealul-spirii', '13 Septembrie-Marriott-Dealul Spirii', '13-septembrie-marriott-dealul-spirii', 'bucuresti::bucuresti::dealul-spirii') ON CONFLICT DO NOTHING;
INSERT INTO zones (zone_id, region_name, county_name, sector_no, locality_name, zone_name, zone_slug, zone_type, parent_label, parent_zone_id, is_official, is_commercial, canonical_normalized_name) VALUES ('bucuresti::bucuresti::ferentari', 'Bucuresti-Ilfov', 'Bucuresti', 5, 'Bucuresti', 'Ferentari', 'ferentari', 'cartier', 'Sector 5', NULL, FALSE, TRUE, 'ferentari');
INSERT INTO zone_aliases (zone_id, alias, alias_normalized, alias_kind, confidence_weight) VALUES ('bucuresti::bucuresti::ferentari', 'Ferentari', 'ferentari', 'alias', 1.0000), ('bucuresti::bucuresti::ferentari', 'ferentari', 'ferentari', 'slug_variant', 0.9800);
INSERT INTO zone_aliases (zone_id, alias, alias_normalized, alias_kind, confidence_weight) VALUES ('bucuresti::bucuresti::ferentari', 'Ferentari Rahova', 'ferentari rahova', 'alias', 0.9700);
INSERT INTO zone_aliases (zone_id, alias, alias_normalized, alias_kind, confidence_weight) VALUES ('bucuresti::bucuresti::ferentari', 'Zabrauti', 'zabrauti', 'microzone', 0.9300);
INSERT INTO zone_aliases (zone_id, alias, alias_normalized, alias_kind, confidence_weight) VALUES ('bucuresti::bucuresti::ferentari', 'Rahova-Sebastian-Chirigiu', 'rahova sebastian chirigiu', 'cluster_label', 0.8800);
INSERT INTO zone_macro_areas (zone_id, macro_area_code) VALUES ('bucuresti::bucuresti::ferentari', 'CENTRU');
INSERT INTO zone_macro_areas (zone_id, macro_area_code) VALUES ('bucuresti::bucuresti::ferentari', 'SUD_VEST');
INSERT INTO zone_macro_areas (zone_id, macro_area_code) VALUES ('bucuresti::bucuresti::ferentari', 'ULTRACENTRAL');
INSERT INTO zone_adjacency (source_zone_id, target_zone_id, relation_type, relation_weight) VALUES ('bucuresti::bucuresti::ferentari', 'bucuresti::bucuresti::rahova', 'adjacent', 1.0000) ON CONFLICT DO NOTHING;
INSERT INTO zone_adjacency (source_zone_id, target_zone_id, relation_type, relation_weight) VALUES ('bucuresti::bucuresti::ferentari', 'bucuresti::bucuresti::giurgiului', 'adjacent', 1.0000) ON CONFLICT DO NOTHING;
INSERT INTO zone_clusters (cluster_id, cluster_name, cluster_slug, zone_id) VALUES ('cluster::rahova-sebastian-chirigiu', 'Rahova-Sebastian-Chirigiu', 'rahova-sebastian-chirigiu', 'bucuresti::bucuresti::ferentari') ON CONFLICT DO NOTHING;
INSERT INTO zones (zone_id, region_name, county_name, sector_no, locality_name, zone_name, zone_slug, zone_type, parent_label, parent_zone_id, is_official, is_commercial, canonical_normalized_name) VALUES ('bucuresti::bucuresti::giurgiului', 'Bucuresti-Ilfov', 'Bucuresti', 5, 'Bucuresti', 'Giurgiului', 'giurgiului', 'cartier', 'Sector 5', NULL, FALSE, TRUE, 'giurgiului');
INSERT INTO zone_aliases (zone_id, alias, alias_normalized, alias_kind, confidence_weight) VALUES ('bucuresti::bucuresti::giurgiului', 'Giurgiului', 'giurgiului', 'alias', 1.0000), ('bucuresti::bucuresti::giurgiului', 'giurgiului', 'giurgiului', 'slug_variant', 0.9800);
INSERT INTO zone_aliases (zone_id, alias, alias_normalized, alias_kind, confidence_weight) VALUES ('bucuresti::bucuresti::giurgiului', 'Sos Giurgiului', 'sos giurgiului', 'alias', 0.9700);
INSERT INTO zone_aliases (zone_id, alias, alias_normalized, alias_kind, confidence_weight) VALUES ('bucuresti::bucuresti::giurgiului', 'Luica Sud', 'luica sud', 'microzone', 0.9300);
INSERT INTO zone_aliases (zone_id, alias, alias_normalized, alias_kind, confidence_weight) VALUES ('bucuresti::bucuresti::giurgiului', 'Toporasi', 'toporasi', 'microzone', 0.9300);
INSERT INTO zone_aliases (zone_id, alias, alias_normalized, alias_kind, confidence_weight) VALUES ('bucuresti::bucuresti::giurgiului', 'Eroii-Giurgiului-Progresul', 'eroii giurgiului progresul', 'cluster_label', 0.8800);
INSERT INTO zone_macro_areas (zone_id, macro_area_code) VALUES ('bucuresti::bucuresti::giurgiului', 'CENTRU');
INSERT INTO zone_macro_areas (zone_id, macro_area_code) VALUES ('bucuresti::bucuresti::giurgiului', 'SUD_VEST');
INSERT INTO zone_macro_areas (zone_id, macro_area_code) VALUES ('bucuresti::bucuresti::giurgiului', 'ULTRACENTRAL');
INSERT INTO zone_adjacency (source_zone_id, target_zone_id, relation_type, relation_weight) VALUES ('bucuresti::bucuresti::giurgiului', 'bucuresti::bucuresti::eroii-revolutiei', 'adjacent', 1.0000) ON CONFLICT DO NOTHING;
INSERT INTO zone_adjacency (source_zone_id, target_zone_id, relation_type, relation_weight) VALUES ('bucuresti::bucuresti::giurgiului', 'bucuresti::bucuresti::progresul', 'adjacent', 1.0000) ON CONFLICT DO NOTHING;
INSERT INTO zone_adjacency (source_zone_id, target_zone_id, relation_type, relation_weight) VALUES ('bucuresti::bucuresti::giurgiului', 'ilfov::jilava::jilava', 'adjacent', 1.0000) ON CONFLICT DO NOTHING;
INSERT INTO zone_adjacency (source_zone_id, target_zone_id, relation_type, relation_weight) VALUES ('bucuresti::bucuresti::giurgiului', 'bucuresti::bucuresti::ferentari', 'adjacent', 1.0000) ON CONFLICT DO NOTHING;
INSERT INTO zone_clusters (cluster_id, cluster_name, cluster_slug, zone_id) VALUES ('cluster::eroii-giurgiului-progresul', 'Eroii-Giurgiului-Progresul', 'eroii-giurgiului-progresul', 'bucuresti::bucuresti::giurgiului') ON CONFLICT DO NOTHING;
INSERT INTO zones (zone_id, region_name, county_name, sector_no, locality_name, zone_name, zone_slug, zone_type, parent_label, parent_zone_id, is_official, is_commercial, canonical_normalized_name) VALUES ('bucuresti::bucuresti::izvor', 'Bucuresti-Ilfov', 'Bucuresti', 5, 'Bucuresti', 'Izvor', 'izvor', 'cartier', 'Sector 5', NULL, FALSE, TRUE, 'izvor');
INSERT INTO zone_aliases (zone_id, alias, alias_normalized, alias_kind, confidence_weight) VALUES ('bucuresti::bucuresti::izvor', 'Izvor', 'izvor', 'alias', 1.0000), ('bucuresti::bucuresti::izvor', 'izvor', 'izvor', 'slug_variant', 0.9800);
INSERT INTO zone_aliases (zone_id, alias, alias_normalized, alias_kind, confidence_weight) VALUES ('bucuresti::bucuresti::izvor', 'Izvor Parlament', 'izvor parlament', 'alias', 0.9700);
INSERT INTO zone_aliases (zone_id, alias, alias_normalized, alias_kind, confidence_weight) VALUES ('bucuresti::bucuresti::izvor', 'Kogalniceanu', 'kogalniceanu', 'microzone', 0.9300);
INSERT INTO zone_aliases (zone_id, alias, alias_normalized, alias_kind, confidence_weight) VALUES ('bucuresti::bucuresti::izvor', 'Izvor-Uranus-Kogalniceanu', 'izvor uranus kogalniceanu', 'cluster_label', 0.8800);
INSERT INTO zone_macro_areas (zone_id, macro_area_code) VALUES ('bucuresti::bucuresti::izvor', 'CENTRU');
INSERT INTO zone_macro_areas (zone_id, macro_area_code) VALUES ('bucuresti::bucuresti::izvor', 'SUD_VEST');
INSERT INTO zone_macro_areas (zone_id, macro_area_code) VALUES ('bucuresti::bucuresti::izvor', 'ULTRACENTRAL');
INSERT INTO zone_adjacency (source_zone_id, target_zone_id, relation_type, relation_weight) VALUES ('bucuresti::bucuresti::izvor', 'bucuresti::bucuresti::cotroceni', 'adjacent', 1.0000) ON CONFLICT DO NOTHING;
INSERT INTO zone_adjacency (source_zone_id, target_zone_id, relation_type, relation_weight) VALUES ('bucuresti::bucuresti::izvor', 'bucuresti::bucuresti::uranus', 'adjacent', 1.0000) ON CONFLICT DO NOTHING;
INSERT INTO zone_clusters (cluster_id, cluster_name, cluster_slug, zone_id) VALUES ('cluster::izvor-uranus-kogalniceanu', 'Izvor-Uranus-Kogalniceanu', 'izvor-uranus-kogalniceanu', 'bucuresti::bucuresti::izvor') ON CONFLICT DO NOTHING;
INSERT INTO zones (zone_id, region_name, county_name, sector_no, locality_name, zone_name, zone_slug, zone_type, parent_label, parent_zone_id, is_official, is_commercial, canonical_normalized_name) VALUES ('bucuresti::bucuresti::panduri', 'Bucuresti-Ilfov', 'Bucuresti', 5, 'Bucuresti', 'Panduri', 'panduri', 'cartier', 'Sector 5', NULL, FALSE, TRUE, 'panduri');
INSERT INTO zone_aliases (zone_id, alias, alias_normalized, alias_kind, confidence_weight) VALUES ('bucuresti::bucuresti::panduri', 'Panduri', 'panduri', 'alias', 1.0000), ('bucuresti::bucuresti::panduri', 'panduri', 'panduri', 'slug_variant', 0.9800);
INSERT INTO zone_aliases (zone_id, alias, alias_normalized, alias_kind, confidence_weight) VALUES ('bucuresti::bucuresti::panduri', 'Panduri Cotroceni', 'panduri cotroceni', 'alias', 0.9700);
INSERT INTO zone_aliases (zone_id, alias, alias_normalized, alias_kind, confidence_weight) VALUES ('bucuresti::bucuresti::panduri', 'Academia Militara', 'academia militara', 'microzone', 0.9300);
INSERT INTO zone_aliases (zone_id, alias, alias_normalized, alias_kind, confidence_weight) VALUES ('bucuresti::bucuresti::panduri', 'Cotroceni-Panduri-Eroii Sanitari', 'cotroceni panduri eroii sanitari', 'cluster_label', 0.8800);
INSERT INTO zone_macro_areas (zone_id, macro_area_code) VALUES ('bucuresti::bucuresti::panduri', 'CENTRU');
INSERT INTO zone_macro_areas (zone_id, macro_area_code) VALUES ('bucuresti::bucuresti::panduri', 'SUD_VEST');
INSERT INTO zone_macro_areas (zone_id, macro_area_code) VALUES ('bucuresti::bucuresti::panduri', 'ULTRACENTRAL');
INSERT INTO zone_adjacency (source_zone_id, target_zone_id, relation_type, relation_weight) VALUES ('bucuresti::bucuresti::panduri', 'bucuresti::bucuresti::cotroceni', 'adjacent', 1.0000) ON CONFLICT DO NOTHING;
INSERT INTO zone_adjacency (source_zone_id, target_zone_id, relation_type, relation_weight) VALUES ('bucuresti::bucuresti::panduri', 'bucuresti::bucuresti::13-septembrie', 'adjacent', 1.0000) ON CONFLICT DO NOTHING;
INSERT INTO zone_clusters (cluster_id, cluster_name, cluster_slug, zone_id) VALUES ('cluster::cotroceni-panduri-eroii-sanitari', 'Cotroceni-Panduri-Eroii Sanitari', 'cotroceni-panduri-eroii-sanitari', 'bucuresti::bucuresti::panduri') ON CONFLICT DO NOTHING;
INSERT INTO zones (zone_id, region_name, county_name, sector_no, locality_name, zone_name, zone_slug, zone_type, parent_label, parent_zone_id, is_official, is_commercial, canonical_normalized_name) VALUES ('bucuresti::bucuresti::rahova', 'Bucuresti-Ilfov', 'Bucuresti', 5, 'Bucuresti', 'Rahova', 'rahova', 'cartier', 'Sector 5', NULL, FALSE, TRUE, 'rahova');
INSERT INTO zone_aliases (zone_id, alias, alias_normalized, alias_kind, confidence_weight) VALUES ('bucuresti::bucuresti::rahova', 'Rahova', 'rahova', 'alias', 1.0000), ('bucuresti::bucuresti::rahova', 'rahova', 'rahova', 'slug_variant', 0.9800);
INSERT INTO zone_aliases (zone_id, alias, alias_normalized, alias_kind, confidence_weight) VALUES ('bucuresti::bucuresti::rahova', 'Piata Rahova', 'piata rahova', 'alias', 0.9700);
INSERT INTO zone_aliases (zone_id, alias, alias_normalized, alias_kind, confidence_weight) VALUES ('bucuresti::bucuresti::rahova', 'Alexandriei', 'alexandriei', 'microzone', 0.9300);
INSERT INTO zone_aliases (zone_id, alias, alias_normalized, alias_kind, confidence_weight) VALUES ('bucuresti::bucuresti::rahova', 'Piata Rahova', 'piata rahova', 'microzone', 0.9300);
INSERT INTO zone_aliases (zone_id, alias, alias_normalized, alias_kind, confidence_weight) VALUES ('bucuresti::bucuresti::rahova', 'Rahova-Sebastian-Chirigiu', 'rahova sebastian chirigiu', 'cluster_label', 0.8800);
INSERT INTO zone_macro_areas (zone_id, macro_area_code) VALUES ('bucuresti::bucuresti::rahova', 'CENTRU');
INSERT INTO zone_macro_areas (zone_id, macro_area_code) VALUES ('bucuresti::bucuresti::rahova', 'SUD_VEST');
INSERT INTO zone_macro_areas (zone_id, macro_area_code) VALUES ('bucuresti::bucuresti::rahova', 'ULTRACENTRAL');
INSERT INTO zone_adjacency (source_zone_id, target_zone_id, relation_type, relation_weight) VALUES ('bucuresti::bucuresti::rahova', 'bucuresti::bucuresti::13-septembrie', 'adjacent', 1.0000) ON CONFLICT DO NOTHING;
INSERT INTO zone_adjacency (source_zone_id, target_zone_id, relation_type, relation_weight) VALUES ('bucuresti::bucuresti::rahova', 'bucuresti::bucuresti::sebastian', 'adjacent', 1.0000) ON CONFLICT DO NOTHING;
INSERT INTO zone_adjacency (source_zone_id, target_zone_id, relation_type, relation_weight) VALUES ('bucuresti::bucuresti::rahova', 'bucuresti::bucuresti::ferentari', 'adjacent', 1.0000) ON CONFLICT DO NOTHING;
INSERT INTO zone_adjacency (source_zone_id, target_zone_id, relation_type, relation_weight) VALUES ('bucuresti::bucuresti::rahova', 'ilfov::bragadiru::bragadiru', 'adjacent', 1.0000) ON CONFLICT DO NOTHING;
INSERT INTO zone_clusters (cluster_id, cluster_name, cluster_slug, zone_id) VALUES ('cluster::rahova-sebastian-chirigiu', 'Rahova-Sebastian-Chirigiu', 'rahova-sebastian-chirigiu', 'bucuresti::bucuresti::rahova') ON CONFLICT DO NOTHING;
INSERT INTO zones (zone_id, region_name, county_name, sector_no, locality_name, zone_name, zone_slug, zone_type, parent_label, parent_zone_id, is_official, is_commercial, canonical_normalized_name) VALUES ('bucuresti::bucuresti::sebastian', 'Bucuresti-Ilfov', 'Bucuresti', 5, 'Bucuresti', 'Sebastian', 'sebastian', 'cartier', 'Sector 5', NULL, FALSE, TRUE, 'sebastian');
INSERT INTO zone_aliases (zone_id, alias, alias_normalized, alias_kind, confidence_weight) VALUES ('bucuresti::bucuresti::sebastian', 'Sebastian', 'sebastian', 'alias', 1.0000), ('bucuresti::bucuresti::sebastian', 'sebastian', 'sebastian', 'slug_variant', 0.9800);
INSERT INTO zone_aliases (zone_id, alias, alias_normalized, alias_kind, confidence_weight) VALUES ('bucuresti::bucuresti::sebastian', 'Prosper Sebastian', 'prosper sebastian', 'alias', 0.9700);
INSERT INTO zone_aliases (zone_id, alias, alias_normalized, alias_kind, confidence_weight) VALUES ('bucuresti::bucuresti::sebastian', 'Prosper', 'prosper', 'microzone', 0.9300);
INSERT INTO zone_aliases (zone_id, alias, alias_normalized, alias_kind, confidence_weight) VALUES ('bucuresti::bucuresti::sebastian', 'Rahova-Sebastian-Chirigiu', 'rahova sebastian chirigiu', 'cluster_label', 0.8800);
INSERT INTO zone_macro_areas (zone_id, macro_area_code) VALUES ('bucuresti::bucuresti::sebastian', 'CENTRU');
INSERT INTO zone_macro_areas (zone_id, macro_area_code) VALUES ('bucuresti::bucuresti::sebastian', 'SUD_VEST');
INSERT INTO zone_macro_areas (zone_id, macro_area_code) VALUES ('bucuresti::bucuresti::sebastian', 'ULTRACENTRAL');
INSERT INTO zone_adjacency (source_zone_id, target_zone_id, relation_type, relation_weight) VALUES ('bucuresti::bucuresti::sebastian', 'bucuresti::bucuresti::rahova', 'adjacent', 1.0000) ON CONFLICT DO NOTHING;
INSERT INTO zone_adjacency (source_zone_id, target_zone_id, relation_type, relation_weight) VALUES ('bucuresti::bucuresti::sebastian', 'bucuresti::bucuresti::13-septembrie', 'adjacent', 1.0000) ON CONFLICT DO NOTHING;
INSERT INTO zone_adjacency (source_zone_id, target_zone_id, relation_type, relation_weight) VALUES ('bucuresti::bucuresti::sebastian', 'bucuresti::bucuresti::chirigiu', 'adjacent', 1.0000) ON CONFLICT DO NOTHING;
INSERT INTO zone_clusters (cluster_id, cluster_name, cluster_slug, zone_id) VALUES ('cluster::rahova-sebastian-chirigiu', 'Rahova-Sebastian-Chirigiu', 'rahova-sebastian-chirigiu', 'bucuresti::bucuresti::sebastian') ON CONFLICT DO NOTHING;
INSERT INTO zones (zone_id, region_name, county_name, sector_no, locality_name, zone_name, zone_slug, zone_type, parent_label, parent_zone_id, is_official, is_commercial, canonical_normalized_name) VALUES ('bucuresti::bucuresti::uranus', 'Bucuresti-Ilfov', 'Bucuresti', 5, 'Bucuresti', 'Uranus', 'uranus', 'cartier', 'Sector 5', NULL, FALSE, TRUE, 'uranus');
INSERT INTO zone_aliases (zone_id, alias, alias_normalized, alias_kind, confidence_weight) VALUES ('bucuresti::bucuresti::uranus', 'Uranus', 'uranus', 'alias', 1.0000), ('bucuresti::bucuresti::uranus', 'uranus', 'uranus', 'slug_variant', 0.9800);
INSERT INTO zone_aliases (zone_id, alias, alias_normalized, alias_kind, confidence_weight) VALUES ('bucuresti::bucuresti::uranus', 'Uranus Izvor', 'uranus izvor', 'alias', 0.9700);
INSERT INTO zone_aliases (zone_id, alias, alias_normalized, alias_kind, confidence_weight) VALUES ('bucuresti::bucuresti::uranus', 'Catedrala Mantuirii', 'catedrala mantuirii', 'microzone', 0.9300);
INSERT INTO zone_aliases (zone_id, alias, alias_normalized, alias_kind, confidence_weight) VALUES ('bucuresti::bucuresti::uranus', 'Izvor-Uranus-Kogalniceanu', 'izvor uranus kogalniceanu', 'cluster_label', 0.8800);
INSERT INTO zone_macro_areas (zone_id, macro_area_code) VALUES ('bucuresti::bucuresti::uranus', 'CENTRU');
INSERT INTO zone_macro_areas (zone_id, macro_area_code) VALUES ('bucuresti::bucuresti::uranus', 'SUD_VEST');
INSERT INTO zone_macro_areas (zone_id, macro_area_code) VALUES ('bucuresti::bucuresti::uranus', 'ULTRACENTRAL');
INSERT INTO zone_adjacency (source_zone_id, target_zone_id, relation_type, relation_weight) VALUES ('bucuresti::bucuresti::uranus', 'bucuresti::bucuresti::izvor', 'adjacent', 1.0000) ON CONFLICT DO NOTHING;
INSERT INTO zone_adjacency (source_zone_id, target_zone_id, relation_type, relation_weight) VALUES ('bucuresti::bucuresti::uranus', 'bucuresti::bucuresti::13-septembrie', 'adjacent', 1.0000) ON CONFLICT DO NOTHING;
INSERT INTO zone_clusters (cluster_id, cluster_name, cluster_slug, zone_id) VALUES ('cluster::izvor-uranus-kogalniceanu', 'Izvor-Uranus-Kogalniceanu', 'izvor-uranus-kogalniceanu', 'bucuresti::bucuresti::uranus') ON CONFLICT DO NOTHING;
INSERT INTO zones (zone_id, region_name, county_name, sector_no, locality_name, zone_name, zone_slug, zone_type, parent_label, parent_zone_id, is_official, is_commercial, canonical_normalized_name) VALUES ('bucuresti::bucuresti::antiaeriana', 'Bucuresti-Ilfov', 'Bucuresti', 5, 'Bucuresti', 'Antiaeriana', 'antiaeriana', 'cartier', 'Sector 5', NULL, FALSE, TRUE, 'antiaeriana');
INSERT INTO zone_aliases (zone_id, alias, alias_normalized, alias_kind, confidence_weight) VALUES ('bucuresti::bucuresti::antiaeriana', 'Antiaeriana', 'antiaeriana', 'alias', 1.0000), ('bucuresti::bucuresti::antiaeriana', 'antiaeriana', 'antiaeriana', 'slug_variant', 0.9800);
INSERT INTO zone_aliases (zone_id, alias, alias_normalized, alias_kind, confidence_weight) VALUES ('bucuresti::bucuresti::antiaeriana', 'Antiaeriana Rahova', 'antiaeriana rahova', 'alias', 0.9700);
INSERT INTO zone_aliases (zone_id, alias, alias_normalized, alias_kind, confidence_weight) VALUES ('bucuresti::bucuresti::antiaeriana', 'Soseaua Alexandriei', 'soseaua alexandriei', 'microzone', 0.9300);
INSERT INTO zone_aliases (zone_id, alias, alias_normalized, alias_kind, confidence_weight) VALUES ('bucuresti::bucuresti::antiaeriana', 'Rahova-Sebastian-Chirigiu', 'rahova sebastian chirigiu', 'cluster_label', 0.8800);
INSERT INTO zone_macro_areas (zone_id, macro_area_code) VALUES ('bucuresti::bucuresti::antiaeriana', 'CENTRU');
INSERT INTO zone_macro_areas (zone_id, macro_area_code) VALUES ('bucuresti::bucuresti::antiaeriana', 'SUD_VEST');
INSERT INTO zone_macro_areas (zone_id, macro_area_code) VALUES ('bucuresti::bucuresti::antiaeriana', 'ULTRACENTRAL');
INSERT INTO zone_adjacency (source_zone_id, target_zone_id, relation_type, relation_weight) VALUES ('bucuresti::bucuresti::antiaeriana', 'bucuresti::bucuresti::rahova', 'adjacent', 1.0000) ON CONFLICT DO NOTHING;
INSERT INTO zone_clusters (cluster_id, cluster_name, cluster_slug, zone_id) VALUES ('cluster::rahova-sebastian-chirigiu', 'Rahova-Sebastian-Chirigiu', 'rahova-sebastian-chirigiu', 'bucuresti::bucuresti::antiaeriana') ON CONFLICT DO NOTHING;
INSERT INTO zones (zone_id, region_name, county_name, sector_no, locality_name, zone_name, zone_slug, zone_type, parent_label, parent_zone_id, is_official, is_commercial, canonical_normalized_name) VALUES ('bucuresti::bucuresti::chirigiu', 'Bucuresti-Ilfov', 'Bucuresti', 5, 'Bucuresti', 'Chirigiu', 'chirigiu', 'cartier', 'Sector 5', NULL, FALSE, TRUE, 'chirigiu');
INSERT INTO zone_aliases (zone_id, alias, alias_normalized, alias_kind, confidence_weight) VALUES ('bucuresti::bucuresti::chirigiu', 'Chirigiu', 'chirigiu', 'alias', 1.0000), ('bucuresti::bucuresti::chirigiu', 'chirigiu', 'chirigiu', 'slug_variant', 0.9800);
INSERT INTO zone_aliases (zone_id, alias, alias_normalized, alias_kind, confidence_weight) VALUES ('bucuresti::bucuresti::chirigiu', 'Piata Chirigiu', 'piata chirigiu', 'alias', 0.9700);
INSERT INTO zone_aliases (zone_id, alias, alias_normalized, alias_kind, confidence_weight) VALUES ('bucuresti::bucuresti::chirigiu', 'Piata Chirigiu', 'piata chirigiu', 'microzone', 0.9300);
INSERT INTO zone_aliases (zone_id, alias, alias_normalized, alias_kind, confidence_weight) VALUES ('bucuresti::bucuresti::chirigiu', 'Rahova-Sebastian-Chirigiu', 'rahova sebastian chirigiu', 'cluster_label', 0.8800);
INSERT INTO zone_macro_areas (zone_id, macro_area_code) VALUES ('bucuresti::bucuresti::chirigiu', 'CENTRU');
INSERT INTO zone_macro_areas (zone_id, macro_area_code) VALUES ('bucuresti::bucuresti::chirigiu', 'SUD_VEST');
INSERT INTO zone_macro_areas (zone_id, macro_area_code) VALUES ('bucuresti::bucuresti::chirigiu', 'ULTRACENTRAL');
INSERT INTO zone_adjacency (source_zone_id, target_zone_id, relation_type, relation_weight) VALUES ('bucuresti::bucuresti::chirigiu', 'bucuresti::bucuresti::sebastian', 'adjacent', 1.0000) ON CONFLICT DO NOTHING;
INSERT INTO zone_adjacency (source_zone_id, target_zone_id, relation_type, relation_weight) VALUES ('bucuresti::bucuresti::chirigiu', 'bucuresti::bucuresti::rahova', 'adjacent', 1.0000) ON CONFLICT DO NOTHING;
INSERT INTO zone_clusters (cluster_id, cluster_name, cluster_slug, zone_id) VALUES ('cluster::rahova-sebastian-chirigiu', 'Rahova-Sebastian-Chirigiu', 'rahova-sebastian-chirigiu', 'bucuresti::bucuresti::chirigiu') ON CONFLICT DO NOTHING;
INSERT INTO zones (zone_id, region_name, county_name, sector_no, locality_name, zone_name, zone_slug, zone_type, parent_label, parent_zone_id, is_official, is_commercial, canonical_normalized_name) VALUES ('bucuresti::bucuresti::crangasi', 'Bucuresti-Ilfov', 'Bucuresti', 6, 'Bucuresti', 'Crangasi', 'crangasi', 'cartier', 'Sector 6', NULL, FALSE, TRUE, 'crangasi');
INSERT INTO zone_aliases (zone_id, alias, alias_normalized, alias_kind, confidence_weight) VALUES ('bucuresti::bucuresti::crangasi', 'Crangasi', 'crangasi', 'alias', 1.0000), ('bucuresti::bucuresti::crangasi', 'crangasi', 'crangasi', 'slug_variant', 0.9800);
INSERT INTO zone_aliases (zone_id, alias, alias_normalized, alias_kind, confidence_weight) VALUES ('bucuresti::bucuresti::crangasi', 'Crangasi Virtutii', 'crangasi virtutii', 'alias', 0.9700);
INSERT INTO zone_aliases (zone_id, alias, alias_normalized, alias_kind, confidence_weight) VALUES ('bucuresti::bucuresti::crangasi', 'Virtutii', 'virtutii', 'microzone', 0.9300);
INSERT INTO zone_aliases (zone_id, alias, alias_normalized, alias_kind, confidence_weight) VALUES ('bucuresti::bucuresti::crangasi', 'Crangasi-Virtutii-Giulesti', 'crangasi virtutii giulesti', 'cluster_label', 0.8800);
INSERT INTO zone_macro_areas (zone_id, macro_area_code) VALUES ('bucuresti::bucuresti::crangasi', 'VEST');
INSERT INTO zone_macro_areas (zone_id, macro_area_code) VALUES ('bucuresti::bucuresti::crangasi', 'NORD_VEST');
INSERT INTO zone_macro_areas (zone_id, macro_area_code) VALUES ('bucuresti::bucuresti::crangasi', 'CENTRU');
INSERT INTO zone_adjacency (source_zone_id, target_zone_id, relation_type, relation_weight) VALUES ('bucuresti::bucuresti::crangasi', 'bucuresti::bucuresti::giulesti', 'adjacent', 1.0000) ON CONFLICT DO NOTHING;
INSERT INTO zone_adjacency (source_zone_id, target_zone_id, relation_type, relation_weight) VALUES ('bucuresti::bucuresti::crangasi', 'bucuresti::bucuresti::regie', 'adjacent', 1.0000) ON CONFLICT DO NOTHING;
INSERT INTO zone_adjacency (source_zone_id, target_zone_id, relation_type, relation_weight) VALUES ('bucuresti::bucuresti::crangasi', 'bucuresti::bucuresti::militari', 'adjacent', 1.0000) ON CONFLICT DO NOTHING;
INSERT INTO zone_adjacency (source_zone_id, target_zone_id, relation_type, relation_weight) VALUES ('bucuresti::bucuresti::crangasi', 'bucuresti::bucuresti::grozavesti', 'adjacent', 1.0000) ON CONFLICT DO NOTHING;
INSERT INTO zone_clusters (cluster_id, cluster_name, cluster_slug, zone_id) VALUES ('cluster::crangasi-virtutii-giulesti', 'Crangasi-Virtutii-Giulesti', 'crangasi-virtutii-giulesti', 'bucuresti::bucuresti::crangasi') ON CONFLICT DO NOTHING;
INSERT INTO zones (zone_id, region_name, county_name, sector_no, locality_name, zone_name, zone_slug, zone_type, parent_label, parent_zone_id, is_official, is_commercial, canonical_normalized_name) VALUES ('bucuresti::bucuresti::drumul-taberei', 'Bucuresti-Ilfov', 'Bucuresti', 6, 'Bucuresti', 'Drumul Taberei', 'drumul-taberei', 'cartier', 'Sector 6', NULL, FALSE, TRUE, 'drumul taberei');
INSERT INTO zone_aliases (zone_id, alias, alias_normalized, alias_kind, confidence_weight) VALUES ('bucuresti::bucuresti::drumul-taberei', 'Drumul Taberei', 'drumul taberei', 'alias', 1.0000), ('bucuresti::bucuresti::drumul-taberei', 'drumul taberei', 'drumul taberei', 'slug_variant', 0.9800);
INSERT INTO zone_aliases (zone_id, alias, alias_normalized, alias_kind, confidence_weight) VALUES ('bucuresti::bucuresti::drumul-taberei', 'DT', 'dt', 'alias', 0.9700);
INSERT INTO zone_aliases (zone_id, alias, alias_normalized, alias_kind, confidence_weight) VALUES ('bucuresti::bucuresti::drumul-taberei', 'Dr Taberei', 'dr taberei', 'alias', 0.9700);
INSERT INTO zone_aliases (zone_id, alias, alias_normalized, alias_kind, confidence_weight) VALUES ('bucuresti::bucuresti::drumul-taberei', 'Favorit', 'favorit', 'microzone', 0.9300);
INSERT INTO zone_aliases (zone_id, alias, alias_normalized, alias_kind, confidence_weight) VALUES ('bucuresti::bucuresti::drumul-taberei', 'Orizont', 'orizont', 'microzone', 0.9300);
INSERT INTO zone_aliases (zone_id, alias, alias_normalized, alias_kind, confidence_weight) VALUES ('bucuresti::bucuresti::drumul-taberei', 'Valea Ialomitei', 'valea ialomitei', 'microzone', 0.9300);
INSERT INTO zone_aliases (zone_id, alias, alias_normalized, alias_kind, confidence_weight) VALUES ('bucuresti::bucuresti::drumul-taberei', 'Drumul Taberei-Favorit-Orizont', 'drumul taberei favorit orizont', 'cluster_label', 0.8800);
INSERT INTO zone_macro_areas (zone_id, macro_area_code) VALUES ('bucuresti::bucuresti::drumul-taberei', 'VEST');
INSERT INTO zone_macro_areas (zone_id, macro_area_code) VALUES ('bucuresti::bucuresti::drumul-taberei', 'NORD_VEST');
INSERT INTO zone_macro_areas (zone_id, macro_area_code) VALUES ('bucuresti::bucuresti::drumul-taberei', 'CENTRU');
INSERT INTO zone_adjacency (source_zone_id, target_zone_id, relation_type, relation_weight) VALUES ('bucuresti::bucuresti::drumul-taberei', 'bucuresti::bucuresti::ghencea', 'adjacent', 1.0000) ON CONFLICT DO NOTHING;
INSERT INTO zone_adjacency (source_zone_id, target_zone_id, relation_type, relation_weight) VALUES ('bucuresti::bucuresti::drumul-taberei', 'bucuresti::bucuresti::brancusi', 'adjacent', 1.0000) ON CONFLICT DO NOTHING;
INSERT INTO zone_adjacency (source_zone_id, target_zone_id, relation_type, relation_weight) VALUES ('bucuresti::bucuresti::drumul-taberei', 'bucuresti::bucuresti::valea-oltului', 'adjacent', 1.0000) ON CONFLICT DO NOTHING;
INSERT INTO zone_adjacency (source_zone_id, target_zone_id, relation_type, relation_weight) VALUES ('bucuresti::bucuresti::drumul-taberei', 'bucuresti::bucuresti::militari', 'adjacent', 1.0000) ON CONFLICT DO NOTHING;
INSERT INTO zone_clusters (cluster_id, cluster_name, cluster_slug, zone_id) VALUES ('cluster::drumul-taberei-favorit-orizont', 'Drumul Taberei-Favorit-Orizont', 'drumul-taberei-favorit-orizont', 'bucuresti::bucuresti::drumul-taberei') ON CONFLICT DO NOTHING;
INSERT INTO zones (zone_id, region_name, county_name, sector_no, locality_name, zone_name, zone_slug, zone_type, parent_label, parent_zone_id, is_official, is_commercial, canonical_normalized_name) VALUES ('bucuresti::bucuresti::ghencea', 'Bucuresti-Ilfov', 'Bucuresti', 6, 'Bucuresti', 'Ghencea', 'ghencea', 'cartier', 'Sector 6', NULL, FALSE, TRUE, 'ghencea');
INSERT INTO zone_aliases (zone_id, alias, alias_normalized, alias_kind, confidence_weight) VALUES ('bucuresti::bucuresti::ghencea', 'Ghencea', 'ghencea', 'alias', 1.0000), ('bucuresti::bucuresti::ghencea', 'ghencea', 'ghencea', 'slug_variant', 0.9800);
INSERT INTO zone_aliases (zone_id, alias, alias_normalized, alias_kind, confidence_weight) VALUES ('bucuresti::bucuresti::ghencea', 'Ghencea Stadion', 'ghencea stadion', 'alias', 0.9700);
INSERT INTO zone_aliases (zone_id, alias, alias_normalized, alias_kind, confidence_weight) VALUES ('bucuresti::bucuresti::ghencea', 'Ghencea Stadion', 'ghencea stadion', 'microzone', 0.9300);
INSERT INTO zone_aliases (zone_id, alias, alias_normalized, alias_kind, confidence_weight) VALUES ('bucuresti::bucuresti::ghencea', 'Ghencea-Brancusi-Prelungirea Ghencea', 'ghencea brancusi prelungirea ghencea', 'cluster_label', 0.8800);
INSERT INTO zone_macro_areas (zone_id, macro_area_code) VALUES ('bucuresti::bucuresti::ghencea', 'VEST');
INSERT INTO zone_macro_areas (zone_id, macro_area_code) VALUES ('bucuresti::bucuresti::ghencea', 'NORD_VEST');
INSERT INTO zone_macro_areas (zone_id, macro_area_code) VALUES ('bucuresti::bucuresti::ghencea', 'CENTRU');
INSERT INTO zone_adjacency (source_zone_id, target_zone_id, relation_type, relation_weight) VALUES ('bucuresti::bucuresti::ghencea', 'bucuresti::bucuresti::drumul-taberei', 'adjacent', 1.0000) ON CONFLICT DO NOTHING;
INSERT INTO zone_adjacency (source_zone_id, target_zone_id, relation_type, relation_weight) VALUES ('bucuresti::bucuresti::ghencea', 'bucuresti::bucuresti::prelungirea-ghencea', 'adjacent', 1.0000) ON CONFLICT DO NOTHING;
INSERT INTO zone_adjacency (source_zone_id, target_zone_id, relation_type, relation_weight) VALUES ('bucuresti::bucuresti::ghencea', 'ilfov::bragadiru::bragadiru', 'adjacent', 1.0000) ON CONFLICT DO NOTHING;
INSERT INTO zone_clusters (cluster_id, cluster_name, cluster_slug, zone_id) VALUES ('cluster::ghencea-brancusi-prelungirea-ghencea', 'Ghencea-Brancusi-Prelungirea Ghencea', 'ghencea-brancusi-prelungirea-ghencea', 'bucuresti::bucuresti::ghencea') ON CONFLICT DO NOTHING;
INSERT INTO zones (zone_id, region_name, county_name, sector_no, locality_name, zone_name, zone_slug, zone_type, parent_label, parent_zone_id, is_official, is_commercial, canonical_normalized_name) VALUES ('bucuresti::bucuresti::giulesti', 'Bucuresti-Ilfov', 'Bucuresti', 6, 'Bucuresti', 'Giulesti', 'giulesti', 'cartier', 'Sector 6', NULL, FALSE, TRUE, 'giulesti');
INSERT INTO zone_aliases (zone_id, alias, alias_normalized, alias_kind, confidence_weight) VALUES ('bucuresti::bucuresti::giulesti', 'Giulesti', 'giulesti', 'alias', 1.0000), ('bucuresti::bucuresti::giulesti', 'giulesti', 'giulesti', 'slug_variant', 0.9800);
INSERT INTO zone_aliases (zone_id, alias, alias_normalized, alias_kind, confidence_weight) VALUES ('bucuresti::bucuresti::giulesti', 'Giulesti Sarbi', 'giulesti sarbi', 'alias', 0.9700);
INSERT INTO zone_aliases (zone_id, alias, alias_normalized, alias_kind, confidence_weight) VALUES ('bucuresti::bucuresti::giulesti', 'Giulesti Sarbi', 'giulesti sarbi', 'microzone', 0.9300);
INSERT INTO zone_aliases (zone_id, alias, alias_normalized, alias_kind, confidence_weight) VALUES ('bucuresti::bucuresti::giulesti', 'Crangasi-Virtutii-Giulesti', 'crangasi virtutii giulesti', 'cluster_label', 0.8800);
INSERT INTO zone_macro_areas (zone_id, macro_area_code) VALUES ('bucuresti::bucuresti::giulesti', 'VEST');
INSERT INTO zone_macro_areas (zone_id, macro_area_code) VALUES ('bucuresti::bucuresti::giulesti', 'NORD_VEST');
INSERT INTO zone_macro_areas (zone_id, macro_area_code) VALUES ('bucuresti::bucuresti::giulesti', 'CENTRU');
INSERT INTO zone_adjacency (source_zone_id, target_zone_id, relation_type, relation_weight) VALUES ('bucuresti::bucuresti::giulesti', 'bucuresti::bucuresti::crangasi', 'adjacent', 1.0000) ON CONFLICT DO NOTHING;
INSERT INTO zone_adjacency (source_zone_id, target_zone_id, relation_type, relation_weight) VALUES ('bucuresti::bucuresti::giulesti', 'bucuresti::bucuresti::grivita', 'adjacent', 1.0000) ON CONFLICT DO NOTHING;
INSERT INTO zone_adjacency (source_zone_id, target_zone_id, relation_type, relation_weight) VALUES ('bucuresti::bucuresti::giulesti', 'ilfov::chitila::chitila', 'adjacent', 1.0000) ON CONFLICT DO NOTHING;
INSERT INTO zone_clusters (cluster_id, cluster_name, cluster_slug, zone_id) VALUES ('cluster::crangasi-virtutii-giulesti', 'Crangasi-Virtutii-Giulesti', 'crangasi-virtutii-giulesti', 'bucuresti::bucuresti::giulesti') ON CONFLICT DO NOTHING;
INSERT INTO zones (zone_id, region_name, county_name, sector_no, locality_name, zone_name, zone_slug, zone_type, parent_label, parent_zone_id, is_official, is_commercial, canonical_normalized_name) VALUES ('bucuresti::bucuresti::grozavesti', 'Bucuresti-Ilfov', 'Bucuresti', 6, 'Bucuresti', 'Grozavesti', 'grozavesti', 'cartier', 'Sector 6', NULL, FALSE, TRUE, 'grozavesti');
INSERT INTO zone_aliases (zone_id, alias, alias_normalized, alias_kind, confidence_weight) VALUES ('bucuresti::bucuresti::grozavesti', 'Grozavesti', 'grozavesti', 'alias', 1.0000), ('bucuresti::bucuresti::grozavesti', 'grozavesti', 'grozavesti', 'slug_variant', 0.9800);
INSERT INTO zone_aliases (zone_id, alias, alias_normalized, alias_kind, confidence_weight) VALUES ('bucuresti::bucuresti::grozavesti', 'Orhideea', 'orhideea', 'alias', 0.9700);
INSERT INTO zone_aliases (zone_id, alias, alias_normalized, alias_kind, confidence_weight) VALUES ('bucuresti::bucuresti::grozavesti', 'Grozavesti Orhideea', 'grozavesti orhideea', 'alias', 0.9700);
INSERT INTO zone_aliases (zone_id, alias, alias_normalized, alias_kind, confidence_weight) VALUES ('bucuresti::bucuresti::grozavesti', 'Carrefour Orhideea', 'carrefour orhideea', 'microzone', 0.9300);
INSERT INTO zone_aliases (zone_id, alias, alias_normalized, alias_kind, confidence_weight) VALUES ('bucuresti::bucuresti::grozavesti', 'Politehnica-Regie-Grozavesti-Orhideea', 'politehnica regie grozavesti orhideea', 'cluster_label', 0.8800);
INSERT INTO zone_macro_areas (zone_id, macro_area_code) VALUES ('bucuresti::bucuresti::grozavesti', 'VEST');
INSERT INTO zone_macro_areas (zone_id, macro_area_code) VALUES ('bucuresti::bucuresti::grozavesti', 'NORD_VEST');
INSERT INTO zone_macro_areas (zone_id, macro_area_code) VALUES ('bucuresti::bucuresti::grozavesti', 'CENTRU');
INSERT INTO zone_adjacency (source_zone_id, target_zone_id, relation_type, relation_weight) VALUES ('bucuresti::bucuresti::grozavesti', 'bucuresti::bucuresti::politehnica', 'adjacent', 1.0000) ON CONFLICT DO NOTHING;
INSERT INTO zone_adjacency (source_zone_id, target_zone_id, relation_type, relation_weight) VALUES ('bucuresti::bucuresti::grozavesti', 'bucuresti::bucuresti::cotroceni', 'adjacent', 1.0000) ON CONFLICT DO NOTHING;
INSERT INTO zone_adjacency (source_zone_id, target_zone_id, relation_type, relation_weight) VALUES ('bucuresti::bucuresti::grozavesti', 'bucuresti::bucuresti::crangasi', 'adjacent', 1.0000) ON CONFLICT DO NOTHING;
INSERT INTO zone_adjacency (source_zone_id, target_zone_id, relation_type, relation_weight) VALUES ('bucuresti::bucuresti::grozavesti', 'bucuresti::bucuresti::regie', 'adjacent', 1.0000) ON CONFLICT DO NOTHING;
INSERT INTO zone_clusters (cluster_id, cluster_name, cluster_slug, zone_id) VALUES ('cluster::politehnica-regie-grozavesti-orhideea', 'Politehnica-Regie-Grozavesti-Orhideea', 'politehnica-regie-grozavesti-orhideea', 'bucuresti::bucuresti::grozavesti') ON CONFLICT DO NOTHING;
INSERT INTO zones (zone_id, region_name, county_name, sector_no, locality_name, zone_name, zone_slug, zone_type, parent_label, parent_zone_id, is_official, is_commercial, canonical_normalized_name) VALUES ('bucuresti::bucuresti::militari', 'Bucuresti-Ilfov', 'Bucuresti', 6, 'Bucuresti', 'Militari', 'militari', 'cartier', 'Sector 6', NULL, FALSE, TRUE, 'militari');
INSERT INTO zone_aliases (zone_id, alias, alias_normalized, alias_kind, confidence_weight) VALUES ('bucuresti::bucuresti::militari', 'Militari', 'militari', 'alias', 1.0000), ('bucuresti::bucuresti::militari', 'militari', 'militari', 'slug_variant', 0.9800);
INSERT INTO zone_aliases (zone_id, alias, alias_normalized, alias_kind, confidence_weight) VALUES ('bucuresti::bucuresti::militari', 'Militari Urban', 'militari urban', 'alias', 0.9700);
INSERT INTO zone_aliases (zone_id, alias, alias_normalized, alias_kind, confidence_weight) VALUES ('bucuresti::bucuresti::militari', 'Uverturii', 'uverturii', 'microzone', 0.9300);
INSERT INTO zone_aliases (zone_id, alias, alias_normalized, alias_kind, confidence_weight) VALUES ('bucuresti::bucuresti::militari', 'Militari-Lujerului-Gorjului-Pacii', 'militari lujerului gorjului pacii', 'cluster_label', 0.8800);
INSERT INTO zone_macro_areas (zone_id, macro_area_code) VALUES ('bucuresti::bucuresti::militari', 'VEST');
INSERT INTO zone_macro_areas (zone_id, macro_area_code) VALUES ('bucuresti::bucuresti::militari', 'NORD_VEST');
INSERT INTO zone_macro_areas (zone_id, macro_area_code) VALUES ('bucuresti::bucuresti::militari', 'CENTRU');
INSERT INTO zone_adjacency (source_zone_id, target_zone_id, relation_type, relation_weight) VALUES ('bucuresti::bucuresti::militari', 'bucuresti::bucuresti::lujerului', 'adjacent', 1.0000) ON CONFLICT DO NOTHING;
INSERT INTO zone_adjacency (source_zone_id, target_zone_id, relation_type, relation_weight) VALUES ('bucuresti::bucuresti::militari', 'bucuresti::bucuresti::gorjului', 'adjacent', 1.0000) ON CONFLICT DO NOTHING;
INSERT INTO zone_adjacency (source_zone_id, target_zone_id, relation_type, relation_weight) VALUES ('bucuresti::bucuresti::militari', 'bucuresti::bucuresti::pacii', 'adjacent', 1.0000) ON CONFLICT DO NOTHING;
INSERT INTO zone_adjacency (source_zone_id, target_zone_id, relation_type, relation_weight) VALUES ('bucuresti::bucuresti::militari', 'bucuresti::bucuresti::politehnica', 'adjacent', 1.0000) ON CONFLICT DO NOTHING;
INSERT INTO zone_adjacency (source_zone_id, target_zone_id, relation_type, relation_weight) VALUES ('bucuresti::bucuresti::militari', 'bucuresti::bucuresti::crangasi', 'adjacent', 1.0000) ON CONFLICT DO NOTHING;
INSERT INTO zone_adjacency (source_zone_id, target_zone_id, relation_type, relation_weight) VALUES ('bucuresti::bucuresti::militari', 'ilfov::chiajna::chiajna', 'adjacent', 1.0000) ON CONFLICT DO NOTHING;
INSERT INTO zone_clusters (cluster_id, cluster_name, cluster_slug, zone_id) VALUES ('cluster::militari-lujerului-gorjului-pacii', 'Militari-Lujerului-Gorjului-Pacii', 'militari-lujerului-gorjului-pacii', 'bucuresti::bucuresti::militari') ON CONFLICT DO NOTHING;
INSERT INTO zones (zone_id, region_name, county_name, sector_no, locality_name, zone_name, zone_slug, zone_type, parent_label, parent_zone_id, is_official, is_commercial, canonical_normalized_name) VALUES ('bucuresti::bucuresti::politehnica', 'Bucuresti-Ilfov', 'Bucuresti', 6, 'Bucuresti', 'Politehnica', 'politehnica', 'cartier', 'Sector 6', NULL, FALSE, TRUE, 'politehnica');
INSERT INTO zone_aliases (zone_id, alias, alias_normalized, alias_kind, confidence_weight) VALUES ('bucuresti::bucuresti::politehnica', 'Politehnica', 'politehnica', 'alias', 1.0000), ('bucuresti::bucuresti::politehnica', 'politehnica', 'politehnica', 'slug_variant', 0.9800);
INSERT INTO zone_aliases (zone_id, alias, alias_normalized, alias_kind, confidence_weight) VALUES ('bucuresti::bucuresti::politehnica', 'Poli', 'poli', 'alias', 0.9700);
INSERT INTO zone_aliases (zone_id, alias, alias_normalized, alias_kind, confidence_weight) VALUES ('bucuresti::bucuresti::politehnica', 'AFI Cotroceni prox', 'afi cotroceni prox', 'microzone', 0.9300);
INSERT INTO zone_aliases (zone_id, alias, alias_normalized, alias_kind, confidence_weight) VALUES ('bucuresti::bucuresti::politehnica', 'Politehnica-Regie-Grozavesti-Orhideea', 'politehnica regie grozavesti orhideea', 'cluster_label', 0.8800);
INSERT INTO zone_macro_areas (zone_id, macro_area_code) VALUES ('bucuresti::bucuresti::politehnica', 'VEST');
INSERT INTO zone_macro_areas (zone_id, macro_area_code) VALUES ('bucuresti::bucuresti::politehnica', 'NORD_VEST');
INSERT INTO zone_macro_areas (zone_id, macro_area_code) VALUES ('bucuresti::bucuresti::politehnica', 'CENTRU');
INSERT INTO zone_adjacency (source_zone_id, target_zone_id, relation_type, relation_weight) VALUES ('bucuresti::bucuresti::politehnica', 'bucuresti::bucuresti::grozavesti', 'adjacent', 1.0000) ON CONFLICT DO NOTHING;
INSERT INTO zone_adjacency (source_zone_id, target_zone_id, relation_type, relation_weight) VALUES ('bucuresti::bucuresti::politehnica', 'bucuresti::bucuresti::regie', 'adjacent', 1.0000) ON CONFLICT DO NOTHING;
INSERT INTO zone_adjacency (source_zone_id, target_zone_id, relation_type, relation_weight) VALUES ('bucuresti::bucuresti::politehnica', 'bucuresti::bucuresti::militari', 'adjacent', 1.0000) ON CONFLICT DO NOTHING;
INSERT INTO zone_adjacency (source_zone_id, target_zone_id, relation_type, relation_weight) VALUES ('bucuresti::bucuresti::politehnica', 'bucuresti::bucuresti::cotroceni', 'adjacent', 1.0000) ON CONFLICT DO NOTHING;
INSERT INTO zone_clusters (cluster_id, cluster_name, cluster_slug, zone_id) VALUES ('cluster::politehnica-regie-grozavesti-orhideea', 'Politehnica-Regie-Grozavesti-Orhideea', 'politehnica-regie-grozavesti-orhideea', 'bucuresti::bucuresti::politehnica') ON CONFLICT DO NOTHING;
INSERT INTO zones (zone_id, region_name, county_name, sector_no, locality_name, zone_name, zone_slug, zone_type, parent_label, parent_zone_id, is_official, is_commercial, canonical_normalized_name) VALUES ('bucuresti::bucuresti::regie', 'Bucuresti-Ilfov', 'Bucuresti', 6, 'Bucuresti', 'Regie', 'regie', 'cartier', 'Sector 6', NULL, FALSE, TRUE, 'regie');
INSERT INTO zone_aliases (zone_id, alias, alias_normalized, alias_kind, confidence_weight) VALUES ('bucuresti::bucuresti::regie', 'Regie', 'regie', 'alias', 1.0000), ('bucuresti::bucuresti::regie', 'regie', 'regie', 'slug_variant', 0.9800);
INSERT INTO zone_aliases (zone_id, alias, alias_normalized, alias_kind, confidence_weight) VALUES ('bucuresti::bucuresti::regie', 'Campus Regie', 'campus regie', 'alias', 0.9700);
INSERT INTO zone_aliases (zone_id, alias, alias_normalized, alias_kind, confidence_weight) VALUES ('bucuresti::bucuresti::regie', 'Camine Regie', 'camine regie', 'microzone', 0.9300);
INSERT INTO zone_aliases (zone_id, alias, alias_normalized, alias_kind, confidence_weight) VALUES ('bucuresti::bucuresti::regie', 'Politehnica-Regie-Grozavesti-Orhideea', 'politehnica regie grozavesti orhideea', 'cluster_label', 0.8800);
INSERT INTO zone_macro_areas (zone_id, macro_area_code) VALUES ('bucuresti::bucuresti::regie', 'VEST');
INSERT INTO zone_macro_areas (zone_id, macro_area_code) VALUES ('bucuresti::bucuresti::regie', 'NORD_VEST');
INSERT INTO zone_macro_areas (zone_id, macro_area_code) VALUES ('bucuresti::bucuresti::regie', 'CENTRU');
INSERT INTO zone_adjacency (source_zone_id, target_zone_id, relation_type, relation_weight) VALUES ('bucuresti::bucuresti::regie', 'bucuresti::bucuresti::politehnica', 'adjacent', 1.0000) ON CONFLICT DO NOTHING;
INSERT INTO zone_adjacency (source_zone_id, target_zone_id, relation_type, relation_weight) VALUES ('bucuresti::bucuresti::regie', 'bucuresti::bucuresti::grozavesti', 'adjacent', 1.0000) ON CONFLICT DO NOTHING;
INSERT INTO zone_adjacency (source_zone_id, target_zone_id, relation_type, relation_weight) VALUES ('bucuresti::bucuresti::regie', 'bucuresti::bucuresti::crangasi', 'adjacent', 1.0000) ON CONFLICT DO NOTHING;
INSERT INTO zone_clusters (cluster_id, cluster_name, cluster_slug, zone_id) VALUES ('cluster::politehnica-regie-grozavesti-orhideea', 'Politehnica-Regie-Grozavesti-Orhideea', 'politehnica-regie-grozavesti-orhideea', 'bucuresti::bucuresti::regie') ON CONFLICT DO NOTHING;
INSERT INTO zones (zone_id, region_name, county_name, sector_no, locality_name, zone_name, zone_slug, zone_type, parent_label, parent_zone_id, is_official, is_commercial, canonical_normalized_name) VALUES ('bucuresti::bucuresti::lujerului', 'Bucuresti-Ilfov', 'Bucuresti', 6, 'Bucuresti', 'Lujerului', 'lujerului', 'cartier', 'Sector 6', NULL, FALSE, TRUE, 'lujerului');
INSERT INTO zone_aliases (zone_id, alias, alias_normalized, alias_kind, confidence_weight) VALUES ('bucuresti::bucuresti::lujerului', 'Lujerului', 'lujerului', 'alias', 1.0000), ('bucuresti::bucuresti::lujerului', 'lujerului', 'lujerului', 'slug_variant', 0.9800);
INSERT INTO zone_aliases (zone_id, alias, alias_normalized, alias_kind, confidence_weight) VALUES ('bucuresti::bucuresti::lujerului', 'Lujerului Militari', 'lujerului militari', 'alias', 0.9700);
INSERT INTO zone_aliases (zone_id, alias, alias_normalized, alias_kind, confidence_weight) VALUES ('bucuresti::bucuresti::lujerului', 'Plaza Romania', 'plaza romania', 'microzone', 0.9300);
INSERT INTO zone_aliases (zone_id, alias, alias_normalized, alias_kind, confidence_weight) VALUES ('bucuresti::bucuresti::lujerului', 'Militari-Lujerului-Gorjului-Pacii', 'militari lujerului gorjului pacii', 'cluster_label', 0.8800);
INSERT INTO zone_macro_areas (zone_id, macro_area_code) VALUES ('bucuresti::bucuresti::lujerului', 'VEST');
INSERT INTO zone_macro_areas (zone_id, macro_area_code) VALUES ('bucuresti::bucuresti::lujerului', 'NORD_VEST');
INSERT INTO zone_macro_areas (zone_id, macro_area_code) VALUES ('bucuresti::bucuresti::lujerului', 'CENTRU');
INSERT INTO zone_adjacency (source_zone_id, target_zone_id, relation_type, relation_weight) VALUES ('bucuresti::bucuresti::lujerului', 'bucuresti::bucuresti::militari', 'adjacent', 1.0000) ON CONFLICT DO NOTHING;
INSERT INTO zone_adjacency (source_zone_id, target_zone_id, relation_type, relation_weight) VALUES ('bucuresti::bucuresti::lujerului', 'bucuresti::bucuresti::gorjului', 'adjacent', 1.0000) ON CONFLICT DO NOTHING;
INSERT INTO zone_adjacency (source_zone_id, target_zone_id, relation_type, relation_weight) VALUES ('bucuresti::bucuresti::lujerului', 'bucuresti::bucuresti::politehnica', 'adjacent', 1.0000) ON CONFLICT DO NOTHING;
INSERT INTO zone_clusters (cluster_id, cluster_name, cluster_slug, zone_id) VALUES ('cluster::militari-lujerului-gorjului-pacii', 'Militari-Lujerului-Gorjului-Pacii', 'militari-lujerului-gorjului-pacii', 'bucuresti::bucuresti::lujerului') ON CONFLICT DO NOTHING;
INSERT INTO zones (zone_id, region_name, county_name, sector_no, locality_name, zone_name, zone_slug, zone_type, parent_label, parent_zone_id, is_official, is_commercial, canonical_normalized_name) VALUES ('bucuresti::bucuresti::gorjului', 'Bucuresti-Ilfov', 'Bucuresti', 6, 'Bucuresti', 'Gorjului', 'gorjului', 'cartier', 'Sector 6', NULL, FALSE, TRUE, 'gorjului');
INSERT INTO zone_aliases (zone_id, alias, alias_normalized, alias_kind, confidence_weight) VALUES ('bucuresti::bucuresti::gorjului', 'Gorjului', 'gorjului', 'alias', 1.0000), ('bucuresti::bucuresti::gorjului', 'gorjului', 'gorjului', 'slug_variant', 0.9800);
INSERT INTO zone_aliases (zone_id, alias, alias_normalized, alias_kind, confidence_weight) VALUES ('bucuresti::bucuresti::gorjului', 'Gorjului Militari', 'gorjului militari', 'alias', 0.9700);
INSERT INTO zone_aliases (zone_id, alias, alias_normalized, alias_kind, confidence_weight) VALUES ('bucuresti::bucuresti::gorjului', 'Veteranilor', 'veteranilor', 'microzone', 0.9300);
INSERT INTO zone_aliases (zone_id, alias, alias_normalized, alias_kind, confidence_weight) VALUES ('bucuresti::bucuresti::gorjului', 'Militari-Lujerului-Gorjului-Pacii', 'militari lujerului gorjului pacii', 'cluster_label', 0.8800);
INSERT INTO zone_macro_areas (zone_id, macro_area_code) VALUES ('bucuresti::bucuresti::gorjului', 'VEST');
INSERT INTO zone_macro_areas (zone_id, macro_area_code) VALUES ('bucuresti::bucuresti::gorjului', 'NORD_VEST');
INSERT INTO zone_macro_areas (zone_id, macro_area_code) VALUES ('bucuresti::bucuresti::gorjului', 'CENTRU');
INSERT INTO zone_adjacency (source_zone_id, target_zone_id, relation_type, relation_weight) VALUES ('bucuresti::bucuresti::gorjului', 'bucuresti::bucuresti::militari', 'adjacent', 1.0000) ON CONFLICT DO NOTHING;
INSERT INTO zone_adjacency (source_zone_id, target_zone_id, relation_type, relation_weight) VALUES ('bucuresti::bucuresti::gorjului', 'bucuresti::bucuresti::lujerului', 'adjacent', 1.0000) ON CONFLICT DO NOTHING;
INSERT INTO zone_adjacency (source_zone_id, target_zone_id, relation_type, relation_weight) VALUES ('bucuresti::bucuresti::gorjului', 'bucuresti::bucuresti::pacii', 'adjacent', 1.0000) ON CONFLICT DO NOTHING;
INSERT INTO zone_clusters (cluster_id, cluster_name, cluster_slug, zone_id) VALUES ('cluster::militari-lujerului-gorjului-pacii', 'Militari-Lujerului-Gorjului-Pacii', 'militari-lujerului-gorjului-pacii', 'bucuresti::bucuresti::gorjului') ON CONFLICT DO NOTHING;
INSERT INTO zones (zone_id, region_name, county_name, sector_no, locality_name, zone_name, zone_slug, zone_type, parent_label, parent_zone_id, is_official, is_commercial, canonical_normalized_name) VALUES ('bucuresti::bucuresti::apusului', 'Bucuresti-Ilfov', 'Bucuresti', 6, 'Bucuresti', 'Apusului', 'apusului', 'cartier', 'Sector 6', NULL, FALSE, TRUE, 'apusului');
INSERT INTO zone_aliases (zone_id, alias, alias_normalized, alias_kind, confidence_weight) VALUES ('bucuresti::bucuresti::apusului', 'Apusului', 'apusului', 'alias', 1.0000), ('bucuresti::bucuresti::apusului', 'apusului', 'apusului', 'slug_variant', 0.9800);
INSERT INTO zone_aliases (zone_id, alias, alias_normalized, alias_kind, confidence_weight) VALUES ('bucuresti::bucuresti::apusului', 'Apusului Pacii', 'apusului pacii', 'alias', 0.9700);
INSERT INTO zone_aliases (zone_id, alias, alias_normalized, alias_kind, confidence_weight) VALUES ('bucuresti::bucuresti::apusului', 'Uverturii Vest', 'uverturii vest', 'microzone', 0.9300);
INSERT INTO zone_aliases (zone_id, alias, alias_normalized, alias_kind, confidence_weight) VALUES ('bucuresti::bucuresti::apusului', 'Militari-Lujerului-Gorjului-Pacii', 'militari lujerului gorjului pacii', 'cluster_label', 0.8800);
INSERT INTO zone_macro_areas (zone_id, macro_area_code) VALUES ('bucuresti::bucuresti::apusului', 'VEST');
INSERT INTO zone_macro_areas (zone_id, macro_area_code) VALUES ('bucuresti::bucuresti::apusului', 'NORD_VEST');
INSERT INTO zone_macro_areas (zone_id, macro_area_code) VALUES ('bucuresti::bucuresti::apusului', 'CENTRU');
INSERT INTO zone_adjacency (source_zone_id, target_zone_id, relation_type, relation_weight) VALUES ('bucuresti::bucuresti::apusului', 'bucuresti::bucuresti::pacii', 'adjacent', 1.0000) ON CONFLICT DO NOTHING;
INSERT INTO zone_adjacency (source_zone_id, target_zone_id, relation_type, relation_weight) VALUES ('bucuresti::bucuresti::apusului', 'bucuresti::bucuresti::militari', 'adjacent', 1.0000) ON CONFLICT DO NOTHING;
INSERT INTO zone_clusters (cluster_id, cluster_name, cluster_slug, zone_id) VALUES ('cluster::militari-lujerului-gorjului-pacii', 'Militari-Lujerului-Gorjului-Pacii', 'militari-lujerului-gorjului-pacii', 'bucuresti::bucuresti::apusului') ON CONFLICT DO NOTHING;
INSERT INTO zones (zone_id, region_name, county_name, sector_no, locality_name, zone_name, zone_slug, zone_type, parent_label, parent_zone_id, is_official, is_commercial, canonical_normalized_name) VALUES ('bucuresti::bucuresti::pacii', 'Bucuresti-Ilfov', 'Bucuresti', 6, 'Bucuresti', 'Pacii', 'pacii', 'cartier', 'Sector 6', NULL, FALSE, TRUE, 'pacii');
INSERT INTO zone_aliases (zone_id, alias, alias_normalized, alias_kind, confidence_weight) VALUES ('bucuresti::bucuresti::pacii', 'Pacii', 'pacii', 'alias', 1.0000), ('bucuresti::bucuresti::pacii', 'pacii', 'pacii', 'slug_variant', 0.9800);
INSERT INTO zone_aliases (zone_id, alias, alias_normalized, alias_kind, confidence_weight) VALUES ('bucuresti::bucuresti::pacii', 'Pacii Militari', 'pacii militari', 'alias', 0.9700);
INSERT INTO zone_aliases (zone_id, alias, alias_normalized, alias_kind, confidence_weight) VALUES ('bucuresti::bucuresti::pacii', 'Metro Pacii', 'metro pacii', 'microzone', 0.9300);
INSERT INTO zone_aliases (zone_id, alias, alias_normalized, alias_kind, confidence_weight) VALUES ('bucuresti::bucuresti::pacii', 'Militari-Lujerului-Gorjului-Pacii', 'militari lujerului gorjului pacii', 'cluster_label', 0.8800);
INSERT INTO zone_macro_areas (zone_id, macro_area_code) VALUES ('bucuresti::bucuresti::pacii', 'VEST');
INSERT INTO zone_macro_areas (zone_id, macro_area_code) VALUES ('bucuresti::bucuresti::pacii', 'NORD_VEST');
INSERT INTO zone_macro_areas (zone_id, macro_area_code) VALUES ('bucuresti::bucuresti::pacii', 'CENTRU');
INSERT INTO zone_adjacency (source_zone_id, target_zone_id, relation_type, relation_weight) VALUES ('bucuresti::bucuresti::pacii', 'bucuresti::bucuresti::gorjului', 'adjacent', 1.0000) ON CONFLICT DO NOTHING;
INSERT INTO zone_adjacency (source_zone_id, target_zone_id, relation_type, relation_weight) VALUES ('bucuresti::bucuresti::pacii', 'bucuresti::bucuresti::apusului', 'adjacent', 1.0000) ON CONFLICT DO NOTHING;
INSERT INTO zone_adjacency (source_zone_id, target_zone_id, relation_type, relation_weight) VALUES ('bucuresti::bucuresti::pacii', 'bucuresti::bucuresti::militari', 'adjacent', 1.0000) ON CONFLICT DO NOTHING;
INSERT INTO zone_adjacency (source_zone_id, target_zone_id, relation_type, relation_weight) VALUES ('bucuresti::bucuresti::pacii', 'ilfov::chiajna::chiajna', 'adjacent', 1.0000) ON CONFLICT DO NOTHING;
INSERT INTO zone_clusters (cluster_id, cluster_name, cluster_slug, zone_id) VALUES ('cluster::militari-lujerului-gorjului-pacii', 'Militari-Lujerului-Gorjului-Pacii', 'militari-lujerului-gorjului-pacii', 'bucuresti::bucuresti::pacii') ON CONFLICT DO NOTHING;
INSERT INTO zones (zone_id, region_name, county_name, sector_no, locality_name, zone_name, zone_slug, zone_type, parent_label, parent_zone_id, is_official, is_commercial, canonical_normalized_name) VALUES ('bucuresti::bucuresti::valea-oltului', 'Bucuresti-Ilfov', 'Bucuresti', 6, 'Bucuresti', 'Valea Oltului', 'valea-oltului', 'cartier', 'Sector 6', NULL, FALSE, TRUE, 'valea oltului');
INSERT INTO zone_aliases (zone_id, alias, alias_normalized, alias_kind, confidence_weight) VALUES ('bucuresti::bucuresti::valea-oltului', 'Valea Oltului', 'valea oltului', 'alias', 1.0000), ('bucuresti::bucuresti::valea-oltului', 'valea oltului', 'valea oltului', 'slug_variant', 0.9800);
INSERT INTO zone_aliases (zone_id, alias, alias_normalized, alias_kind, confidence_weight) VALUES ('bucuresti::bucuresti::valea-oltului', 'Valea Oltului DT', 'valea oltului dt', 'alias', 0.9700);
INSERT INTO zone_aliases (zone_id, alias, alias_normalized, alias_kind, confidence_weight) VALUES ('bucuresti::bucuresti::valea-oltului', 'Valea Oltului Metro prox', 'valea oltului metro prox', 'microzone', 0.9300);
INSERT INTO zone_aliases (zone_id, alias, alias_normalized, alias_kind, confidence_weight) VALUES ('bucuresti::bucuresti::valea-oltului', 'Ghencea-Brancusi-Prelungirea Ghencea', 'ghencea brancusi prelungirea ghencea', 'cluster_label', 0.8800);
INSERT INTO zone_macro_areas (zone_id, macro_area_code) VALUES ('bucuresti::bucuresti::valea-oltului', 'VEST');
INSERT INTO zone_macro_areas (zone_id, macro_area_code) VALUES ('bucuresti::bucuresti::valea-oltului', 'NORD_VEST');
INSERT INTO zone_macro_areas (zone_id, macro_area_code) VALUES ('bucuresti::bucuresti::valea-oltului', 'CENTRU');
INSERT INTO zone_adjacency (source_zone_id, target_zone_id, relation_type, relation_weight) VALUES ('bucuresti::bucuresti::valea-oltului', 'bucuresti::bucuresti::drumul-taberei', 'adjacent', 1.0000) ON CONFLICT DO NOTHING;
INSERT INTO zone_adjacency (source_zone_id, target_zone_id, relation_type, relation_weight) VALUES ('bucuresti::bucuresti::valea-oltului', 'bucuresti::bucuresti::brancusi', 'adjacent', 1.0000) ON CONFLICT DO NOTHING;
INSERT INTO zone_adjacency (source_zone_id, target_zone_id, relation_type, relation_weight) VALUES ('bucuresti::bucuresti::valea-oltului', 'bucuresti::bucuresti::prelungirea-ghencea', 'adjacent', 1.0000) ON CONFLICT DO NOTHING;
INSERT INTO zone_clusters (cluster_id, cluster_name, cluster_slug, zone_id) VALUES ('cluster::ghencea-brancusi-prelungirea-ghencea', 'Ghencea-Brancusi-Prelungirea Ghencea', 'ghencea-brancusi-prelungirea-ghencea', 'bucuresti::bucuresti::valea-oltului') ON CONFLICT DO NOTHING;
INSERT INTO zones (zone_id, region_name, county_name, sector_no, locality_name, zone_name, zone_slug, zone_type, parent_label, parent_zone_id, is_official, is_commercial, canonical_normalized_name) VALUES ('bucuresti::bucuresti::brancusi', 'Bucuresti-Ilfov', 'Bucuresti', 6, 'Bucuresti', 'Brancusi', 'brancusi', 'cartier', 'Sector 6', NULL, FALSE, TRUE, 'brancusi');
INSERT INTO zone_aliases (zone_id, alias, alias_normalized, alias_kind, confidence_weight) VALUES ('bucuresti::bucuresti::brancusi', 'Brancusi', 'brancusi', 'alias', 1.0000), ('bucuresti::bucuresti::brancusi', 'brancusi', 'brancusi', 'slug_variant', 0.9800);
INSERT INTO zone_aliases (zone_id, alias, alias_normalized, alias_kind, confidence_weight) VALUES ('bucuresti::bucuresti::brancusi', 'Cartier Brancusi', 'cartier brancusi', 'alias', 0.9700);
INSERT INTO zone_aliases (zone_id, alias, alias_normalized, alias_kind, confidence_weight) VALUES ('bucuresti::bucuresti::brancusi', 'ANL Brancusi', 'anl brancusi', 'microzone', 0.9300);
INSERT INTO zone_aliases (zone_id, alias, alias_normalized, alias_kind, confidence_weight) VALUES ('bucuresti::bucuresti::brancusi', 'Ghencea-Brancusi-Prelungirea Ghencea', 'ghencea brancusi prelungirea ghencea', 'cluster_label', 0.8800);
INSERT INTO zone_macro_areas (zone_id, macro_area_code) VALUES ('bucuresti::bucuresti::brancusi', 'VEST');
INSERT INTO zone_macro_areas (zone_id, macro_area_code) VALUES ('bucuresti::bucuresti::brancusi', 'NORD_VEST');
INSERT INTO zone_macro_areas (zone_id, macro_area_code) VALUES ('bucuresti::bucuresti::brancusi', 'CENTRU');
INSERT INTO zone_adjacency (source_zone_id, target_zone_id, relation_type, relation_weight) VALUES ('bucuresti::bucuresti::brancusi', 'bucuresti::bucuresti::drumul-taberei', 'adjacent', 1.0000) ON CONFLICT DO NOTHING;
INSERT INTO zone_adjacency (source_zone_id, target_zone_id, relation_type, relation_weight) VALUES ('bucuresti::bucuresti::brancusi', 'bucuresti::bucuresti::valea-oltului', 'adjacent', 1.0000) ON CONFLICT DO NOTHING;
INSERT INTO zone_adjacency (source_zone_id, target_zone_id, relation_type, relation_weight) VALUES ('bucuresti::bucuresti::brancusi', 'bucuresti::bucuresti::ghencea', 'adjacent', 1.0000) ON CONFLICT DO NOTHING;
INSERT INTO zone_clusters (cluster_id, cluster_name, cluster_slug, zone_id) VALUES ('cluster::ghencea-brancusi-prelungirea-ghencea', 'Ghencea-Brancusi-Prelungirea Ghencea', 'ghencea-brancusi-prelungirea-ghencea', 'bucuresti::bucuresti::brancusi') ON CONFLICT DO NOTHING;
INSERT INTO zones (zone_id, region_name, county_name, sector_no, locality_name, zone_name, zone_slug, zone_type, parent_label, parent_zone_id, is_official, is_commercial, canonical_normalized_name) VALUES ('bucuresti::bucuresti::prelungirea-ghencea', 'Bucuresti-Ilfov', 'Bucuresti', 6, 'Bucuresti', 'Prelungirea Ghencea', 'prelungirea-ghencea', 'cartier', 'Sector 6', NULL, FALSE, TRUE, 'prelungirea ghencea');
INSERT INTO zone_aliases (zone_id, alias, alias_normalized, alias_kind, confidence_weight) VALUES ('bucuresti::bucuresti::prelungirea-ghencea', 'Prelungirea Ghencea', 'prelungirea ghencea', 'alias', 1.0000), ('bucuresti::bucuresti::prelungirea-ghencea', 'prelungirea ghencea', 'prelungirea ghencea', 'slug_variant', 0.9800);
INSERT INTO zone_aliases (zone_id, alias, alias_normalized, alias_kind, confidence_weight) VALUES ('bucuresti::bucuresti::prelungirea-ghencea', 'Prel Ghencea', 'prel ghencea', 'alias', 0.9700);
INSERT INTO zone_aliases (zone_id, alias, alias_normalized, alias_kind, confidence_weight) VALUES ('bucuresti::bucuresti::prelungirea-ghencea', 'Cartierul Latin prox', 'cartierul latin prox', 'microzone', 0.9300);
INSERT INTO zone_aliases (zone_id, alias, alias_normalized, alias_kind, confidence_weight) VALUES ('bucuresti::bucuresti::prelungirea-ghencea', 'Ghencea-Brancusi-Prelungirea Ghencea', 'ghencea brancusi prelungirea ghencea', 'cluster_label', 0.8800);
INSERT INTO zone_macro_areas (zone_id, macro_area_code) VALUES ('bucuresti::bucuresti::prelungirea-ghencea', 'VEST');
INSERT INTO zone_macro_areas (zone_id, macro_area_code) VALUES ('bucuresti::bucuresti::prelungirea-ghencea', 'NORD_VEST');
INSERT INTO zone_macro_areas (zone_id, macro_area_code) VALUES ('bucuresti::bucuresti::prelungirea-ghencea', 'CENTRU');
INSERT INTO zone_adjacency (source_zone_id, target_zone_id, relation_type, relation_weight) VALUES ('bucuresti::bucuresti::prelungirea-ghencea', 'bucuresti::bucuresti::ghencea', 'adjacent', 1.0000) ON CONFLICT DO NOTHING;
INSERT INTO zone_adjacency (source_zone_id, target_zone_id, relation_type, relation_weight) VALUES ('bucuresti::bucuresti::prelungirea-ghencea', 'ilfov::bragadiru::bragadiru', 'adjacent', 1.0000) ON CONFLICT DO NOTHING;
INSERT INTO zone_adjacency (source_zone_id, target_zone_id, relation_type, relation_weight) VALUES ('bucuresti::bucuresti::prelungirea-ghencea', 'ilfov::domnesti::domnesti', 'adjacent', 1.0000) ON CONFLICT DO NOTHING;
INSERT INTO zone_adjacency (source_zone_id, target_zone_id, relation_type, relation_weight) VALUES ('bucuresti::bucuresti::prelungirea-ghencea', 'bucuresti::bucuresti::valea-oltului', 'adjacent', 1.0000) ON CONFLICT DO NOTHING;
INSERT INTO zone_clusters (cluster_id, cluster_name, cluster_slug, zone_id) VALUES ('cluster::ghencea-brancusi-prelungirea-ghencea', 'Ghencea-Brancusi-Prelungirea Ghencea', 'ghencea-brancusi-prelungirea-ghencea', 'bucuresti::bucuresti::prelungirea-ghencea') ON CONFLICT DO NOTHING;
INSERT INTO zones (zone_id, region_name, county_name, sector_no, locality_name, zone_name, zone_slug, zone_type, parent_label, parent_zone_id, is_official, is_commercial, canonical_normalized_name) VALUES ('bucuresti::bucuresti::virtutii', 'Bucuresti-Ilfov', 'Bucuresti', 6, 'Bucuresti', 'Virtutii', 'virtutii', 'cartier', 'Sector 6', NULL, FALSE, TRUE, 'virtutii');
INSERT INTO zone_aliases (zone_id, alias, alias_normalized, alias_kind, confidence_weight) VALUES ('bucuresti::bucuresti::virtutii', 'Virtutii', 'virtutii', 'alias', 1.0000), ('bucuresti::bucuresti::virtutii', 'virtutii', 'virtutii', 'slug_variant', 0.9800);
INSERT INTO zone_aliases (zone_id, alias, alias_normalized, alias_kind, confidence_weight) VALUES ('bucuresti::bucuresti::virtutii', 'Lacul Morii Virtutii', 'lacul morii virtutii', 'alias', 0.9700);
INSERT INTO zone_aliases (zone_id, alias, alias_normalized, alias_kind, confidence_weight) VALUES ('bucuresti::bucuresti::virtutii', 'Lacul Morii', 'lacul morii', 'microzone', 0.9300);
INSERT INTO zone_aliases (zone_id, alias, alias_normalized, alias_kind, confidence_weight) VALUES ('bucuresti::bucuresti::virtutii', 'Crangasi-Virtutii-Giulesti', 'crangasi virtutii giulesti', 'cluster_label', 0.8800);
INSERT INTO zone_macro_areas (zone_id, macro_area_code) VALUES ('bucuresti::bucuresti::virtutii', 'VEST');
INSERT INTO zone_macro_areas (zone_id, macro_area_code) VALUES ('bucuresti::bucuresti::virtutii', 'NORD_VEST');
INSERT INTO zone_macro_areas (zone_id, macro_area_code) VALUES ('bucuresti::bucuresti::virtutii', 'CENTRU');
INSERT INTO zone_adjacency (source_zone_id, target_zone_id, relation_type, relation_weight) VALUES ('bucuresti::bucuresti::virtutii', 'bucuresti::bucuresti::crangasi', 'adjacent', 1.0000) ON CONFLICT DO NOTHING;
INSERT INTO zone_adjacency (source_zone_id, target_zone_id, relation_type, relation_weight) VALUES ('bucuresti::bucuresti::virtutii', 'bucuresti::bucuresti::militari', 'adjacent', 1.0000) ON CONFLICT DO NOTHING;
INSERT INTO zone_clusters (cluster_id, cluster_name, cluster_slug, zone_id) VALUES ('cluster::crangasi-virtutii-giulesti', 'Crangasi-Virtutii-Giulesti', 'crangasi-virtutii-giulesti', 'bucuresti::bucuresti::virtutii') ON CONFLICT DO NOTHING;
INSERT INTO zones (zone_id, region_name, county_name, sector_no, locality_name, zone_name, zone_slug, zone_type, parent_label, parent_zone_id, is_official, is_commercial, canonical_normalized_name) VALUES ('bucuresti::bucuresti::orizont', 'Bucuresti-Ilfov', 'Bucuresti', 6, 'Bucuresti', 'Orizont', 'orizont', 'cartier', 'Sector 6', NULL, FALSE, TRUE, 'orizont');
INSERT INTO zone_aliases (zone_id, alias, alias_normalized, alias_kind, confidence_weight) VALUES ('bucuresti::bucuresti::orizont', 'Orizont', 'orizont', 'alias', 1.0000), ('bucuresti::bucuresti::orizont', 'orizont', 'orizont', 'slug_variant', 0.9800);
INSERT INTO zone_aliases (zone_id, alias, alias_normalized, alias_kind, confidence_weight) VALUES ('bucuresti::bucuresti::orizont', 'Orizont DT', 'orizont dt', 'alias', 0.9700);
INSERT INTO zone_aliases (zone_id, alias, alias_normalized, alias_kind, confidence_weight) VALUES ('bucuresti::bucuresti::orizont', 'Orizont Metro', 'orizont metro', 'microzone', 0.9300);
INSERT INTO zone_aliases (zone_id, alias, alias_normalized, alias_kind, confidence_weight) VALUES ('bucuresti::bucuresti::orizont', 'Drumul Taberei-Favorit-Orizont', 'drumul taberei favorit orizont', 'cluster_label', 0.8800);
INSERT INTO zone_macro_areas (zone_id, macro_area_code) VALUES ('bucuresti::bucuresti::orizont', 'VEST');
INSERT INTO zone_macro_areas (zone_id, macro_area_code) VALUES ('bucuresti::bucuresti::orizont', 'NORD_VEST');
INSERT INTO zone_macro_areas (zone_id, macro_area_code) VALUES ('bucuresti::bucuresti::orizont', 'CENTRU');
INSERT INTO zone_adjacency (source_zone_id, target_zone_id, relation_type, relation_weight) VALUES ('bucuresti::bucuresti::orizont', 'bucuresti::bucuresti::drumul-taberei', 'adjacent', 1.0000) ON CONFLICT DO NOTHING;
INSERT INTO zone_adjacency (source_zone_id, target_zone_id, relation_type, relation_weight) VALUES ('bucuresti::bucuresti::orizont', 'bucuresti::bucuresti::favorit', 'adjacent', 1.0000) ON CONFLICT DO NOTHING;
INSERT INTO zone_clusters (cluster_id, cluster_name, cluster_slug, zone_id) VALUES ('cluster::drumul-taberei-favorit-orizont', 'Drumul Taberei-Favorit-Orizont', 'drumul-taberei-favorit-orizont', 'bucuresti::bucuresti::orizont') ON CONFLICT DO NOTHING;
INSERT INTO zones (zone_id, region_name, county_name, sector_no, locality_name, zone_name, zone_slug, zone_type, parent_label, parent_zone_id, is_official, is_commercial, canonical_normalized_name) VALUES ('bucuresti::bucuresti::favorit', 'Bucuresti-Ilfov', 'Bucuresti', 6, 'Bucuresti', 'Favorit', 'favorit', 'cartier', 'Sector 6', NULL, FALSE, TRUE, 'favorit');
INSERT INTO zone_aliases (zone_id, alias, alias_normalized, alias_kind, confidence_weight) VALUES ('bucuresti::bucuresti::favorit', 'Favorit', 'favorit', 'alias', 1.0000), ('bucuresti::bucuresti::favorit', 'favorit', 'favorit', 'slug_variant', 0.9800);
INSERT INTO zone_aliases (zone_id, alias, alias_normalized, alias_kind, confidence_weight) VALUES ('bucuresti::bucuresti::favorit', 'Favorit DT', 'favorit dt', 'alias', 0.9700);
INSERT INTO zone_aliases (zone_id, alias, alias_normalized, alias_kind, confidence_weight) VALUES ('bucuresti::bucuresti::favorit', 'Favorit Metro', 'favorit metro', 'microzone', 0.9300);
INSERT INTO zone_aliases (zone_id, alias, alias_normalized, alias_kind, confidence_weight) VALUES ('bucuresti::bucuresti::favorit', 'Drumul Taberei-Favorit-Orizont', 'drumul taberei favorit orizont', 'cluster_label', 0.8800);
INSERT INTO zone_macro_areas (zone_id, macro_area_code) VALUES ('bucuresti::bucuresti::favorit', 'VEST');
INSERT INTO zone_macro_areas (zone_id, macro_area_code) VALUES ('bucuresti::bucuresti::favorit', 'NORD_VEST');
INSERT INTO zone_macro_areas (zone_id, macro_area_code) VALUES ('bucuresti::bucuresti::favorit', 'CENTRU');
INSERT INTO zone_adjacency (source_zone_id, target_zone_id, relation_type, relation_weight) VALUES ('bucuresti::bucuresti::favorit', 'bucuresti::bucuresti::drumul-taberei', 'adjacent', 1.0000) ON CONFLICT DO NOTHING;
INSERT INTO zone_adjacency (source_zone_id, target_zone_id, relation_type, relation_weight) VALUES ('bucuresti::bucuresti::favorit', 'bucuresti::bucuresti::orizont', 'adjacent', 1.0000) ON CONFLICT DO NOTHING;
INSERT INTO zone_clusters (cluster_id, cluster_name, cluster_slug, zone_id) VALUES ('cluster::drumul-taberei-favorit-orizont', 'Drumul Taberei-Favorit-Orizont', 'drumul-taberei-favorit-orizont', 'bucuresti::bucuresti::favorit') ON CONFLICT DO NOTHING;
INSERT INTO zones (zone_id, region_name, county_name, sector_no, locality_name, zone_name, zone_slug, zone_type, parent_label, parent_zone_id, is_official, is_commercial, canonical_normalized_name) VALUES ('ilfov::bragadiru::bragadiru', 'Bucuresti-Ilfov', 'Ilfov', NULL, 'Bragadiru', 'Bragadiru', 'bragadiru', 'locality', 'Ilfov', NULL, TRUE, FALSE, 'bragadiru');
INSERT INTO zone_aliases (zone_id, alias, alias_normalized, alias_kind, confidence_weight) VALUES ('ilfov::bragadiru::bragadiru', 'Bragadiru', 'bragadiru', 'alias', 1.0000), ('ilfov::bragadiru::bragadiru', 'bragadiru', 'bragadiru', 'slug_variant', 0.9800);
INSERT INTO zone_macro_areas (zone_id, macro_area_code) VALUES ('ilfov::bragadiru::bragadiru', 'ILFOV');
INSERT INTO zones (zone_id, region_name, county_name, sector_no, locality_name, zone_name, zone_slug, zone_type, parent_label, parent_zone_id, is_official, is_commercial, canonical_normalized_name) VALUES ('ilfov::buftea::buftea', 'Bucuresti-Ilfov', 'Ilfov', NULL, 'Buftea', 'Buftea', 'buftea', 'locality', 'Ilfov', NULL, TRUE, FALSE, 'buftea');
INSERT INTO zone_aliases (zone_id, alias, alias_normalized, alias_kind, confidence_weight) VALUES ('ilfov::buftea::buftea', 'Buftea', 'buftea', 'alias', 1.0000), ('ilfov::buftea::buftea', 'buftea', 'buftea', 'slug_variant', 0.9800);
INSERT INTO zone_macro_areas (zone_id, macro_area_code) VALUES ('ilfov::buftea::buftea', 'ILFOV');
INSERT INTO zones (zone_id, region_name, county_name, sector_no, locality_name, zone_name, zone_slug, zone_type, parent_label, parent_zone_id, is_official, is_commercial, canonical_normalized_name) VALUES ('ilfov::chitila::chitila', 'Bucuresti-Ilfov', 'Ilfov', NULL, 'Chitila', 'Chitila', 'chitila', 'locality', 'Ilfov', NULL, TRUE, FALSE, 'chitila');
INSERT INTO zone_aliases (zone_id, alias, alias_normalized, alias_kind, confidence_weight) VALUES ('ilfov::chitila::chitila', 'Chitila', 'chitila', 'alias', 1.0000), ('ilfov::chitila::chitila', 'chitila', 'chitila', 'slug_variant', 0.9800);
INSERT INTO zone_macro_areas (zone_id, macro_area_code) VALUES ('ilfov::chitila::chitila', 'ILFOV');
INSERT INTO zones (zone_id, region_name, county_name, sector_no, locality_name, zone_name, zone_slug, zone_type, parent_label, parent_zone_id, is_official, is_commercial, canonical_normalized_name) VALUES ('ilfov::magurele::magurele', 'Bucuresti-Ilfov', 'Ilfov', NULL, 'Magurele', 'Magurele', 'magurele', 'locality', 'Ilfov', NULL, TRUE, FALSE, 'magurele');
INSERT INTO zone_aliases (zone_id, alias, alias_normalized, alias_kind, confidence_weight) VALUES ('ilfov::magurele::magurele', 'Magurele', 'magurele', 'alias', 1.0000), ('ilfov::magurele::magurele', 'magurele', 'magurele', 'slug_variant', 0.9800);
INSERT INTO zone_macro_areas (zone_id, macro_area_code) VALUES ('ilfov::magurele::magurele', 'ILFOV');
INSERT INTO zones (zone_id, region_name, county_name, sector_no, locality_name, zone_name, zone_slug, zone_type, parent_label, parent_zone_id, is_official, is_commercial, canonical_normalized_name) VALUES ('ilfov::otopeni::otopeni', 'Bucuresti-Ilfov', 'Ilfov', NULL, 'Otopeni', 'Otopeni', 'otopeni', 'locality', 'Ilfov', NULL, TRUE, FALSE, 'otopeni');
INSERT INTO zone_aliases (zone_id, alias, alias_normalized, alias_kind, confidence_weight) VALUES ('ilfov::otopeni::otopeni', 'Otopeni', 'otopeni', 'alias', 1.0000), ('ilfov::otopeni::otopeni', 'otopeni', 'otopeni', 'slug_variant', 0.9800);
INSERT INTO zone_macro_areas (zone_id, macro_area_code) VALUES ('ilfov::otopeni::otopeni', 'ILFOV');
INSERT INTO zones (zone_id, region_name, county_name, sector_no, locality_name, zone_name, zone_slug, zone_type, parent_label, parent_zone_id, is_official, is_commercial, canonical_normalized_name) VALUES ('ilfov::pantelimon::pantelimon', 'Bucuresti-Ilfov', 'Ilfov', NULL, 'Pantelimon', 'Pantelimon', 'pantelimon', 'locality', 'Ilfov', NULL, TRUE, FALSE, 'pantelimon');
INSERT INTO zone_aliases (zone_id, alias, alias_normalized, alias_kind, confidence_weight) VALUES ('ilfov::pantelimon::pantelimon', 'Pantelimon', 'pantelimon', 'alias', 1.0000), ('ilfov::pantelimon::pantelimon', 'pantelimon', 'pantelimon', 'slug_variant', 0.9800);
INSERT INTO zone_macro_areas (zone_id, macro_area_code) VALUES ('ilfov::pantelimon::pantelimon', 'ILFOV');
INSERT INTO zones (zone_id, region_name, county_name, sector_no, locality_name, zone_name, zone_slug, zone_type, parent_label, parent_zone_id, is_official, is_commercial, canonical_normalized_name) VALUES ('ilfov::popesti-leordeni::popesti-leordeni', 'Bucuresti-Ilfov', 'Ilfov', NULL, 'Popesti-Leordeni', 'Popesti-Leordeni', 'popesti-leordeni', 'locality', 'Ilfov', NULL, TRUE, FALSE, 'popesti leordeni');
INSERT INTO zone_aliases (zone_id, alias, alias_normalized, alias_kind, confidence_weight) VALUES ('ilfov::popesti-leordeni::popesti-leordeni', 'Popesti-Leordeni', 'popesti leordeni', 'alias', 1.0000), ('ilfov::popesti-leordeni::popesti-leordeni', 'popesti leordeni', 'popesti leordeni', 'slug_variant', 0.9800);
INSERT INTO zone_macro_areas (zone_id, macro_area_code) VALUES ('ilfov::popesti-leordeni::popesti-leordeni', 'ILFOV');
INSERT INTO zones (zone_id, region_name, county_name, sector_no, locality_name, zone_name, zone_slug, zone_type, parent_label, parent_zone_id, is_official, is_commercial, canonical_normalized_name) VALUES ('ilfov::voluntari::voluntari', 'Bucuresti-Ilfov', 'Ilfov', NULL, 'Voluntari', 'Voluntari', 'voluntari', 'locality', 'Ilfov', NULL, TRUE, FALSE, 'voluntari');
INSERT INTO zone_aliases (zone_id, alias, alias_normalized, alias_kind, confidence_weight) VALUES ('ilfov::voluntari::voluntari', 'Voluntari', 'voluntari', 'alias', 1.0000), ('ilfov::voluntari::voluntari', 'voluntari', 'voluntari', 'slug_variant', 0.9800);
INSERT INTO zone_macro_areas (zone_id, macro_area_code) VALUES ('ilfov::voluntari::voluntari', 'ILFOV');
INSERT INTO zones (zone_id, region_name, county_name, sector_no, locality_name, zone_name, zone_slug, zone_type, parent_label, parent_zone_id, is_official, is_commercial, canonical_normalized_name) VALUES ('ilfov::1-decembrie::1-decembrie', 'Bucuresti-Ilfov', 'Ilfov', NULL, '1 Decembrie', '1 Decembrie', '1-decembrie', 'locality', 'Ilfov', NULL, TRUE, FALSE, '1 decembrie');
INSERT INTO zone_aliases (zone_id, alias, alias_normalized, alias_kind, confidence_weight) VALUES ('ilfov::1-decembrie::1-decembrie', '1 Decembrie', '1 decembrie', 'alias', 1.0000), ('ilfov::1-decembrie::1-decembrie', '1 decembrie', '1 decembrie', 'slug_variant', 0.9800);
INSERT INTO zone_macro_areas (zone_id, macro_area_code) VALUES ('ilfov::1-decembrie::1-decembrie', 'ILFOV');
INSERT INTO zones (zone_id, region_name, county_name, sector_no, locality_name, zone_name, zone_slug, zone_type, parent_label, parent_zone_id, is_official, is_commercial, canonical_normalized_name) VALUES ('ilfov::afumati::afumati', 'Bucuresti-Ilfov', 'Ilfov', NULL, 'Afumati', 'Afumati', 'afumati', 'locality', 'Ilfov', NULL, TRUE, FALSE, 'afumati');
INSERT INTO zone_aliases (zone_id, alias, alias_normalized, alias_kind, confidence_weight) VALUES ('ilfov::afumati::afumati', 'Afumati', 'afumati', 'alias', 1.0000), ('ilfov::afumati::afumati', 'afumati', 'afumati', 'slug_variant', 0.9800);
INSERT INTO zone_macro_areas (zone_id, macro_area_code) VALUES ('ilfov::afumati::afumati', 'ILFOV');
INSERT INTO zones (zone_id, region_name, county_name, sector_no, locality_name, zone_name, zone_slug, zone_type, parent_label, parent_zone_id, is_official, is_commercial, canonical_normalized_name) VALUES ('ilfov::balotesti::balotesti', 'Bucuresti-Ilfov', 'Ilfov', NULL, 'Balotesti', 'Balotesti', 'balotesti', 'locality', 'Ilfov', NULL, TRUE, FALSE, 'balotesti');
INSERT INTO zone_aliases (zone_id, alias, alias_normalized, alias_kind, confidence_weight) VALUES ('ilfov::balotesti::balotesti', 'Balotesti', 'balotesti', 'alias', 1.0000), ('ilfov::balotesti::balotesti', 'balotesti', 'balotesti', 'slug_variant', 0.9800);
INSERT INTO zone_macro_areas (zone_id, macro_area_code) VALUES ('ilfov::balotesti::balotesti', 'ILFOV');
INSERT INTO zones (zone_id, region_name, county_name, sector_no, locality_name, zone_name, zone_slug, zone_type, parent_label, parent_zone_id, is_official, is_commercial, canonical_normalized_name) VALUES ('ilfov::berceni::berceni', 'Bucuresti-Ilfov', 'Ilfov', NULL, 'Berceni', 'Berceni', 'berceni', 'locality', 'Ilfov', NULL, TRUE, FALSE, 'berceni');
INSERT INTO zone_aliases (zone_id, alias, alias_normalized, alias_kind, confidence_weight) VALUES ('ilfov::berceni::berceni', 'Berceni', 'berceni', 'alias', 1.0000), ('ilfov::berceni::berceni', 'berceni', 'berceni', 'slug_variant', 0.9800);
INSERT INTO zone_macro_areas (zone_id, macro_area_code) VALUES ('ilfov::berceni::berceni', 'ILFOV');
INSERT INTO zones (zone_id, region_name, county_name, sector_no, locality_name, zone_name, zone_slug, zone_type, parent_label, parent_zone_id, is_official, is_commercial, canonical_normalized_name) VALUES ('ilfov::branesti::branesti', 'Bucuresti-Ilfov', 'Ilfov', NULL, 'Branesti', 'Branesti', 'branesti', 'locality', 'Ilfov', NULL, TRUE, FALSE, 'branesti');
INSERT INTO zone_aliases (zone_id, alias, alias_normalized, alias_kind, confidence_weight) VALUES ('ilfov::branesti::branesti', 'Branesti', 'branesti', 'alias', 1.0000), ('ilfov::branesti::branesti', 'branesti', 'branesti', 'slug_variant', 0.9800);
INSERT INTO zone_macro_areas (zone_id, macro_area_code) VALUES ('ilfov::branesti::branesti', 'ILFOV');
INSERT INTO zones (zone_id, region_name, county_name, sector_no, locality_name, zone_name, zone_slug, zone_type, parent_label, parent_zone_id, is_official, is_commercial, canonical_normalized_name) VALUES ('ilfov::cernica::cernica', 'Bucuresti-Ilfov', 'Ilfov', NULL, 'Cernica', 'Cernica', 'cernica', 'locality', 'Ilfov', NULL, TRUE, FALSE, 'cernica');
INSERT INTO zone_aliases (zone_id, alias, alias_normalized, alias_kind, confidence_weight) VALUES ('ilfov::cernica::cernica', 'Cernica', 'cernica', 'alias', 1.0000), ('ilfov::cernica::cernica', 'cernica', 'cernica', 'slug_variant', 0.9800);
INSERT INTO zone_macro_areas (zone_id, macro_area_code) VALUES ('ilfov::cernica::cernica', 'ILFOV');
INSERT INTO zones (zone_id, region_name, county_name, sector_no, locality_name, zone_name, zone_slug, zone_type, parent_label, parent_zone_id, is_official, is_commercial, canonical_normalized_name) VALUES ('ilfov::chiajna::chiajna', 'Bucuresti-Ilfov', 'Ilfov', NULL, 'Chiajna', 'Chiajna', 'chiajna', 'locality', 'Ilfov', NULL, TRUE, FALSE, 'chiajna');
INSERT INTO zone_aliases (zone_id, alias, alias_normalized, alias_kind, confidence_weight) VALUES ('ilfov::chiajna::chiajna', 'Chiajna', 'chiajna', 'alias', 1.0000), ('ilfov::chiajna::chiajna', 'chiajna', 'chiajna', 'slug_variant', 0.9800);
INSERT INTO zone_macro_areas (zone_id, macro_area_code) VALUES ('ilfov::chiajna::chiajna', 'ILFOV');
INSERT INTO zones (zone_id, region_name, county_name, sector_no, locality_name, zone_name, zone_slug, zone_type, parent_label, parent_zone_id, is_official, is_commercial, canonical_normalized_name) VALUES ('ilfov::ciolpani::ciolpani', 'Bucuresti-Ilfov', 'Ilfov', NULL, 'Ciolpani', 'Ciolpani', 'ciolpani', 'locality', 'Ilfov', NULL, TRUE, FALSE, 'ciolpani');
INSERT INTO zone_aliases (zone_id, alias, alias_normalized, alias_kind, confidence_weight) VALUES ('ilfov::ciolpani::ciolpani', 'Ciolpani', 'ciolpani', 'alias', 1.0000), ('ilfov::ciolpani::ciolpani', 'ciolpani', 'ciolpani', 'slug_variant', 0.9800);
INSERT INTO zone_macro_areas (zone_id, macro_area_code) VALUES ('ilfov::ciolpani::ciolpani', 'ILFOV');
INSERT INTO zones (zone_id, region_name, county_name, sector_no, locality_name, zone_name, zone_slug, zone_type, parent_label, parent_zone_id, is_official, is_commercial, canonical_normalized_name) VALUES ('ilfov::ciorogarla::ciorogarla', 'Bucuresti-Ilfov', 'Ilfov', NULL, 'Ciorogarla', 'Ciorogarla', 'ciorogarla', 'locality', 'Ilfov', NULL, TRUE, FALSE, 'ciorogarla');
INSERT INTO zone_aliases (zone_id, alias, alias_normalized, alias_kind, confidence_weight) VALUES ('ilfov::ciorogarla::ciorogarla', 'Ciorogarla', 'ciorogarla', 'alias', 1.0000), ('ilfov::ciorogarla::ciorogarla', 'ciorogarla', 'ciorogarla', 'slug_variant', 0.9800);
INSERT INTO zone_macro_areas (zone_id, macro_area_code) VALUES ('ilfov::ciorogarla::ciorogarla', 'ILFOV');
INSERT INTO zones (zone_id, region_name, county_name, sector_no, locality_name, zone_name, zone_slug, zone_type, parent_label, parent_zone_id, is_official, is_commercial, canonical_normalized_name) VALUES ('ilfov::clinceni::clinceni', 'Bucuresti-Ilfov', 'Ilfov', NULL, 'Clinceni', 'Clinceni', 'clinceni', 'locality', 'Ilfov', NULL, TRUE, FALSE, 'clinceni');
INSERT INTO zone_aliases (zone_id, alias, alias_normalized, alias_kind, confidence_weight) VALUES ('ilfov::clinceni::clinceni', 'Clinceni', 'clinceni', 'alias', 1.0000), ('ilfov::clinceni::clinceni', 'clinceni', 'clinceni', 'slug_variant', 0.9800);
INSERT INTO zone_macro_areas (zone_id, macro_area_code) VALUES ('ilfov::clinceni::clinceni', 'ILFOV');
INSERT INTO zones (zone_id, region_name, county_name, sector_no, locality_name, zone_name, zone_slug, zone_type, parent_label, parent_zone_id, is_official, is_commercial, canonical_normalized_name) VALUES ('ilfov::copaceni::copaceni', 'Bucuresti-Ilfov', 'Ilfov', NULL, 'Copaceni', 'Copaceni', 'copaceni', 'locality', 'Ilfov', NULL, TRUE, FALSE, 'copaceni');
INSERT INTO zone_aliases (zone_id, alias, alias_normalized, alias_kind, confidence_weight) VALUES ('ilfov::copaceni::copaceni', 'Copaceni', 'copaceni', 'alias', 1.0000), ('ilfov::copaceni::copaceni', 'copaceni', 'copaceni', 'slug_variant', 0.9800);
INSERT INTO zone_macro_areas (zone_id, macro_area_code) VALUES ('ilfov::copaceni::copaceni', 'ILFOV');
INSERT INTO zones (zone_id, region_name, county_name, sector_no, locality_name, zone_name, zone_slug, zone_type, parent_label, parent_zone_id, is_official, is_commercial, canonical_normalized_name) VALUES ('ilfov::corbeanca::corbeanca', 'Bucuresti-Ilfov', 'Ilfov', NULL, 'Corbeanca', 'Corbeanca', 'corbeanca', 'locality', 'Ilfov', NULL, TRUE, FALSE, 'corbeanca');
INSERT INTO zone_aliases (zone_id, alias, alias_normalized, alias_kind, confidence_weight) VALUES ('ilfov::corbeanca::corbeanca', 'Corbeanca', 'corbeanca', 'alias', 1.0000), ('ilfov::corbeanca::corbeanca', 'corbeanca', 'corbeanca', 'slug_variant', 0.9800);
INSERT INTO zone_macro_areas (zone_id, macro_area_code) VALUES ('ilfov::corbeanca::corbeanca', 'ILFOV');
INSERT INTO zones (zone_id, region_name, county_name, sector_no, locality_name, zone_name, zone_slug, zone_type, parent_label, parent_zone_id, is_official, is_commercial, canonical_normalized_name) VALUES ('ilfov::cornetu::cornetu', 'Bucuresti-Ilfov', 'Ilfov', NULL, 'Cornetu', 'Cornetu', 'cornetu', 'locality', 'Ilfov', NULL, TRUE, FALSE, 'cornetu');
INSERT INTO zone_aliases (zone_id, alias, alias_normalized, alias_kind, confidence_weight) VALUES ('ilfov::cornetu::cornetu', 'Cornetu', 'cornetu', 'alias', 1.0000), ('ilfov::cornetu::cornetu', 'cornetu', 'cornetu', 'slug_variant', 0.9800);
INSERT INTO zone_macro_areas (zone_id, macro_area_code) VALUES ('ilfov::cornetu::cornetu', 'ILFOV');
INSERT INTO zones (zone_id, region_name, county_name, sector_no, locality_name, zone_name, zone_slug, zone_type, parent_label, parent_zone_id, is_official, is_commercial, canonical_normalized_name) VALUES ('ilfov::darasti-ilfov::darasti-ilfov', 'Bucuresti-Ilfov', 'Ilfov', NULL, 'Darasti-Ilfov', 'Darasti-Ilfov', 'darasti-ilfov', 'locality', 'Ilfov', NULL, TRUE, FALSE, 'darasti ilfov');
INSERT INTO zone_aliases (zone_id, alias, alias_normalized, alias_kind, confidence_weight) VALUES ('ilfov::darasti-ilfov::darasti-ilfov', 'Darasti-Ilfov', 'darasti ilfov', 'alias', 1.0000), ('ilfov::darasti-ilfov::darasti-ilfov', 'darasti ilfov', 'darasti ilfov', 'slug_variant', 0.9800);
INSERT INTO zone_macro_areas (zone_id, macro_area_code) VALUES ('ilfov::darasti-ilfov::darasti-ilfov', 'ILFOV');
INSERT INTO zones (zone_id, region_name, county_name, sector_no, locality_name, zone_name, zone_slug, zone_type, parent_label, parent_zone_id, is_official, is_commercial, canonical_normalized_name) VALUES ('ilfov::dascalu::dascalu', 'Bucuresti-Ilfov', 'Ilfov', NULL, 'Dascalu', 'Dascalu', 'dascalu', 'locality', 'Ilfov', NULL, TRUE, FALSE, 'dascalu');
INSERT INTO zone_aliases (zone_id, alias, alias_normalized, alias_kind, confidence_weight) VALUES ('ilfov::dascalu::dascalu', 'Dascalu', 'dascalu', 'alias', 1.0000), ('ilfov::dascalu::dascalu', 'dascalu', 'dascalu', 'slug_variant', 0.9800);
INSERT INTO zone_macro_areas (zone_id, macro_area_code) VALUES ('ilfov::dascalu::dascalu', 'ILFOV');
INSERT INTO zones (zone_id, region_name, county_name, sector_no, locality_name, zone_name, zone_slug, zone_type, parent_label, parent_zone_id, is_official, is_commercial, canonical_normalized_name) VALUES ('ilfov::dobroesti::dobroesti', 'Bucuresti-Ilfov', 'Ilfov', NULL, 'Dobroesti', 'Dobroesti', 'dobroesti', 'locality', 'Ilfov', NULL, TRUE, FALSE, 'dobroesti');
INSERT INTO zone_aliases (zone_id, alias, alias_normalized, alias_kind, confidence_weight) VALUES ('ilfov::dobroesti::dobroesti', 'Dobroesti', 'dobroesti', 'alias', 1.0000), ('ilfov::dobroesti::dobroesti', 'dobroesti', 'dobroesti', 'slug_variant', 0.9800);
INSERT INTO zone_macro_areas (zone_id, macro_area_code) VALUES ('ilfov::dobroesti::dobroesti', 'ILFOV');
INSERT INTO zones (zone_id, region_name, county_name, sector_no, locality_name, zone_name, zone_slug, zone_type, parent_label, parent_zone_id, is_official, is_commercial, canonical_normalized_name) VALUES ('ilfov::domnesti::domnesti', 'Bucuresti-Ilfov', 'Ilfov', NULL, 'Domnesti', 'Domnesti', 'domnesti', 'locality', 'Ilfov', NULL, TRUE, FALSE, 'domnesti');
INSERT INTO zone_aliases (zone_id, alias, alias_normalized, alias_kind, confidence_weight) VALUES ('ilfov::domnesti::domnesti', 'Domnesti', 'domnesti', 'alias', 1.0000), ('ilfov::domnesti::domnesti', 'domnesti', 'domnesti', 'slug_variant', 0.9800);
INSERT INTO zone_macro_areas (zone_id, macro_area_code) VALUES ('ilfov::domnesti::domnesti', 'ILFOV');
INSERT INTO zones (zone_id, region_name, county_name, sector_no, locality_name, zone_name, zone_slug, zone_type, parent_label, parent_zone_id, is_official, is_commercial, canonical_normalized_name) VALUES ('ilfov::dragomiresti-vale::dragomiresti-vale', 'Bucuresti-Ilfov', 'Ilfov', NULL, 'Dragomiresti-Vale', 'Dragomiresti-Vale', 'dragomiresti-vale', 'locality', 'Ilfov', NULL, TRUE, FALSE, 'dragomiresti vale');
INSERT INTO zone_aliases (zone_id, alias, alias_normalized, alias_kind, confidence_weight) VALUES ('ilfov::dragomiresti-vale::dragomiresti-vale', 'Dragomiresti-Vale', 'dragomiresti vale', 'alias', 1.0000), ('ilfov::dragomiresti-vale::dragomiresti-vale', 'dragomiresti vale', 'dragomiresti vale', 'slug_variant', 0.9800);
INSERT INTO zone_macro_areas (zone_id, macro_area_code) VALUES ('ilfov::dragomiresti-vale::dragomiresti-vale', 'ILFOV');
INSERT INTO zones (zone_id, region_name, county_name, sector_no, locality_name, zone_name, zone_slug, zone_type, parent_label, parent_zone_id, is_official, is_commercial, canonical_normalized_name) VALUES ('ilfov::ganesa::ganesa', 'Bucuresti-Ilfov', 'Ilfov', NULL, 'Ganesa', 'Ganesa', 'ganesa', 'locality', 'Ilfov', NULL, TRUE, FALSE, 'ganesa');
INSERT INTO zone_aliases (zone_id, alias, alias_normalized, alias_kind, confidence_weight) VALUES ('ilfov::ganesa::ganesa', 'Ganesa', 'ganesa', 'alias', 1.0000), ('ilfov::ganesa::ganesa', 'ganesa', 'ganesa', 'slug_variant', 0.9800);
INSERT INTO zone_macro_areas (zone_id, macro_area_code) VALUES ('ilfov::ganesa::ganesa', 'ILFOV');
INSERT INTO zones (zone_id, region_name, county_name, sector_no, locality_name, zone_name, zone_slug, zone_type, parent_label, parent_zone_id, is_official, is_commercial, canonical_normalized_name) VALUES ('ilfov::glina::glina', 'Bucuresti-Ilfov', 'Ilfov', NULL, 'Glina', 'Glina', 'glina', 'locality', 'Ilfov', NULL, TRUE, FALSE, 'glina');
INSERT INTO zone_aliases (zone_id, alias, alias_normalized, alias_kind, confidence_weight) VALUES ('ilfov::glina::glina', 'Glina', 'glina', 'alias', 1.0000), ('ilfov::glina::glina', 'glina', 'glina', 'slug_variant', 0.9800);
INSERT INTO zone_macro_areas (zone_id, macro_area_code) VALUES ('ilfov::glina::glina', 'ILFOV');
INSERT INTO zones (zone_id, region_name, county_name, sector_no, locality_name, zone_name, zone_slug, zone_type, parent_label, parent_zone_id, is_official, is_commercial, canonical_normalized_name) VALUES ('ilfov::gradistea::gradistea', 'Bucuresti-Ilfov', 'Ilfov', NULL, 'Gradistea', 'Gradistea', 'gradistea', 'locality', 'Ilfov', NULL, TRUE, FALSE, 'gradistea');
INSERT INTO zone_aliases (zone_id, alias, alias_normalized, alias_kind, confidence_weight) VALUES ('ilfov::gradistea::gradistea', 'Gradistea', 'gradistea', 'alias', 1.0000), ('ilfov::gradistea::gradistea', 'gradistea', 'gradistea', 'slug_variant', 0.9800);
INSERT INTO zone_macro_areas (zone_id, macro_area_code) VALUES ('ilfov::gradistea::gradistea', 'ILFOV');
INSERT INTO zones (zone_id, region_name, county_name, sector_no, locality_name, zone_name, zone_slug, zone_type, parent_label, parent_zone_id, is_official, is_commercial, canonical_normalized_name) VALUES ('ilfov::gruiu::gruiu', 'Bucuresti-Ilfov', 'Ilfov', NULL, 'Gruiu', 'Gruiu', 'gruiu', 'locality', 'Ilfov', NULL, TRUE, FALSE, 'gruiu');
INSERT INTO zone_aliases (zone_id, alias, alias_normalized, alias_kind, confidence_weight) VALUES ('ilfov::gruiu::gruiu', 'Gruiu', 'gruiu', 'alias', 1.0000), ('ilfov::gruiu::gruiu', 'gruiu', 'gruiu', 'slug_variant', 0.9800);
INSERT INTO zone_macro_areas (zone_id, macro_area_code) VALUES ('ilfov::gruiu::gruiu', 'ILFOV');
INSERT INTO zones (zone_id, region_name, county_name, sector_no, locality_name, zone_name, zone_slug, zone_type, parent_label, parent_zone_id, is_official, is_commercial, canonical_normalized_name) VALUES ('ilfov::jilava::jilava', 'Bucuresti-Ilfov', 'Ilfov', NULL, 'Jilava', 'Jilava', 'jilava', 'locality', 'Ilfov', NULL, TRUE, FALSE, 'jilava');
INSERT INTO zone_aliases (zone_id, alias, alias_normalized, alias_kind, confidence_weight) VALUES ('ilfov::jilava::jilava', 'Jilava', 'jilava', 'alias', 1.0000), ('ilfov::jilava::jilava', 'jilava', 'jilava', 'slug_variant', 0.9800);
INSERT INTO zone_macro_areas (zone_id, macro_area_code) VALUES ('ilfov::jilava::jilava', 'ILFOV');
INSERT INTO zones (zone_id, region_name, county_name, sector_no, locality_name, zone_name, zone_slug, zone_type, parent_label, parent_zone_id, is_official, is_commercial, canonical_normalized_name) VALUES ('ilfov::moara-vlasiei::moara-vlasiei', 'Bucuresti-Ilfov', 'Ilfov', NULL, 'Moara Vlasiei', 'Moara Vlasiei', 'moara-vlasiei', 'locality', 'Ilfov', NULL, TRUE, FALSE, 'moara vlasiei');
INSERT INTO zone_aliases (zone_id, alias, alias_normalized, alias_kind, confidence_weight) VALUES ('ilfov::moara-vlasiei::moara-vlasiei', 'Moara Vlasiei', 'moara vlasiei', 'alias', 1.0000), ('ilfov::moara-vlasiei::moara-vlasiei', 'moara vlasiei', 'moara vlasiei', 'slug_variant', 0.9800);
INSERT INTO zone_macro_areas (zone_id, macro_area_code) VALUES ('ilfov::moara-vlasiei::moara-vlasiei', 'ILFOV');
INSERT INTO zones (zone_id, region_name, county_name, sector_no, locality_name, zone_name, zone_slug, zone_type, parent_label, parent_zone_id, is_official, is_commercial, canonical_normalized_name) VALUES ('ilfov::mogosoaia::mogosoaia', 'Bucuresti-Ilfov', 'Ilfov', NULL, 'Mogosoaia', 'Mogosoaia', 'mogosoaia', 'locality', 'Ilfov', NULL, TRUE, FALSE, 'mogosoaia');
INSERT INTO zone_aliases (zone_id, alias, alias_normalized, alias_kind, confidence_weight) VALUES ('ilfov::mogosoaia::mogosoaia', 'Mogosoaia', 'mogosoaia', 'alias', 1.0000), ('ilfov::mogosoaia::mogosoaia', 'mogosoaia', 'mogosoaia', 'slug_variant', 0.9800);
INSERT INTO zone_macro_areas (zone_id, macro_area_code) VALUES ('ilfov::mogosoaia::mogosoaia', 'ILFOV');
INSERT INTO zones (zone_id, region_name, county_name, sector_no, locality_name, zone_name, zone_slug, zone_type, parent_label, parent_zone_id, is_official, is_commercial, canonical_normalized_name) VALUES ('ilfov::nuci::nuci', 'Bucuresti-Ilfov', 'Ilfov', NULL, 'Nuci', 'Nuci', 'nuci', 'locality', 'Ilfov', NULL, TRUE, FALSE, 'nuci');
INSERT INTO zone_aliases (zone_id, alias, alias_normalized, alias_kind, confidence_weight) VALUES ('ilfov::nuci::nuci', 'Nuci', 'nuci', 'alias', 1.0000), ('ilfov::nuci::nuci', 'nuci', 'nuci', 'slug_variant', 0.9800);
INSERT INTO zone_macro_areas (zone_id, macro_area_code) VALUES ('ilfov::nuci::nuci', 'ILFOV');
INSERT INTO zones (zone_id, region_name, county_name, sector_no, locality_name, zone_name, zone_slug, zone_type, parent_label, parent_zone_id, is_official, is_commercial, canonical_normalized_name) VALUES ('ilfov::peris::peris', 'Bucuresti-Ilfov', 'Ilfov', NULL, 'Peris', 'Peris', 'peris', 'locality', 'Ilfov', NULL, TRUE, FALSE, 'peris');
INSERT INTO zone_aliases (zone_id, alias, alias_normalized, alias_kind, confidence_weight) VALUES ('ilfov::peris::peris', 'Peris', 'peris', 'alias', 1.0000), ('ilfov::peris::peris', 'peris', 'peris', 'slug_variant', 0.9800);
INSERT INTO zone_macro_areas (zone_id, macro_area_code) VALUES ('ilfov::peris::peris', 'ILFOV');
INSERT INTO zones (zone_id, region_name, county_name, sector_no, locality_name, zone_name, zone_slug, zone_type, parent_label, parent_zone_id, is_official, is_commercial, canonical_normalized_name) VALUES ('ilfov::petrachioaia::petrachioaia', 'Bucuresti-Ilfov', 'Ilfov', NULL, 'Petrachioaia', 'Petrachioaia', 'petrachioaia', 'locality', 'Ilfov', NULL, TRUE, FALSE, 'petrachioaia');
INSERT INTO zone_aliases (zone_id, alias, alias_normalized, alias_kind, confidence_weight) VALUES ('ilfov::petrachioaia::petrachioaia', 'Petrachioaia', 'petrachioaia', 'alias', 1.0000), ('ilfov::petrachioaia::petrachioaia', 'petrachioaia', 'petrachioaia', 'slug_variant', 0.9800);
INSERT INTO zone_macro_areas (zone_id, macro_area_code) VALUES ('ilfov::petrachioaia::petrachioaia', 'ILFOV');
INSERT INTO zones (zone_id, region_name, county_name, sector_no, locality_name, zone_name, zone_slug, zone_type, parent_label, parent_zone_id, is_official, is_commercial, canonical_normalized_name) VALUES ('ilfov::snagov::snagov', 'Bucuresti-Ilfov', 'Ilfov', NULL, 'Snagov', 'Snagov', 'snagov', 'locality', 'Ilfov', NULL, TRUE, FALSE, 'snagov');
INSERT INTO zone_aliases (zone_id, alias, alias_normalized, alias_kind, confidence_weight) VALUES ('ilfov::snagov::snagov', 'Snagov', 'snagov', 'alias', 1.0000), ('ilfov::snagov::snagov', 'snagov', 'snagov', 'slug_variant', 0.9800);
INSERT INTO zone_macro_areas (zone_id, macro_area_code) VALUES ('ilfov::snagov::snagov', 'ILFOV');
INSERT INTO zones (zone_id, region_name, county_name, sector_no, locality_name, zone_name, zone_slug, zone_type, parent_label, parent_zone_id, is_official, is_commercial, canonical_normalized_name) VALUES ('ilfov::stefanestii-de-jos::stefanestii-de-jos', 'Bucuresti-Ilfov', 'Ilfov', NULL, 'Stefanestii de Jos', 'Stefanestii de Jos', 'stefanestii-de-jos', 'locality', 'Ilfov', NULL, TRUE, FALSE, 'stefanestii de jos');
INSERT INTO zone_aliases (zone_id, alias, alias_normalized, alias_kind, confidence_weight) VALUES ('ilfov::stefanestii-de-jos::stefanestii-de-jos', 'Stefanestii de Jos', 'stefanestii de jos', 'alias', 1.0000), ('ilfov::stefanestii-de-jos::stefanestii-de-jos', 'stefanestii de jos', 'stefanestii de jos', 'slug_variant', 0.9800);
INSERT INTO zone_macro_areas (zone_id, macro_area_code) VALUES ('ilfov::stefanestii-de-jos::stefanestii-de-jos', 'ILFOV');
INSERT INTO zones (zone_id, region_name, county_name, sector_no, locality_name, zone_name, zone_slug, zone_type, parent_label, parent_zone_id, is_official, is_commercial, canonical_normalized_name) VALUES ('ilfov::tunari::tunari', 'Bucuresti-Ilfov', 'Ilfov', NULL, 'Tunari', 'Tunari', 'tunari', 'locality', 'Ilfov', NULL, TRUE, FALSE, 'tunari');
INSERT INTO zone_aliases (zone_id, alias, alias_normalized, alias_kind, confidence_weight) VALUES ('ilfov::tunari::tunari', 'Tunari', 'tunari', 'alias', 1.0000), ('ilfov::tunari::tunari', 'tunari', 'tunari', 'slug_variant', 0.9800);
INSERT INTO zone_macro_areas (zone_id, macro_area_code) VALUES ('ilfov::tunari::tunari', 'ILFOV');
INSERT INTO zones (zone_id, region_name, county_name, sector_no, locality_name, zone_name, zone_slug, zone_type, parent_label, parent_zone_id, is_official, is_commercial, canonical_normalized_name) VALUES ('ilfov::vidra::vidra', 'Bucuresti-Ilfov', 'Ilfov', NULL, 'Vidra', 'Vidra', 'vidra', 'locality', 'Ilfov', NULL, TRUE, FALSE, 'vidra');
INSERT INTO zone_aliases (zone_id, alias, alias_normalized, alias_kind, confidence_weight) VALUES ('ilfov::vidra::vidra', 'Vidra', 'vidra', 'alias', 1.0000), ('ilfov::vidra::vidra', 'vidra', 'vidra', 'slug_variant', 0.9800);
INSERT INTO zone_macro_areas (zone_id, macro_area_code) VALUES ('ilfov::vidra::vidra', 'ILFOV');
INSERT INTO zones (zone_id, region_name, county_name, sector_no, locality_name, zone_name, zone_slug, zone_type, parent_label, parent_zone_id, is_official, is_commercial, canonical_normalized_name) VALUES ('ilfov::otopeni::otopeni-central', 'Bucuresti-Ilfov', 'Ilfov', NULL, 'Otopeni', 'Otopeni Central', 'otopeni-central', 'subzone', 'Otopeni', NULL, FALSE, TRUE, 'otopeni central');
INSERT INTO zone_aliases (zone_id, alias, alias_normalized, alias_kind, confidence_weight) VALUES ('ilfov::otopeni::otopeni-central', 'Otopeni Central', 'otopeni central', 'alias', 1.0000), ('ilfov::otopeni::otopeni-central', 'otopeni central', 'otopeni central', 'slug_variant', 0.9800);
INSERT INTO zone_aliases (zone_id, alias, alias_normalized, alias_kind, confidence_weight) VALUES ('ilfov::otopeni::otopeni-central', 'Otopeni', 'otopeni', 'alias', 0.9700);
INSERT INTO zone_aliases (zone_id, alias, alias_normalized, alias_kind, confidence_weight) VALUES ('ilfov::otopeni::otopeni-central', 'DN1', 'dn1', 'microzone', 0.9300);
INSERT INTO zone_aliases (zone_id, alias, alias_normalized, alias_kind, confidence_weight) VALUES ('ilfov::otopeni::otopeni-central', 'Patinoar', 'patinoar', 'microzone', 0.9300);
INSERT INTO zone_aliases (zone_id, alias, alias_normalized, alias_kind, confidence_weight) VALUES ('ilfov::otopeni::otopeni-central', 'Otopeni-DN1-Aeroport', 'otopeni dn1 aeroport', 'cluster_label', 0.8800);
INSERT INTO zone_macro_areas (zone_id, macro_area_code) VALUES ('ilfov::otopeni::otopeni-central', 'ILFOV_NORD');
INSERT INTO zone_adjacency (source_zone_id, target_zone_id, relation_type, relation_weight) VALUES ('ilfov::otopeni::otopeni-central', 'ilfov::otopeni::odai', 'adjacent', 1.0000) ON CONFLICT DO NOTHING;
INSERT INTO zone_adjacency (source_zone_id, target_zone_id, relation_type, relation_weight) VALUES ('ilfov::otopeni::otopeni-central', 'ilfov::tunari::tunari', 'adjacent', 1.0000) ON CONFLICT DO NOTHING;
INSERT INTO zone_adjacency (source_zone_id, target_zone_id, relation_type, relation_weight) VALUES ('ilfov::otopeni::otopeni-central', 'bucuresti::bucuresti::baneasa', 'adjacent', 1.0000) ON CONFLICT DO NOTHING;
INSERT INTO zone_adjacency (source_zone_id, target_zone_id, relation_type, relation_weight) VALUES ('ilfov::otopeni::otopeni-central', 'ilfov::corbeanca::corbeanca', 'adjacent', 1.0000) ON CONFLICT DO NOTHING;
INSERT INTO zone_clusters (cluster_id, cluster_name, cluster_slug, zone_id) VALUES ('cluster::otopeni-dn1-aeroport', 'Otopeni-DN1-Aeroport', 'otopeni-dn1-aeroport', 'ilfov::otopeni::otopeni-central') ON CONFLICT DO NOTHING;
INSERT INTO zones (zone_id, region_name, county_name, sector_no, locality_name, zone_name, zone_slug, zone_type, parent_label, parent_zone_id, is_official, is_commercial, canonical_normalized_name) VALUES ('ilfov::otopeni::odai', 'Bucuresti-Ilfov', 'Ilfov', NULL, 'Otopeni', 'Odai', 'odai', 'subzone', 'Otopeni', NULL, FALSE, TRUE, 'odai');
INSERT INTO zone_aliases (zone_id, alias, alias_normalized, alias_kind, confidence_weight) VALUES ('ilfov::otopeni::odai', 'Odai', 'odai', 'alias', 1.0000), ('ilfov::otopeni::odai', 'odai', 'odai', 'slug_variant', 0.9800);
INSERT INTO zone_aliases (zone_id, alias, alias_normalized, alias_kind, confidence_weight) VALUES ('ilfov::otopeni::odai', 'Odai Otopeni', 'odai otopeni', 'alias', 0.9700);
INSERT INTO zone_aliases (zone_id, alias, alias_normalized, alias_kind, confidence_weight) VALUES ('ilfov::otopeni::odai', 'Aeroport', 'aeroport', 'microzone', 0.9300);
INSERT INTO zone_aliases (zone_id, alias, alias_normalized, alias_kind, confidence_weight) VALUES ('ilfov::otopeni::odai', 'Otopeni-DN1-Aeroport', 'otopeni dn1 aeroport', 'cluster_label', 0.8800);
INSERT INTO zone_macro_areas (zone_id, macro_area_code) VALUES ('ilfov::otopeni::odai', 'ILFOV_NORD');
INSERT INTO zone_adjacency (source_zone_id, target_zone_id, relation_type, relation_weight) VALUES ('ilfov::otopeni::odai', 'ilfov::otopeni::otopeni-central', 'adjacent', 1.0000) ON CONFLICT DO NOTHING;
INSERT INTO zone_adjacency (source_zone_id, target_zone_id, relation_type, relation_weight) VALUES ('ilfov::otopeni::odai', 'bucuresti::bucuresti::baneasa', 'adjacent', 1.0000) ON CONFLICT DO NOTHING;
INSERT INTO zone_adjacency (source_zone_id, target_zone_id, relation_type, relation_weight) VALUES ('ilfov::otopeni::odai', 'ilfov::tunari::tunari', 'adjacent', 1.0000) ON CONFLICT DO NOTHING;
INSERT INTO zone_clusters (cluster_id, cluster_name, cluster_slug, zone_id) VALUES ('cluster::otopeni-dn1-aeroport', 'Otopeni-DN1-Aeroport', 'otopeni-dn1-aeroport', 'ilfov::otopeni::odai') ON CONFLICT DO NOTHING;
INSERT INTO zones (zone_id, region_name, county_name, sector_no, locality_name, zone_name, zone_slug, zone_type, parent_label, parent_zone_id, is_official, is_commercial, canonical_normalized_name) VALUES ('ilfov::otopeni::aeroport', 'Bucuresti-Ilfov', 'Ilfov', NULL, 'Otopeni', 'Aeroport', 'aeroport', 'subzone', 'Otopeni', NULL, FALSE, TRUE, 'aeroport');
INSERT INTO zone_aliases (zone_id, alias, alias_normalized, alias_kind, confidence_weight) VALUES ('ilfov::otopeni::aeroport', 'Aeroport', 'aeroport', 'alias', 1.0000), ('ilfov::otopeni::aeroport', 'aeroport', 'aeroport', 'slug_variant', 0.9800);
INSERT INTO zone_aliases (zone_id, alias, alias_normalized, alias_kind, confidence_weight) VALUES ('ilfov::otopeni::aeroport', 'Henri Coanda', 'henri coanda', 'alias', 0.9700);
INSERT INTO zone_aliases (zone_id, alias, alias_normalized, alias_kind, confidence_weight) VALUES ('ilfov::otopeni::aeroport', 'Aeroport Otopeni', 'aeroport otopeni', 'alias', 0.9700);
INSERT INTO zone_aliases (zone_id, alias, alias_normalized, alias_kind, confidence_weight) VALUES ('ilfov::otopeni::aeroport', 'Terminal', 'terminal', 'microzone', 0.9300);
INSERT INTO zone_aliases (zone_id, alias, alias_normalized, alias_kind, confidence_weight) VALUES ('ilfov::otopeni::aeroport', 'Otopeni-DN1-Aeroport', 'otopeni dn1 aeroport', 'cluster_label', 0.8800);
INSERT INTO zone_macro_areas (zone_id, macro_area_code) VALUES ('ilfov::otopeni::aeroport', 'ILFOV_NORD');
INSERT INTO zone_adjacency (source_zone_id, target_zone_id, relation_type, relation_weight) VALUES ('ilfov::otopeni::aeroport', 'ilfov::otopeni::odai', 'adjacent', 1.0000) ON CONFLICT DO NOTHING;
INSERT INTO zone_adjacency (source_zone_id, target_zone_id, relation_type, relation_weight) VALUES ('ilfov::otopeni::aeroport', 'ilfov::tunari::tunari', 'adjacent', 1.0000) ON CONFLICT DO NOTHING;
INSERT INTO zone_adjacency (source_zone_id, target_zone_id, relation_type, relation_weight) VALUES ('ilfov::otopeni::aeroport', 'bucuresti::bucuresti::baneasa', 'adjacent', 1.0000) ON CONFLICT DO NOTHING;
INSERT INTO zone_clusters (cluster_id, cluster_name, cluster_slug, zone_id) VALUES ('cluster::otopeni-dn1-aeroport', 'Otopeni-DN1-Aeroport', 'otopeni-dn1-aeroport', 'ilfov::otopeni::aeroport') ON CONFLICT DO NOTHING;
INSERT INTO zones (zone_id, region_name, county_name, sector_no, locality_name, zone_name, zone_slug, zone_type, parent_label, parent_zone_id, is_official, is_commercial, canonical_normalized_name) VALUES ('ilfov::voluntari::voluntari-central', 'Bucuresti-Ilfov', 'Ilfov', NULL, 'Voluntari', 'Voluntari Central', 'voluntari-central', 'subzone', 'Voluntari', NULL, FALSE, TRUE, 'voluntari central');
INSERT INTO zone_aliases (zone_id, alias, alias_normalized, alias_kind, confidence_weight) VALUES ('ilfov::voluntari::voluntari-central', 'Voluntari Central', 'voluntari central', 'alias', 1.0000), ('ilfov::voluntari::voluntari-central', 'voluntari central', 'voluntari central', 'slug_variant', 0.9800);
INSERT INTO zone_aliases (zone_id, alias, alias_normalized, alias_kind, confidence_weight) VALUES ('ilfov::voluntari::voluntari-central', 'Voluntari', 'voluntari', 'alias', 0.9700);
INSERT INTO zone_aliases (zone_id, alias, alias_normalized, alias_kind, confidence_weight) VALUES ('ilfov::voluntari::voluntari-central', 'Bd Voluntari', 'bd voluntari', 'microzone', 0.9300);
INSERT INTO zone_aliases (zone_id, alias, alias_normalized, alias_kind, confidence_weight) VALUES ('ilfov::voluntari::voluntari-central', 'Voluntari-Pipera-Iancu Nicolae', 'voluntari pipera iancu nicolae', 'cluster_label', 0.8800);
INSERT INTO zone_macro_areas (zone_id, macro_area_code) VALUES ('ilfov::voluntari::voluntari-central', 'ILFOV_EST');
INSERT INTO zone_macro_areas (zone_id, macro_area_code) VALUES ('ilfov::voluntari::voluntari-central', 'ILFOV_NORD');
INSERT INTO zone_adjacency (source_zone_id, target_zone_id, relation_type, relation_weight) VALUES ('ilfov::voluntari::voluntari-central', 'ilfov::voluntari::pipera-voluntari', 'adjacent', 1.0000) ON CONFLICT DO NOTHING;
INSERT INTO zone_adjacency (source_zone_id, target_zone_id, relation_type, relation_weight) VALUES ('ilfov::voluntari::voluntari-central', 'ilfov::voluntari::andronache-voluntari', 'adjacent', 1.0000) ON CONFLICT DO NOTHING;
INSERT INTO zone_adjacency (source_zone_id, target_zone_id, relation_type, relation_weight) VALUES ('ilfov::voluntari::voluntari-central', 'ilfov::dobroesti::dobroesti', 'adjacent', 1.0000) ON CONFLICT DO NOTHING;
INSERT INTO zone_clusters (cluster_id, cluster_name, cluster_slug, zone_id) VALUES ('cluster::voluntari-pipera-iancu-nicolae', 'Voluntari-Pipera-Iancu Nicolae', 'voluntari-pipera-iancu-nicolae', 'ilfov::voluntari::voluntari-central') ON CONFLICT DO NOTHING;
INSERT INTO zones (zone_id, region_name, county_name, sector_no, locality_name, zone_name, zone_slug, zone_type, parent_label, parent_zone_id, is_official, is_commercial, canonical_normalized_name) VALUES ('ilfov::voluntari::pipera-voluntari', 'Bucuresti-Ilfov', 'Ilfov', NULL, 'Voluntari', 'Pipera Voluntari', 'pipera-voluntari', 'subzone', 'Voluntari', NULL, FALSE, TRUE, 'pipera voluntari');
INSERT INTO zone_aliases (zone_id, alias, alias_normalized, alias_kind, confidence_weight) VALUES ('ilfov::voluntari::pipera-voluntari', 'Pipera Voluntari', 'pipera voluntari', 'alias', 1.0000), ('ilfov::voluntari::pipera-voluntari', 'pipera voluntari', 'pipera voluntari', 'slug_variant', 0.9800);
INSERT INTO zone_aliases (zone_id, alias, alias_normalized, alias_kind, confidence_weight) VALUES ('ilfov::voluntari::pipera-voluntari', 'Pipera', 'pipera', 'alias', 0.9700);
INSERT INTO zone_aliases (zone_id, alias, alias_normalized, alias_kind, confidence_weight) VALUES ('ilfov::voluntari::pipera-voluntari', 'Pipera Nord', 'pipera nord', 'alias', 0.9700);
INSERT INTO zone_aliases (zone_id, alias, alias_normalized, alias_kind, confidence_weight) VALUES ('ilfov::voluntari::pipera-voluntari', 'Bd Pipera', 'bd pipera', 'microzone', 0.9300);
INSERT INTO zone_aliases (zone_id, alias, alias_normalized, alias_kind, confidence_weight) VALUES ('ilfov::voluntari::pipera-voluntari', 'OMV Pipera', 'omv pipera', 'microzone', 0.9300);
INSERT INTO zone_aliases (zone_id, alias, alias_normalized, alias_kind, confidence_weight) VALUES ('ilfov::voluntari::pipera-voluntari', 'Voluntari-Pipera-Iancu Nicolae', 'voluntari pipera iancu nicolae', 'cluster_label', 0.8800);
INSERT INTO zone_macro_areas (zone_id, macro_area_code) VALUES ('ilfov::voluntari::pipera-voluntari', 'ILFOV_NORD');
INSERT INTO zone_macro_areas (zone_id, macro_area_code) VALUES ('ilfov::voluntari::pipera-voluntari', 'ILFOV_EST');
INSERT INTO zone_adjacency (source_zone_id, target_zone_id, relation_type, relation_weight) VALUES ('ilfov::voluntari::pipera-voluntari', 'bucuresti::bucuresti::aviatiei', 'adjacent', 1.0000) ON CONFLICT DO NOTHING;
INSERT INTO zone_adjacency (source_zone_id, target_zone_id, relation_type, relation_weight) VALUES ('ilfov::voluntari::pipera-voluntari', 'bucuresti::bucuresti::pipera-sud', 'adjacent', 1.0000) ON CONFLICT DO NOTHING;
INSERT INTO zone_adjacency (source_zone_id, target_zone_id, relation_type, relation_weight) VALUES ('ilfov::voluntari::pipera-voluntari', 'ilfov::voluntari::iancu-nicolae', 'adjacent', 1.0000) ON CONFLICT DO NOTHING;
INSERT INTO zone_adjacency (source_zone_id, target_zone_id, relation_type, relation_weight) VALUES ('ilfov::voluntari::pipera-voluntari', 'ilfov::tunari::tunari', 'adjacent', 1.0000) ON CONFLICT DO NOTHING;
INSERT INTO zone_adjacency (source_zone_id, target_zone_id, relation_type, relation_weight) VALUES ('ilfov::voluntari::pipera-voluntari', 'ilfov::stefanestii-de-jos::stefanestii-de-jos', 'adjacent', 1.0000) ON CONFLICT DO NOTHING;
INSERT INTO zone_clusters (cluster_id, cluster_name, cluster_slug, zone_id) VALUES ('cluster::voluntari-pipera-iancu-nicolae', 'Voluntari-Pipera-Iancu Nicolae', 'voluntari-pipera-iancu-nicolae', 'ilfov::voluntari::pipera-voluntari') ON CONFLICT DO NOTHING;
INSERT INTO zones (zone_id, region_name, county_name, sector_no, locality_name, zone_name, zone_slug, zone_type, parent_label, parent_zone_id, is_official, is_commercial, canonical_normalized_name) VALUES ('ilfov::voluntari::iancu-nicolae', 'Bucuresti-Ilfov', 'Ilfov', NULL, 'Voluntari', 'Iancu Nicolae', 'iancu-nicolae', 'subzone', 'Voluntari', NULL, FALSE, TRUE, 'iancu nicolae');
INSERT INTO zone_aliases (zone_id, alias, alias_normalized, alias_kind, confidence_weight) VALUES ('ilfov::voluntari::iancu-nicolae', 'Iancu Nicolae', 'iancu nicolae', 'alias', 1.0000), ('ilfov::voluntari::iancu-nicolae', 'iancu nicolae', 'iancu nicolae', 'slug_variant', 0.9800);
INSERT INTO zone_aliases (zone_id, alias, alias_normalized, alias_kind, confidence_weight) VALUES ('ilfov::voluntari::iancu-nicolae', 'Erou Iancu Nicolae', 'erou iancu nicolae', 'alias', 0.9700);
INSERT INTO zone_aliases (zone_id, alias, alias_normalized, alias_kind, confidence_weight) VALUES ('ilfov::voluntari::iancu-nicolae', 'American School', 'american school', 'alias', 0.9700);
INSERT INTO zone_aliases (zone_id, alias, alias_normalized, alias_kind, confidence_weight) VALUES ('ilfov::voluntari::iancu-nicolae', 'Cambridge School', 'cambridge school', 'microzone', 0.9300);
INSERT INTO zone_aliases (zone_id, alias, alias_normalized, alias_kind, confidence_weight) VALUES ('ilfov::voluntari::iancu-nicolae', 'Jolie Ville', 'jolie ville', 'microzone', 0.9300);
INSERT INTO zone_aliases (zone_id, alias, alias_normalized, alias_kind, confidence_weight) VALUES ('ilfov::voluntari::iancu-nicolae', 'Voluntari-Pipera-Iancu Nicolae', 'voluntari pipera iancu nicolae', 'cluster_label', 0.8800);
INSERT INTO zone_macro_areas (zone_id, macro_area_code) VALUES ('ilfov::voluntari::iancu-nicolae', 'ILFOV_NORD');
INSERT INTO zone_adjacency (source_zone_id, target_zone_id, relation_type, relation_weight) VALUES ('ilfov::voluntari::iancu-nicolae', 'ilfov::voluntari::pipera-voluntari', 'adjacent', 1.0000) ON CONFLICT DO NOTHING;
INSERT INTO zone_adjacency (source_zone_id, target_zone_id, relation_type, relation_weight) VALUES ('ilfov::voluntari::iancu-nicolae', 'bucuresti::bucuresti::baneasa', 'adjacent', 1.0000) ON CONFLICT DO NOTHING;
INSERT INTO zone_adjacency (source_zone_id, target_zone_id, relation_type, relation_weight) VALUES ('ilfov::voluntari::iancu-nicolae', 'ilfov::tunari::tunari', 'adjacent', 1.0000) ON CONFLICT DO NOTHING;
INSERT INTO zone_clusters (cluster_id, cluster_name, cluster_slug, zone_id) VALUES ('cluster::voluntari-pipera-iancu-nicolae', 'Voluntari-Pipera-Iancu Nicolae', 'voluntari-pipera-iancu-nicolae', 'ilfov::voluntari::iancu-nicolae') ON CONFLICT DO NOTHING;
INSERT INTO zones (zone_id, region_name, county_name, sector_no, locality_name, zone_name, zone_slug, zone_type, parent_label, parent_zone_id, is_official, is_commercial, canonical_normalized_name) VALUES ('ilfov::voluntari::andronache-voluntari', 'Bucuresti-Ilfov', 'Ilfov', NULL, 'Voluntari', 'Andronache Voluntari', 'andronache-voluntari', 'subzone', 'Voluntari', NULL, FALSE, TRUE, 'andronache voluntari');
INSERT INTO zone_aliases (zone_id, alias, alias_normalized, alias_kind, confidence_weight) VALUES ('ilfov::voluntari::andronache-voluntari', 'Andronache Voluntari', 'andronache voluntari', 'alias', 1.0000), ('ilfov::voluntari::andronache-voluntari', 'andronache voluntari', 'andronache voluntari', 'slug_variant', 0.9800);
INSERT INTO zone_aliases (zone_id, alias, alias_normalized, alias_kind, confidence_weight) VALUES ('ilfov::voluntari::andronache-voluntari', 'Voluntari Andronache', 'voluntari andronache', 'alias', 0.9700);
INSERT INTO zone_aliases (zone_id, alias, alias_normalized, alias_kind, confidence_weight) VALUES ('ilfov::voluntari::andronache-voluntari', 'Soseaua Andronache', 'soseaua andronache', 'microzone', 0.9300);
INSERT INTO zone_aliases (zone_id, alias, alias_normalized, alias_kind, confidence_weight) VALUES ('ilfov::voluntari::andronache-voluntari', 'Voluntari-Pipera-Iancu Nicolae', 'voluntari pipera iancu nicolae', 'cluster_label', 0.8800);
INSERT INTO zone_macro_areas (zone_id, macro_area_code) VALUES ('ilfov::voluntari::andronache-voluntari', 'ILFOV_EST');
INSERT INTO zone_adjacency (source_zone_id, target_zone_id, relation_type, relation_weight) VALUES ('ilfov::voluntari::andronache-voluntari', 'bucuresti::bucuresti::andronache', 'adjacent', 1.0000) ON CONFLICT DO NOTHING;
INSERT INTO zone_adjacency (source_zone_id, target_zone_id, relation_type, relation_weight) VALUES ('ilfov::voluntari::andronache-voluntari', 'ilfov::voluntari::voluntari-central', 'adjacent', 1.0000) ON CONFLICT DO NOTHING;
INSERT INTO zone_adjacency (source_zone_id, target_zone_id, relation_type, relation_weight) VALUES ('ilfov::voluntari::andronache-voluntari', 'ilfov::dobroesti::dobroesti', 'adjacent', 1.0000) ON CONFLICT DO NOTHING;
INSERT INTO zone_clusters (cluster_id, cluster_name, cluster_slug, zone_id) VALUES ('cluster::voluntari-pipera-iancu-nicolae', 'Voluntari-Pipera-Iancu Nicolae', 'voluntari-pipera-iancu-nicolae', 'ilfov::voluntari::andronache-voluntari') ON CONFLICT DO NOTHING;
INSERT INTO zones (zone_id, region_name, county_name, sector_no, locality_name, zone_name, zone_slug, zone_type, parent_label, parent_zone_id, is_official, is_commercial, canonical_normalized_name) VALUES ('ilfov::tunari::tunari-central', 'Bucuresti-Ilfov', 'Ilfov', NULL, 'Tunari', 'Tunari Central', 'tunari-central', 'subzone', 'Tunari', NULL, FALSE, TRUE, 'tunari central');
INSERT INTO zone_aliases (zone_id, alias, alias_normalized, alias_kind, confidence_weight) VALUES ('ilfov::tunari::tunari-central', 'Tunari Central', 'tunari central', 'alias', 1.0000), ('ilfov::tunari::tunari-central', 'tunari central', 'tunari central', 'slug_variant', 0.9800);
INSERT INTO zone_aliases (zone_id, alias, alias_normalized, alias_kind, confidence_weight) VALUES ('ilfov::tunari::tunari-central', 'Tunari', 'tunari', 'alias', 0.9700);
INSERT INTO zone_aliases (zone_id, alias, alias_normalized, alias_kind, confidence_weight) VALUES ('ilfov::tunari::tunari-central', 'Centru Tunari', 'centru tunari', 'microzone', 0.9300);
INSERT INTO zone_aliases (zone_id, alias, alias_normalized, alias_kind, confidence_weight) VALUES ('ilfov::tunari::tunari-central', 'Tunari-Otopeni-Voluntari', 'tunari otopeni voluntari', 'cluster_label', 0.8800);
INSERT INTO zone_macro_areas (zone_id, macro_area_code) VALUES ('ilfov::tunari::tunari-central', 'ILFOV_NORD');
INSERT INTO zone_adjacency (source_zone_id, target_zone_id, relation_type, relation_weight) VALUES ('ilfov::tunari::tunari-central', 'ilfov::otopeni::otopeni', 'adjacent', 1.0000) ON CONFLICT DO NOTHING;
INSERT INTO zone_adjacency (source_zone_id, target_zone_id, relation_type, relation_weight) VALUES ('ilfov::tunari::tunari-central', 'ilfov::voluntari::pipera-voluntari', 'adjacent', 1.0000) ON CONFLICT DO NOTHING;
INSERT INTO zone_adjacency (source_zone_id, target_zone_id, relation_type, relation_weight) VALUES ('ilfov::tunari::tunari-central', 'ilfov::voluntari::iancu-nicolae', 'adjacent', 1.0000) ON CONFLICT DO NOTHING;
INSERT INTO zone_adjacency (source_zone_id, target_zone_id, relation_type, relation_weight) VALUES ('ilfov::tunari::tunari-central', 'ilfov::stefanestii-de-jos::stefanestii-de-jos', 'adjacent', 1.0000) ON CONFLICT DO NOTHING;
INSERT INTO zone_clusters (cluster_id, cluster_name, cluster_slug, zone_id) VALUES ('cluster::tunari-otopeni-voluntari', 'Tunari-Otopeni-Voluntari', 'tunari-otopeni-voluntari', 'ilfov::tunari::tunari-central') ON CONFLICT DO NOTHING;
INSERT INTO zones (zone_id, region_name, county_name, sector_no, locality_name, zone_name, zone_slug, zone_type, parent_label, parent_zone_id, is_official, is_commercial, canonical_normalized_name) VALUES ('ilfov::tunari::dimieni', 'Bucuresti-Ilfov', 'Ilfov', NULL, 'Tunari', 'Dimieni', 'dimieni', 'subzone', 'Tunari', NULL, FALSE, TRUE, 'dimieni');
INSERT INTO zone_aliases (zone_id, alias, alias_normalized, alias_kind, confidence_weight) VALUES ('ilfov::tunari::dimieni', 'Dimieni', 'dimieni', 'alias', 1.0000), ('ilfov::tunari::dimieni', 'dimieni', 'dimieni', 'slug_variant', 0.9800);
INSERT INTO zone_aliases (zone_id, alias, alias_normalized, alias_kind, confidence_weight) VALUES ('ilfov::tunari::dimieni', 'Dimieni Tunari', 'dimieni tunari', 'alias', 0.9700);
INSERT INTO zone_aliases (zone_id, alias, alias_normalized, alias_kind, confidence_weight) VALUES ('ilfov::tunari::dimieni', 'Dimieni', 'dimieni', 'microzone', 0.9300);
INSERT INTO zone_aliases (zone_id, alias, alias_normalized, alias_kind, confidence_weight) VALUES ('ilfov::tunari::dimieni', 'Tunari-Otopeni-Voluntari', 'tunari otopeni voluntari', 'cluster_label', 0.8800);
INSERT INTO zone_macro_areas (zone_id, macro_area_code) VALUES ('ilfov::tunari::dimieni', 'ILFOV_NORD');
INSERT INTO zone_adjacency (source_zone_id, target_zone_id, relation_type, relation_weight) VALUES ('ilfov::tunari::dimieni', 'ilfov::tunari::tunari-central', 'adjacent', 1.0000) ON CONFLICT DO NOTHING;
INSERT INTO zone_adjacency (source_zone_id, target_zone_id, relation_type, relation_weight) VALUES ('ilfov::tunari::dimieni', 'ilfov::balotesti::balotesti', 'adjacent', 1.0000) ON CONFLICT DO NOTHING;
INSERT INTO zone_clusters (cluster_id, cluster_name, cluster_slug, zone_id) VALUES ('cluster::tunari-otopeni-voluntari', 'Tunari-Otopeni-Voluntari', 'tunari-otopeni-voluntari', 'ilfov::tunari::dimieni') ON CONFLICT DO NOTHING;
INSERT INTO zones (zone_id, region_name, county_name, sector_no, locality_name, zone_name, zone_slug, zone_type, parent_label, parent_zone_id, is_official, is_commercial, canonical_normalized_name) VALUES ('ilfov::balotesti::balotesti-central', 'Bucuresti-Ilfov', 'Ilfov', NULL, 'Balotesti', 'Balotesti Central', 'balotesti-central', 'subzone', 'Balotesti', NULL, FALSE, TRUE, 'balotesti central');
INSERT INTO zone_aliases (zone_id, alias, alias_normalized, alias_kind, confidence_weight) VALUES ('ilfov::balotesti::balotesti-central', 'Balotesti Central', 'balotesti central', 'alias', 1.0000), ('ilfov::balotesti::balotesti-central', 'balotesti central', 'balotesti central', 'slug_variant', 0.9800);
INSERT INTO zone_aliases (zone_id, alias, alias_normalized, alias_kind, confidence_weight) VALUES ('ilfov::balotesti::balotesti-central', 'Balotesti', 'balotesti', 'alias', 0.9700);
INSERT INTO zone_aliases (zone_id, alias, alias_normalized, alias_kind, confidence_weight) VALUES ('ilfov::balotesti::balotesti-central', 'DN1', 'dn1', 'microzone', 0.9300);
INSERT INTO zone_aliases (zone_id, alias, alias_normalized, alias_kind, confidence_weight) VALUES ('ilfov::balotesti::balotesti-central', 'Balotesti-Saftica', 'balotesti saftica', 'cluster_label', 0.8800);
INSERT INTO zone_macro_areas (zone_id, macro_area_code) VALUES ('ilfov::balotesti::balotesti-central', 'ILFOV_NORD');
INSERT INTO zone_adjacency (source_zone_id, target_zone_id, relation_type, relation_weight) VALUES ('ilfov::balotesti::balotesti-central', 'ilfov::balotesti::saftica', 'adjacent', 1.0000) ON CONFLICT DO NOTHING;
INSERT INTO zone_adjacency (source_zone_id, target_zone_id, relation_type, relation_weight) VALUES ('ilfov::balotesti::balotesti-central', 'ilfov::tunari::tunari', 'adjacent', 1.0000) ON CONFLICT DO NOTHING;
INSERT INTO zone_adjacency (source_zone_id, target_zone_id, relation_type, relation_weight) VALUES ('ilfov::balotesti::balotesti-central', 'ilfov::corbeanca::corbeanca', 'adjacent', 1.0000) ON CONFLICT DO NOTHING;
INSERT INTO zone_adjacency (source_zone_id, target_zone_id, relation_type, relation_weight) VALUES ('ilfov::balotesti::balotesti-central', 'ilfov::snagov::snagov', 'adjacent', 1.0000) ON CONFLICT DO NOTHING;
INSERT INTO zone_clusters (cluster_id, cluster_name, cluster_slug, zone_id) VALUES ('cluster::balotesti-saftica', 'Balotesti-Saftica', 'balotesti-saftica', 'ilfov::balotesti::balotesti-central') ON CONFLICT DO NOTHING;
INSERT INTO zones (zone_id, region_name, county_name, sector_no, locality_name, zone_name, zone_slug, zone_type, parent_label, parent_zone_id, is_official, is_commercial, canonical_normalized_name) VALUES ('ilfov::balotesti::saftica', 'Bucuresti-Ilfov', 'Ilfov', NULL, 'Balotesti', 'Saftica', 'saftica', 'subzone', 'Balotesti', NULL, FALSE, TRUE, 'saftica');
INSERT INTO zone_aliases (zone_id, alias, alias_normalized, alias_kind, confidence_weight) VALUES ('ilfov::balotesti::saftica', 'Saftica', 'saftica', 'alias', 1.0000), ('ilfov::balotesti::saftica', 'saftica', 'saftica', 'slug_variant', 0.9800);
INSERT INTO zone_aliases (zone_id, alias, alias_normalized, alias_kind, confidence_weight) VALUES ('ilfov::balotesti::saftica', 'Saftica Balotesti', 'saftica balotesti', 'alias', 0.9700);
INSERT INTO zone_aliases (zone_id, alias, alias_normalized, alias_kind, confidence_weight) VALUES ('ilfov::balotesti::saftica', 'Lac', 'lac', 'microzone', 0.9300);
INSERT INTO zone_aliases (zone_id, alias, alias_normalized, alias_kind, confidence_weight) VALUES ('ilfov::balotesti::saftica', 'Balotesti-Saftica', 'balotesti saftica', 'cluster_label', 0.8800);
INSERT INTO zone_macro_areas (zone_id, macro_area_code) VALUES ('ilfov::balotesti::saftica', 'ILFOV_NORD');
INSERT INTO zone_adjacency (source_zone_id, target_zone_id, relation_type, relation_weight) VALUES ('ilfov::balotesti::saftica', 'ilfov::balotesti::balotesti-central', 'adjacent', 1.0000) ON CONFLICT DO NOTHING;
INSERT INTO zone_adjacency (source_zone_id, target_zone_id, relation_type, relation_weight) VALUES ('ilfov::balotesti::saftica', 'ilfov::otopeni::otopeni', 'adjacent', 1.0000) ON CONFLICT DO NOTHING;
INSERT INTO zone_adjacency (source_zone_id, target_zone_id, relation_type, relation_weight) VALUES ('ilfov::balotesti::saftica', 'ilfov::snagov::snagov', 'adjacent', 1.0000) ON CONFLICT DO NOTHING;
INSERT INTO zone_clusters (cluster_id, cluster_name, cluster_slug, zone_id) VALUES ('cluster::balotesti-saftica', 'Balotesti-Saftica', 'balotesti-saftica', 'ilfov::balotesti::saftica') ON CONFLICT DO NOTHING;
INSERT INTO zones (zone_id, region_name, county_name, sector_no, locality_name, zone_name, zone_slug, zone_type, parent_label, parent_zone_id, is_official, is_commercial, canonical_normalized_name) VALUES ('ilfov::corbeanca::corbeanca-central', 'Bucuresti-Ilfov', 'Ilfov', NULL, 'Corbeanca', 'Corbeanca Central', 'corbeanca-central', 'subzone', 'Corbeanca', NULL, FALSE, TRUE, 'corbeanca central');
INSERT INTO zone_aliases (zone_id, alias, alias_normalized, alias_kind, confidence_weight) VALUES ('ilfov::corbeanca::corbeanca-central', 'Corbeanca Central', 'corbeanca central', 'alias', 1.0000), ('ilfov::corbeanca::corbeanca-central', 'corbeanca central', 'corbeanca central', 'slug_variant', 0.9800);
INSERT INTO zone_aliases (zone_id, alias, alias_normalized, alias_kind, confidence_weight) VALUES ('ilfov::corbeanca::corbeanca-central', 'Corbeanca', 'corbeanca', 'alias', 0.9700);
INSERT INTO zone_aliases (zone_id, alias, alias_normalized, alias_kind, confidence_weight) VALUES ('ilfov::corbeanca::corbeanca-central', 'Petresti', 'petresti', 'microzone', 0.9300);
INSERT INTO zone_aliases (zone_id, alias, alias_normalized, alias_kind, confidence_weight) VALUES ('ilfov::corbeanca::corbeanca-central', 'Corbeanca-Ostratu-Paradisul Verde', 'corbeanca ostratu paradisul verde', 'cluster_label', 0.8800);
INSERT INTO zone_macro_areas (zone_id, macro_area_code) VALUES ('ilfov::corbeanca::corbeanca-central', 'ILFOV_NORD');
INSERT INTO zone_adjacency (source_zone_id, target_zone_id, relation_type, relation_weight) VALUES ('ilfov::corbeanca::corbeanca-central', 'ilfov::corbeanca::ostratu', 'adjacent', 1.0000) ON CONFLICT DO NOTHING;
INSERT INTO zone_adjacency (source_zone_id, target_zone_id, relation_type, relation_weight) VALUES ('ilfov::corbeanca::corbeanca-central', 'ilfov::otopeni::otopeni', 'adjacent', 1.0000) ON CONFLICT DO NOTHING;
INSERT INTO zone_adjacency (source_zone_id, target_zone_id, relation_type, relation_weight) VALUES ('ilfov::corbeanca::corbeanca-central', 'ilfov::balotesti::balotesti', 'adjacent', 1.0000) ON CONFLICT DO NOTHING;
INSERT INTO zone_adjacency (source_zone_id, target_zone_id, relation_type, relation_weight) VALUES ('ilfov::corbeanca::corbeanca-central', 'ilfov::mogosoaia::mogosoaia', 'adjacent', 1.0000) ON CONFLICT DO NOTHING;
INSERT INTO zone_adjacency (source_zone_id, target_zone_id, relation_type, relation_weight) VALUES ('ilfov::corbeanca::corbeanca-central', 'ilfov::buftea::buftea', 'adjacent', 1.0000) ON CONFLICT DO NOTHING;
INSERT INTO zone_clusters (cluster_id, cluster_name, cluster_slug, zone_id) VALUES ('cluster::corbeanca-ostratu-paradisul-verde', 'Corbeanca-Ostratu-Paradisul Verde', 'corbeanca-ostratu-paradisul-verde', 'ilfov::corbeanca::corbeanca-central') ON CONFLICT DO NOTHING;
INSERT INTO zones (zone_id, region_name, county_name, sector_no, locality_name, zone_name, zone_slug, zone_type, parent_label, parent_zone_id, is_official, is_commercial, canonical_normalized_name) VALUES ('ilfov::corbeanca::ostratu', 'Bucuresti-Ilfov', 'Ilfov', NULL, 'Corbeanca', 'Ostratu', 'ostratu', 'subzone', 'Corbeanca', NULL, FALSE, TRUE, 'ostratu');
INSERT INTO zone_aliases (zone_id, alias, alias_normalized, alias_kind, confidence_weight) VALUES ('ilfov::corbeanca::ostratu', 'Ostratu', 'ostratu', 'alias', 1.0000), ('ilfov::corbeanca::ostratu', 'ostratu', 'ostratu', 'slug_variant', 0.9800);
INSERT INTO zone_aliases (zone_id, alias, alias_normalized, alias_kind, confidence_weight) VALUES ('ilfov::corbeanca::ostratu', 'Paradisul Verde', 'paradisul verde', 'alias', 0.9700);
INSERT INTO zone_aliases (zone_id, alias, alias_normalized, alias_kind, confidence_weight) VALUES ('ilfov::corbeanca::ostratu', 'Ostratu Corbeanca', 'ostratu corbeanca', 'alias', 0.9700);
INSERT INTO zone_aliases (zone_id, alias, alias_normalized, alias_kind, confidence_weight) VALUES ('ilfov::corbeanca::ostratu', 'Paradisul Verde', 'paradisul verde', 'microzone', 0.9300);
INSERT INTO zone_aliases (zone_id, alias, alias_normalized, alias_kind, confidence_weight) VALUES ('ilfov::corbeanca::ostratu', 'Corbeanca-Ostratu-Paradisul Verde', 'corbeanca ostratu paradisul verde', 'cluster_label', 0.8800);
INSERT INTO zone_macro_areas (zone_id, macro_area_code) VALUES ('ilfov::corbeanca::ostratu', 'ILFOV_NORD');
INSERT INTO zone_adjacency (source_zone_id, target_zone_id, relation_type, relation_weight) VALUES ('ilfov::corbeanca::ostratu', 'ilfov::corbeanca::corbeanca-central', 'adjacent', 1.0000) ON CONFLICT DO NOTHING;
INSERT INTO zone_clusters (cluster_id, cluster_name, cluster_slug, zone_id) VALUES ('cluster::corbeanca-ostratu-paradisul-verde', 'Corbeanca-Ostratu-Paradisul Verde', 'corbeanca-ostratu-paradisul-verde', 'ilfov::corbeanca::ostratu') ON CONFLICT DO NOTHING;
INSERT INTO zones (zone_id, region_name, county_name, sector_no, locality_name, zone_name, zone_slug, zone_type, parent_label, parent_zone_id, is_official, is_commercial, canonical_normalized_name) VALUES ('ilfov::snagov::snagov-central', 'Bucuresti-Ilfov', 'Ilfov', NULL, 'Snagov', 'Snagov Central', 'snagov-central', 'subzone', 'Snagov', NULL, FALSE, TRUE, 'snagov central');
INSERT INTO zone_aliases (zone_id, alias, alias_normalized, alias_kind, confidence_weight) VALUES ('ilfov::snagov::snagov-central', 'Snagov Central', 'snagov central', 'alias', 1.0000), ('ilfov::snagov::snagov-central', 'snagov central', 'snagov central', 'slug_variant', 0.9800);
INSERT INTO zone_aliases (zone_id, alias, alias_normalized, alias_kind, confidence_weight) VALUES ('ilfov::snagov::snagov-central', 'Snagov', 'snagov', 'alias', 0.9700);
INSERT INTO zone_aliases (zone_id, alias, alias_normalized, alias_kind, confidence_weight) VALUES ('ilfov::snagov::snagov-central', 'Lac Snagov', 'lac snagov', 'microzone', 0.9300);
INSERT INTO zone_aliases (zone_id, alias, alias_normalized, alias_kind, confidence_weight) VALUES ('ilfov::snagov::snagov-central', 'Snagov-Lac', 'snagov lac', 'cluster_label', 0.8800);
INSERT INTO zone_macro_areas (zone_id, macro_area_code) VALUES ('ilfov::snagov::snagov-central', 'ILFOV_NORD');
INSERT INTO zone_adjacency (source_zone_id, target_zone_id, relation_type, relation_weight) VALUES ('ilfov::snagov::snagov-central', 'ilfov::snagov::tancabesti', 'adjacent', 1.0000) ON CONFLICT DO NOTHING;
INSERT INTO zone_adjacency (source_zone_id, target_zone_id, relation_type, relation_weight) VALUES ('ilfov::snagov::snagov-central', 'ilfov::snagov::ghermanesti', 'adjacent', 1.0000) ON CONFLICT DO NOTHING;
INSERT INTO zone_adjacency (source_zone_id, target_zone_id, relation_type, relation_weight) VALUES ('ilfov::snagov::snagov-central', 'ilfov::balotesti::balotesti', 'adjacent', 1.0000) ON CONFLICT DO NOTHING;
INSERT INTO zone_adjacency (source_zone_id, target_zone_id, relation_type, relation_weight) VALUES ('ilfov::snagov::snagov-central', 'ilfov::ciolpani::ciolpani', 'adjacent', 1.0000) ON CONFLICT DO NOTHING;
INSERT INTO zone_clusters (cluster_id, cluster_name, cluster_slug, zone_id) VALUES ('cluster::snagov-lac', 'Snagov-Lac', 'snagov-lac', 'ilfov::snagov::snagov-central') ON CONFLICT DO NOTHING;
INSERT INTO zones (zone_id, region_name, county_name, sector_no, locality_name, zone_name, zone_slug, zone_type, parent_label, parent_zone_id, is_official, is_commercial, canonical_normalized_name) VALUES ('ilfov::snagov::tancabesti', 'Bucuresti-Ilfov', 'Ilfov', NULL, 'Snagov', 'Tancabesti', 'tancabesti', 'subzone', 'Snagov', NULL, FALSE, TRUE, 'tancabesti');
INSERT INTO zone_aliases (zone_id, alias, alias_normalized, alias_kind, confidence_weight) VALUES ('ilfov::snagov::tancabesti', 'Tancabesti', 'tancabesti', 'alias', 1.0000), ('ilfov::snagov::tancabesti', 'tancabesti', 'tancabesti', 'slug_variant', 0.9800);
INSERT INTO zone_aliases (zone_id, alias, alias_normalized, alias_kind, confidence_weight) VALUES ('ilfov::snagov::tancabesti', 'Tancabesti Snagov', 'tancabesti snagov', 'alias', 0.9700);
INSERT INTO zone_aliases (zone_id, alias, alias_normalized, alias_kind, confidence_weight) VALUES ('ilfov::snagov::tancabesti', 'DN1', 'dn1', 'microzone', 0.9300);
INSERT INTO zone_aliases (zone_id, alias, alias_normalized, alias_kind, confidence_weight) VALUES ('ilfov::snagov::tancabesti', 'Snagov-Lac', 'snagov lac', 'cluster_label', 0.8800);
INSERT INTO zone_macro_areas (zone_id, macro_area_code) VALUES ('ilfov::snagov::tancabesti', 'ILFOV_NORD');
INSERT INTO zone_adjacency (source_zone_id, target_zone_id, relation_type, relation_weight) VALUES ('ilfov::snagov::tancabesti', 'ilfov::snagov::snagov-central', 'adjacent', 1.0000) ON CONFLICT DO NOTHING;
INSERT INTO zone_adjacency (source_zone_id, target_zone_id, relation_type, relation_weight) VALUES ('ilfov::snagov::tancabesti', 'ilfov::balotesti::balotesti', 'adjacent', 1.0000) ON CONFLICT DO NOTHING;
INSERT INTO zone_clusters (cluster_id, cluster_name, cluster_slug, zone_id) VALUES ('cluster::snagov-lac', 'Snagov-Lac', 'snagov-lac', 'ilfov::snagov::tancabesti') ON CONFLICT DO NOTHING;
INSERT INTO zones (zone_id, region_name, county_name, sector_no, locality_name, zone_name, zone_slug, zone_type, parent_label, parent_zone_id, is_official, is_commercial, canonical_normalized_name) VALUES ('ilfov::snagov::ghermanesti', 'Bucuresti-Ilfov', 'Ilfov', NULL, 'Snagov', 'Ghermanesti', 'ghermanesti', 'subzone', 'Snagov', NULL, FALSE, TRUE, 'ghermanesti');
INSERT INTO zone_aliases (zone_id, alias, alias_normalized, alias_kind, confidence_weight) VALUES ('ilfov::snagov::ghermanesti', 'Ghermanesti', 'ghermanesti', 'alias', 1.0000), ('ilfov::snagov::ghermanesti', 'ghermanesti', 'ghermanesti', 'slug_variant', 0.9800);
INSERT INTO zone_aliases (zone_id, alias, alias_normalized, alias_kind, confidence_weight) VALUES ('ilfov::snagov::ghermanesti', 'Ghermanesti Snagov', 'ghermanesti snagov', 'alias', 0.9700);
INSERT INTO zone_aliases (zone_id, alias, alias_normalized, alias_kind, confidence_weight) VALUES ('ilfov::snagov::ghermanesti', 'Lac', 'lac', 'microzone', 0.9300);
INSERT INTO zone_aliases (zone_id, alias, alias_normalized, alias_kind, confidence_weight) VALUES ('ilfov::snagov::ghermanesti', 'Snagov-Lac', 'snagov lac', 'cluster_label', 0.8800);
INSERT INTO zone_macro_areas (zone_id, macro_area_code) VALUES ('ilfov::snagov::ghermanesti', 'ILFOV_NORD');
INSERT INTO zone_adjacency (source_zone_id, target_zone_id, relation_type, relation_weight) VALUES ('ilfov::snagov::ghermanesti', 'ilfov::snagov::snagov-central', 'adjacent', 1.0000) ON CONFLICT DO NOTHING;
INSERT INTO zone_clusters (cluster_id, cluster_name, cluster_slug, zone_id) VALUES ('cluster::snagov-lac', 'Snagov-Lac', 'snagov-lac', 'ilfov::snagov::ghermanesti') ON CONFLICT DO NOTHING;
INSERT INTO zones (zone_id, region_name, county_name, sector_no, locality_name, zone_name, zone_slug, zone_type, parent_label, parent_zone_id, is_official, is_commercial, canonical_normalized_name) VALUES ('ilfov::peris::peris-central', 'Bucuresti-Ilfov', 'Ilfov', NULL, 'Peris', 'Peris Central', 'peris-central', 'subzone', 'Peris', NULL, FALSE, TRUE, 'peris central');
INSERT INTO zone_aliases (zone_id, alias, alias_normalized, alias_kind, confidence_weight) VALUES ('ilfov::peris::peris-central', 'Peris Central', 'peris central', 'alias', 1.0000), ('ilfov::peris::peris-central', 'peris central', 'peris central', 'slug_variant', 0.9800);
INSERT INTO zone_aliases (zone_id, alias, alias_normalized, alias_kind, confidence_weight) VALUES ('ilfov::peris::peris-central', 'Peris', 'peris', 'alias', 0.9700);
INSERT INTO zone_aliases (zone_id, alias, alias_normalized, alias_kind, confidence_weight) VALUES ('ilfov::peris::peris-central', 'Centru', 'centru', 'microzone', 0.9300);
INSERT INTO zone_aliases (zone_id, alias, alias_normalized, alias_kind, confidence_weight) VALUES ('ilfov::peris::peris-central', 'Peris-Scrovistea', 'peris scrovistea', 'cluster_label', 0.8800);
INSERT INTO zone_macro_areas (zone_id, macro_area_code) VALUES ('ilfov::peris::peris-central', 'ILFOV_NORD');
INSERT INTO zone_adjacency (source_zone_id, target_zone_id, relation_type, relation_weight) VALUES ('ilfov::peris::peris-central', 'ilfov::peris::scrovistea', 'adjacent', 1.0000) ON CONFLICT DO NOTHING;
INSERT INTO zone_adjacency (source_zone_id, target_zone_id, relation_type, relation_weight) VALUES ('ilfov::peris::peris-central', 'ilfov::ciolpani::ciolpani', 'adjacent', 1.0000) ON CONFLICT DO NOTHING;
INSERT INTO zone_adjacency (source_zone_id, target_zone_id, relation_type, relation_weight) VALUES ('ilfov::peris::peris-central', 'ilfov::moara-vlasiei::moara-vlasiei', 'adjacent', 1.0000) ON CONFLICT DO NOTHING;
INSERT INTO zone_clusters (cluster_id, cluster_name, cluster_slug, zone_id) VALUES ('cluster::peris-scrovistea', 'Peris-Scrovistea', 'peris-scrovistea', 'ilfov::peris::peris-central') ON CONFLICT DO NOTHING;
INSERT INTO zones (zone_id, region_name, county_name, sector_no, locality_name, zone_name, zone_slug, zone_type, parent_label, parent_zone_id, is_official, is_commercial, canonical_normalized_name) VALUES ('ilfov::peris::scrovistea', 'Bucuresti-Ilfov', 'Ilfov', NULL, 'Peris', 'Scrovistea', 'scrovistea', 'subzone', 'Peris', NULL, FALSE, TRUE, 'scrovistea');
INSERT INTO zone_aliases (zone_id, alias, alias_normalized, alias_kind, confidence_weight) VALUES ('ilfov::peris::scrovistea', 'Scrovistea', 'scrovistea', 'alias', 1.0000), ('ilfov::peris::scrovistea', 'scrovistea', 'scrovistea', 'slug_variant', 0.9800);
INSERT INTO zone_aliases (zone_id, alias, alias_normalized, alias_kind, confidence_weight) VALUES ('ilfov::peris::scrovistea', 'Scrovistea Peris', 'scrovistea peris', 'alias', 0.9700);
INSERT INTO zone_aliases (zone_id, alias, alias_normalized, alias_kind, confidence_weight) VALUES ('ilfov::peris::scrovistea', 'Padure', 'padure', 'microzone', 0.9300);
INSERT INTO zone_aliases (zone_id, alias, alias_normalized, alias_kind, confidence_weight) VALUES ('ilfov::peris::scrovistea', 'Peris-Scrovistea', 'peris scrovistea', 'cluster_label', 0.8800);
INSERT INTO zone_macro_areas (zone_id, macro_area_code) VALUES ('ilfov::peris::scrovistea', 'ILFOV_NORD');
INSERT INTO zone_adjacency (source_zone_id, target_zone_id, relation_type, relation_weight) VALUES ('ilfov::peris::scrovistea', 'ilfov::peris::peris-central', 'adjacent', 1.0000) ON CONFLICT DO NOTHING;
INSERT INTO zone_clusters (cluster_id, cluster_name, cluster_slug, zone_id) VALUES ('cluster::peris-scrovistea', 'Peris-Scrovistea', 'peris-scrovistea', 'ilfov::peris::scrovistea') ON CONFLICT DO NOTHING;
INSERT INTO zones (zone_id, region_name, county_name, sector_no, locality_name, zone_name, zone_slug, zone_type, parent_label, parent_zone_id, is_official, is_commercial, canonical_normalized_name) VALUES ('ilfov::moara-vlasiei::moara-vlasiei-central', 'Bucuresti-Ilfov', 'Ilfov', NULL, 'Moara Vlasiei', 'Moara Vlasiei Central', 'moara-vlasiei-central', 'subzone', 'Moara Vlasiei', NULL, FALSE, TRUE, 'moara vlasiei central');
INSERT INTO zone_aliases (zone_id, alias, alias_normalized, alias_kind, confidence_weight) VALUES ('ilfov::moara-vlasiei::moara-vlasiei-central', 'Moara Vlasiei Central', 'moara vlasiei central', 'alias', 1.0000), ('ilfov::moara-vlasiei::moara-vlasiei-central', 'moara vlasiei central', 'moara vlasiei central', 'slug_variant', 0.9800);
INSERT INTO zone_aliases (zone_id, alias, alias_normalized, alias_kind, confidence_weight) VALUES ('ilfov::moara-vlasiei::moara-vlasiei-central', 'Moara Vlasiei', 'moara vlasiei', 'alias', 0.9700);
INSERT INTO zone_aliases (zone_id, alias, alias_normalized, alias_kind, confidence_weight) VALUES ('ilfov::moara-vlasiei::moara-vlasiei-central', 'Centru', 'centru', 'microzone', 0.9300);
INSERT INTO zone_aliases (zone_id, alias, alias_normalized, alias_kind, confidence_weight) VALUES ('ilfov::moara-vlasiei::moara-vlasiei-central', 'Moara Vlasiei-Caciulati', 'moara vlasiei caciulati', 'cluster_label', 0.8800);
INSERT INTO zone_macro_areas (zone_id, macro_area_code) VALUES ('ilfov::moara-vlasiei::moara-vlasiei-central', 'ILFOV_NORD');
INSERT INTO zone_adjacency (source_zone_id, target_zone_id, relation_type, relation_weight) VALUES ('ilfov::moara-vlasiei::moara-vlasiei-central', 'ilfov::moara-vlasiei::caciulati', 'adjacent', 1.0000) ON CONFLICT DO NOTHING;
INSERT INTO zone_adjacency (source_zone_id, target_zone_id, relation_type, relation_weight) VALUES ('ilfov::moara-vlasiei::moara-vlasiei-central', 'ilfov::balotesti::balotesti', 'adjacent', 1.0000) ON CONFLICT DO NOTHING;
INSERT INTO zone_adjacency (source_zone_id, target_zone_id, relation_type, relation_weight) VALUES ('ilfov::moara-vlasiei::moara-vlasiei-central', 'ilfov::snagov::snagov', 'adjacent', 1.0000) ON CONFLICT DO NOTHING;
INSERT INTO zone_adjacency (source_zone_id, target_zone_id, relation_type, relation_weight) VALUES ('ilfov::moara-vlasiei::moara-vlasiei-central', 'ilfov::dascalu::dascalu', 'adjacent', 1.0000) ON CONFLICT DO NOTHING;
INSERT INTO zone_clusters (cluster_id, cluster_name, cluster_slug, zone_id) VALUES ('cluster::moara-vlasiei-caciulati', 'Moara Vlasiei-Caciulati', 'moara-vlasiei-caciulati', 'ilfov::moara-vlasiei::moara-vlasiei-central') ON CONFLICT DO NOTHING;
INSERT INTO zones (zone_id, region_name, county_name, sector_no, locality_name, zone_name, zone_slug, zone_type, parent_label, parent_zone_id, is_official, is_commercial, canonical_normalized_name) VALUES ('ilfov::moara-vlasiei::caciulati', 'Bucuresti-Ilfov', 'Ilfov', NULL, 'Moara Vlasiei', 'Caciulati', 'caciulati', 'subzone', 'Moara Vlasiei', NULL, FALSE, TRUE, 'caciulati');
INSERT INTO zone_aliases (zone_id, alias, alias_normalized, alias_kind, confidence_weight) VALUES ('ilfov::moara-vlasiei::caciulati', 'Caciulati', 'caciulati', 'alias', 1.0000), ('ilfov::moara-vlasiei::caciulati', 'caciulati', 'caciulati', 'slug_variant', 0.9800);
INSERT INTO zone_aliases (zone_id, alias, alias_normalized, alias_kind, confidence_weight) VALUES ('ilfov::moara-vlasiei::caciulati', 'Caciulati', 'caciulati', 'alias', 0.9700);
INSERT INTO zone_aliases (zone_id, alias, alias_normalized, alias_kind, confidence_weight) VALUES ('ilfov::moara-vlasiei::caciulati', 'DN1', 'dn1', 'microzone', 0.9300);
INSERT INTO zone_aliases (zone_id, alias, alias_normalized, alias_kind, confidence_weight) VALUES ('ilfov::moara-vlasiei::caciulati', 'Moara Vlasiei-Caciulati', 'moara vlasiei caciulati', 'cluster_label', 0.8800);
INSERT INTO zone_macro_areas (zone_id, macro_area_code) VALUES ('ilfov::moara-vlasiei::caciulati', 'ILFOV_NORD');
INSERT INTO zone_adjacency (source_zone_id, target_zone_id, relation_type, relation_weight) VALUES ('ilfov::moara-vlasiei::caciulati', 'ilfov::moara-vlasiei::moara-vlasiei-central', 'adjacent', 1.0000) ON CONFLICT DO NOTHING;
INSERT INTO zone_adjacency (source_zone_id, target_zone_id, relation_type, relation_weight) VALUES ('ilfov::moara-vlasiei::caciulati', 'ilfov::stefanestii-de-jos::stefanestii-de-jos', 'adjacent', 1.0000) ON CONFLICT DO NOTHING;
INSERT INTO zone_clusters (cluster_id, cluster_name, cluster_slug, zone_id) VALUES ('cluster::moara-vlasiei-caciulati', 'Moara Vlasiei-Caciulati', 'moara-vlasiei-caciulati', 'ilfov::moara-vlasiei::caciulati') ON CONFLICT DO NOTHING;
INSERT INTO zones (zone_id, region_name, county_name, sector_no, locality_name, zone_name, zone_slug, zone_type, parent_label, parent_zone_id, is_official, is_commercial, canonical_normalized_name) VALUES ('ilfov::ciolpani::ciolpani-central', 'Bucuresti-Ilfov', 'Ilfov', NULL, 'Ciolpani', 'Ciolpani Central', 'ciolpani-central', 'subzone', 'Ciolpani', NULL, FALSE, TRUE, 'ciolpani central');
INSERT INTO zone_aliases (zone_id, alias, alias_normalized, alias_kind, confidence_weight) VALUES ('ilfov::ciolpani::ciolpani-central', 'Ciolpani Central', 'ciolpani central', 'alias', 1.0000), ('ilfov::ciolpani::ciolpani-central', 'ciolpani central', 'ciolpani central', 'slug_variant', 0.9800);
INSERT INTO zone_aliases (zone_id, alias, alias_normalized, alias_kind, confidence_weight) VALUES ('ilfov::ciolpani::ciolpani-central', 'Ciolpani', 'ciolpani', 'alias', 0.9700);
INSERT INTO zone_aliases (zone_id, alias, alias_normalized, alias_kind, confidence_weight) VALUES ('ilfov::ciolpani::ciolpani-central', 'Centru', 'centru', 'microzone', 0.9300);
INSERT INTO zone_aliases (zone_id, alias, alias_normalized, alias_kind, confidence_weight) VALUES ('ilfov::ciolpani::ciolpani-central', 'Ciolpani-Izvorani', 'ciolpani izvorani', 'cluster_label', 0.8800);
INSERT INTO zone_macro_areas (zone_id, macro_area_code) VALUES ('ilfov::ciolpani::ciolpani-central', 'ILFOV_NORD');
INSERT INTO zone_adjacency (source_zone_id, target_zone_id, relation_type, relation_weight) VALUES ('ilfov::ciolpani::ciolpani-central', 'ilfov::ciolpani::izvorani', 'adjacent', 1.0000) ON CONFLICT DO NOTHING;
INSERT INTO zone_adjacency (source_zone_id, target_zone_id, relation_type, relation_weight) VALUES ('ilfov::ciolpani::ciolpani-central', 'ilfov::snagov::snagov', 'adjacent', 1.0000) ON CONFLICT DO NOTHING;
INSERT INTO zone_adjacency (source_zone_id, target_zone_id, relation_type, relation_weight) VALUES ('ilfov::ciolpani::ciolpani-central', 'ilfov::peris::peris', 'adjacent', 1.0000) ON CONFLICT DO NOTHING;
INSERT INTO zone_clusters (cluster_id, cluster_name, cluster_slug, zone_id) VALUES ('cluster::ciolpani-izvorani', 'Ciolpani-Izvorani', 'ciolpani-izvorani', 'ilfov::ciolpani::ciolpani-central') ON CONFLICT DO NOTHING;
INSERT INTO zones (zone_id, region_name, county_name, sector_no, locality_name, zone_name, zone_slug, zone_type, parent_label, parent_zone_id, is_official, is_commercial, canonical_normalized_name) VALUES ('ilfov::ciolpani::izvorani', 'Bucuresti-Ilfov', 'Ilfov', NULL, 'Ciolpani', 'Izvorani', 'izvorani', 'subzone', 'Ciolpani', NULL, FALSE, TRUE, 'izvorani');
INSERT INTO zone_aliases (zone_id, alias, alias_normalized, alias_kind, confidence_weight) VALUES ('ilfov::ciolpani::izvorani', 'Izvorani', 'izvorani', 'alias', 1.0000), ('ilfov::ciolpani::izvorani', 'izvorani', 'izvorani', 'slug_variant', 0.9800);
INSERT INTO zone_aliases (zone_id, alias, alias_normalized, alias_kind, confidence_weight) VALUES ('ilfov::ciolpani::izvorani', 'Izvorani Ciolpani', 'izvorani ciolpani', 'alias', 0.9700);
INSERT INTO zone_aliases (zone_id, alias, alias_normalized, alias_kind, confidence_weight) VALUES ('ilfov::ciolpani::izvorani', 'Lac', 'lac', 'microzone', 0.9300);
INSERT INTO zone_aliases (zone_id, alias, alias_normalized, alias_kind, confidence_weight) VALUES ('ilfov::ciolpani::izvorani', 'Ciolpani-Izvorani', 'ciolpani izvorani', 'cluster_label', 0.8800);
INSERT INTO zone_macro_areas (zone_id, macro_area_code) VALUES ('ilfov::ciolpani::izvorani', 'ILFOV_NORD');
INSERT INTO zone_adjacency (source_zone_id, target_zone_id, relation_type, relation_weight) VALUES ('ilfov::ciolpani::izvorani', 'ilfov::ciolpani::ciolpani-central', 'adjacent', 1.0000) ON CONFLICT DO NOTHING;
INSERT INTO zone_clusters (cluster_id, cluster_name, cluster_slug, zone_id) VALUES ('cluster::ciolpani-izvorani', 'Ciolpani-Izvorani', 'ciolpani-izvorani', 'ilfov::ciolpani::izvorani') ON CONFLICT DO NOTHING;
INSERT INTO zones (zone_id, region_name, county_name, sector_no, locality_name, zone_name, zone_slug, zone_type, parent_label, parent_zone_id, is_official, is_commercial, canonical_normalized_name) VALUES ('ilfov::gruiu::gruiu-central', 'Bucuresti-Ilfov', 'Ilfov', NULL, 'Gruiu', 'Gruiu Central', 'gruiu-central', 'subzone', 'Gruiu', NULL, FALSE, TRUE, 'gruiu central');
INSERT INTO zone_aliases (zone_id, alias, alias_normalized, alias_kind, confidence_weight) VALUES ('ilfov::gruiu::gruiu-central', 'Gruiu Central', 'gruiu central', 'alias', 1.0000), ('ilfov::gruiu::gruiu-central', 'gruiu central', 'gruiu central', 'slug_variant', 0.9800);
INSERT INTO zone_aliases (zone_id, alias, alias_normalized, alias_kind, confidence_weight) VALUES ('ilfov::gruiu::gruiu-central', 'Gruiu', 'gruiu', 'alias', 0.9700);
INSERT INTO zone_aliases (zone_id, alias, alias_normalized, alias_kind, confidence_weight) VALUES ('ilfov::gruiu::gruiu-central', 'Lipia', 'lipia', 'microzone', 0.9300);
INSERT INTO zone_aliases (zone_id, alias, alias_normalized, alias_kind, confidence_weight) VALUES ('ilfov::gruiu::gruiu-central', 'Gruiu-Lipia', 'gruiu lipia', 'cluster_label', 0.8800);
INSERT INTO zone_macro_areas (zone_id, macro_area_code) VALUES ('ilfov::gruiu::gruiu-central', 'ILFOV_NORD');
INSERT INTO zone_adjacency (source_zone_id, target_zone_id, relation_type, relation_weight) VALUES ('ilfov::gruiu::gruiu-central', 'ilfov::snagov::snagov', 'adjacent', 1.0000) ON CONFLICT DO NOTHING;
INSERT INTO zone_adjacency (source_zone_id, target_zone_id, relation_type, relation_weight) VALUES ('ilfov::gruiu::gruiu-central', 'ilfov::nuci::nuci', 'adjacent', 1.0000) ON CONFLICT DO NOTHING;
INSERT INTO zone_clusters (cluster_id, cluster_name, cluster_slug, zone_id) VALUES ('cluster::gruiu-lipia', 'Gruiu-Lipia', 'gruiu-lipia', 'ilfov::gruiu::gruiu-central') ON CONFLICT DO NOTHING;
INSERT INTO zones (zone_id, region_name, county_name, sector_no, locality_name, zone_name, zone_slug, zone_type, parent_label, parent_zone_id, is_official, is_commercial, canonical_normalized_name) VALUES ('ilfov::gruiu::lipia', 'Bucuresti-Ilfov', 'Ilfov', NULL, 'Gruiu', 'Lipia', 'lipia', 'subzone', 'Gruiu', NULL, FALSE, TRUE, 'lipia');
INSERT INTO zone_aliases (zone_id, alias, alias_normalized, alias_kind, confidence_weight) VALUES ('ilfov::gruiu::lipia', 'Lipia', 'lipia', 'alias', 1.0000), ('ilfov::gruiu::lipia', 'lipia', 'lipia', 'slug_variant', 0.9800);
INSERT INTO zone_aliases (zone_id, alias, alias_normalized, alias_kind, confidence_weight) VALUES ('ilfov::gruiu::lipia', 'Lipia Gruiu', 'lipia gruiu', 'alias', 0.9700);
INSERT INTO zone_aliases (zone_id, alias, alias_normalized, alias_kind, confidence_weight) VALUES ('ilfov::gruiu::lipia', 'Centru', 'centru', 'microzone', 0.9300);
INSERT INTO zone_aliases (zone_id, alias, alias_normalized, alias_kind, confidence_weight) VALUES ('ilfov::gruiu::lipia', 'Gruiu-Lipia', 'gruiu lipia', 'cluster_label', 0.8800);
INSERT INTO zone_macro_areas (zone_id, macro_area_code) VALUES ('ilfov::gruiu::lipia', 'ILFOV_NORD');
INSERT INTO zone_adjacency (source_zone_id, target_zone_id, relation_type, relation_weight) VALUES ('ilfov::gruiu::lipia', 'ilfov::gruiu::gruiu-central', 'adjacent', 1.0000) ON CONFLICT DO NOTHING;
INSERT INTO zone_clusters (cluster_id, cluster_name, cluster_slug, zone_id) VALUES ('cluster::gruiu-lipia', 'Gruiu-Lipia', 'gruiu-lipia', 'ilfov::gruiu::lipia') ON CONFLICT DO NOTHING;
INSERT INTO zones (zone_id, region_name, county_name, sector_no, locality_name, zone_name, zone_slug, zone_type, parent_label, parent_zone_id, is_official, is_commercial, canonical_normalized_name) VALUES ('ilfov::nuci::nuci-central', 'Bucuresti-Ilfov', 'Ilfov', NULL, 'Nuci', 'Nuci Central', 'nuci-central', 'subzone', 'Nuci', NULL, FALSE, TRUE, 'nuci central');
INSERT INTO zone_aliases (zone_id, alias, alias_normalized, alias_kind, confidence_weight) VALUES ('ilfov::nuci::nuci-central', 'Nuci Central', 'nuci central', 'alias', 1.0000), ('ilfov::nuci::nuci-central', 'nuci central', 'nuci central', 'slug_variant', 0.9800);
INSERT INTO zone_aliases (zone_id, alias, alias_normalized, alias_kind, confidence_weight) VALUES ('ilfov::nuci::nuci-central', 'Nuci', 'nuci', 'alias', 0.9700);
INSERT INTO zone_aliases (zone_id, alias, alias_normalized, alias_kind, confidence_weight) VALUES ('ilfov::nuci::nuci-central', 'Merii Petchii', 'merii petchii', 'microzone', 0.9300);
INSERT INTO zone_aliases (zone_id, alias, alias_normalized, alias_kind, confidence_weight) VALUES ('ilfov::nuci::nuci-central', 'Nuci-Gradistea', 'nuci gradistea', 'cluster_label', 0.8800);
INSERT INTO zone_macro_areas (zone_id, macro_area_code) VALUES ('ilfov::nuci::nuci-central', 'ILFOV_NORD');
INSERT INTO zone_adjacency (source_zone_id, target_zone_id, relation_type, relation_weight) VALUES ('ilfov::nuci::nuci-central', 'ilfov::gradistea::gradistea', 'adjacent', 1.0000) ON CONFLICT DO NOTHING;
INSERT INTO zone_adjacency (source_zone_id, target_zone_id, relation_type, relation_weight) VALUES ('ilfov::nuci::nuci-central', 'ilfov::gruiu::gruiu', 'adjacent', 1.0000) ON CONFLICT DO NOTHING;
INSERT INTO zone_clusters (cluster_id, cluster_name, cluster_slug, zone_id) VALUES ('cluster::nuci-gradistea', 'Nuci-Gradistea', 'nuci-gradistea', 'ilfov::nuci::nuci-central') ON CONFLICT DO NOTHING;
INSERT INTO zones (zone_id, region_name, county_name, sector_no, locality_name, zone_name, zone_slug, zone_type, parent_label, parent_zone_id, is_official, is_commercial, canonical_normalized_name) VALUES ('ilfov::pantelimon::pantelimon-central', 'Bucuresti-Ilfov', 'Ilfov', NULL, 'Pantelimon', 'Pantelimon Central', 'pantelimon-central', 'subzone', 'Pantelimon', NULL, FALSE, TRUE, 'pantelimon central');
INSERT INTO zone_aliases (zone_id, alias, alias_normalized, alias_kind, confidence_weight) VALUES ('ilfov::pantelimon::pantelimon-central', 'Pantelimon Central', 'pantelimon central', 'alias', 1.0000), ('ilfov::pantelimon::pantelimon-central', 'pantelimon central', 'pantelimon central', 'slug_variant', 0.9800);
INSERT INTO zone_aliases (zone_id, alias, alias_normalized, alias_kind, confidence_weight) VALUES ('ilfov::pantelimon::pantelimon-central', 'Pantelimon Ilfov', 'pantelimon ilfov', 'alias', 0.9700);
INSERT INTO zone_aliases (zone_id, alias, alias_normalized, alias_kind, confidence_weight) VALUES ('ilfov::pantelimon::pantelimon-central', 'Lac Pantelimon', 'lac pantelimon', 'microzone', 0.9300);
INSERT INTO zone_aliases (zone_id, alias, alias_normalized, alias_kind, confidence_weight) VALUES ('ilfov::pantelimon::pantelimon-central', 'Pantelimon-IF-Cernica', 'pantelimon if cernica', 'cluster_label', 0.8800);
INSERT INTO zone_macro_areas (zone_id, macro_area_code) VALUES ('ilfov::pantelimon::pantelimon-central', 'ILFOV_EST');
INSERT INTO zone_adjacency (source_zone_id, target_zone_id, relation_type, relation_weight) VALUES ('ilfov::pantelimon::pantelimon-central', 'ilfov::pantelimon::pantelimon', 'adjacent', 1.0000) ON CONFLICT DO NOTHING;
INSERT INTO zone_adjacency (source_zone_id, target_zone_id, relation_type, relation_weight) VALUES ('ilfov::pantelimon::pantelimon-central', 'ilfov::dobroesti::dobroesti', 'adjacent', 1.0000) ON CONFLICT DO NOTHING;
INSERT INTO zone_adjacency (source_zone_id, target_zone_id, relation_type, relation_weight) VALUES ('ilfov::pantelimon::pantelimon-central', 'ilfov::cernica::cernica', 'adjacent', 1.0000) ON CONFLICT DO NOTHING;
INSERT INTO zone_clusters (cluster_id, cluster_name, cluster_slug, zone_id) VALUES ('cluster::pantelimon-if-cernica', 'Pantelimon-IF-Cernica', 'pantelimon-if-cernica', 'ilfov::pantelimon::pantelimon-central') ON CONFLICT DO NOTHING;
INSERT INTO zones (zone_id, region_name, county_name, sector_no, locality_name, zone_name, zone_slug, zone_type, parent_label, parent_zone_id, is_official, is_commercial, canonical_normalized_name) VALUES ('ilfov::pantelimon::lac-pantelimon', 'Bucuresti-Ilfov', 'Ilfov', NULL, 'Pantelimon', 'Lac Pantelimon', 'lac-pantelimon', 'subzone', 'Pantelimon', NULL, FALSE, TRUE, 'lac pantelimon');
INSERT INTO zone_aliases (zone_id, alias, alias_normalized, alias_kind, confidence_weight) VALUES ('ilfov::pantelimon::lac-pantelimon', 'Lac Pantelimon', 'lac pantelimon', 'alias', 1.0000), ('ilfov::pantelimon::lac-pantelimon', 'lac pantelimon', 'lac pantelimon', 'slug_variant', 0.9800);
INSERT INTO zone_aliases (zone_id, alias, alias_normalized, alias_kind, confidence_weight) VALUES ('ilfov::pantelimon::lac-pantelimon', 'Lacul Pantelimon', 'lacul pantelimon', 'alias', 0.9700);
INSERT INTO zone_aliases (zone_id, alias, alias_normalized, alias_kind, confidence_weight) VALUES ('ilfov::pantelimon::lac-pantelimon', 'Lac', 'lac', 'microzone', 0.9300);
INSERT INTO zone_aliases (zone_id, alias, alias_normalized, alias_kind, confidence_weight) VALUES ('ilfov::pantelimon::lac-pantelimon', 'Pantelimon-IF-Cernica', 'pantelimon if cernica', 'cluster_label', 0.8800);
INSERT INTO zone_macro_areas (zone_id, macro_area_code) VALUES ('ilfov::pantelimon::lac-pantelimon', 'ILFOV_EST');
INSERT INTO zone_adjacency (source_zone_id, target_zone_id, relation_type, relation_weight) VALUES ('ilfov::pantelimon::lac-pantelimon', 'ilfov::pantelimon::pantelimon-central', 'adjacent', 1.0000) ON CONFLICT DO NOTHING;
INSERT INTO zone_clusters (cluster_id, cluster_name, cluster_slug, zone_id) VALUES ('cluster::pantelimon-if-cernica', 'Pantelimon-IF-Cernica', 'pantelimon-if-cernica', 'ilfov::pantelimon::lac-pantelimon') ON CONFLICT DO NOTHING;
INSERT INTO zones (zone_id, region_name, county_name, sector_no, locality_name, zone_name, zone_slug, zone_type, parent_label, parent_zone_id, is_official, is_commercial, canonical_normalized_name) VALUES ('ilfov::dobroesti::dobroesti-central', 'Bucuresti-Ilfov', 'Ilfov', NULL, 'Dobroesti', 'Dobroesti Central', 'dobroesti-central', 'subzone', 'Dobroesti', NULL, FALSE, TRUE, 'dobroesti central');
INSERT INTO zone_aliases (zone_id, alias, alias_normalized, alias_kind, confidence_weight) VALUES ('ilfov::dobroesti::dobroesti-central', 'Dobroesti Central', 'dobroesti central', 'alias', 1.0000), ('ilfov::dobroesti::dobroesti-central', 'dobroesti central', 'dobroesti central', 'slug_variant', 0.9800);
INSERT INTO zone_aliases (zone_id, alias, alias_normalized, alias_kind, confidence_weight) VALUES ('ilfov::dobroesti::dobroesti-central', 'Dobroesti', 'dobroesti', 'alias', 0.9700);
INSERT INTO zone_aliases (zone_id, alias, alias_normalized, alias_kind, confidence_weight) VALUES ('ilfov::dobroesti::dobroesti-central', 'Centru', 'centru', 'microzone', 0.9300);
INSERT INTO zone_aliases (zone_id, alias, alias_normalized, alias_kind, confidence_weight) VALUES ('ilfov::dobroesti::dobroesti-central', 'Dobroesti-Fundeni', 'dobroesti fundeni', 'cluster_label', 0.8800);
INSERT INTO zone_macro_areas (zone_id, macro_area_code) VALUES ('ilfov::dobroesti::dobroesti-central', 'ILFOV_EST');
INSERT INTO zone_macro_areas (zone_id, macro_area_code) VALUES ('ilfov::dobroesti::dobroesti-central', 'NORD_EST');
INSERT INTO zone_adjacency (source_zone_id, target_zone_id, relation_type, relation_weight) VALUES ('ilfov::dobroesti::dobroesti-central', 'bucuresti::bucuresti::fundeni', 'adjacent', 1.0000) ON CONFLICT DO NOTHING;
INSERT INTO zone_adjacency (source_zone_id, target_zone_id, relation_type, relation_weight) VALUES ('ilfov::dobroesti::dobroesti-central', 'ilfov::pantelimon::pantelimon-central', 'adjacent', 1.0000) ON CONFLICT DO NOTHING;
INSERT INTO zone_adjacency (source_zone_id, target_zone_id, relation_type, relation_weight) VALUES ('ilfov::dobroesti::dobroesti-central', 'ilfov::voluntari::voluntari-central', 'adjacent', 1.0000) ON CONFLICT DO NOTHING;
INSERT INTO zone_adjacency (source_zone_id, target_zone_id, relation_type, relation_weight) VALUES ('ilfov::dobroesti::dobroesti-central', 'ilfov::ganesa::ganesa', 'adjacent', 1.0000) ON CONFLICT DO NOTHING;
INSERT INTO zone_clusters (cluster_id, cluster_name, cluster_slug, zone_id) VALUES ('cluster::dobroesti-fundeni', 'Dobroesti-Fundeni', 'dobroesti-fundeni', 'ilfov::dobroesti::dobroesti-central') ON CONFLICT DO NOTHING;
INSERT INTO zones (zone_id, region_name, county_name, sector_no, locality_name, zone_name, zone_slug, zone_type, parent_label, parent_zone_id, is_official, is_commercial, canonical_normalized_name) VALUES ('ilfov::afumati::afumati-central', 'Bucuresti-Ilfov', 'Ilfov', NULL, 'Afumati', 'Afumati Central', 'afumati-central', 'subzone', 'Afumati', NULL, FALSE, TRUE, 'afumati central');
INSERT INTO zone_aliases (zone_id, alias, alias_normalized, alias_kind, confidence_weight) VALUES ('ilfov::afumati::afumati-central', 'Afumati Central', 'afumati central', 'alias', 1.0000), ('ilfov::afumati::afumati-central', 'afumati central', 'afumati central', 'slug_variant', 0.9800);
INSERT INTO zone_aliases (zone_id, alias, alias_normalized, alias_kind, confidence_weight) VALUES ('ilfov::afumati::afumati-central', 'Afumati', 'afumati', 'alias', 0.9700);
INSERT INTO zone_aliases (zone_id, alias, alias_normalized, alias_kind, confidence_weight) VALUES ('ilfov::afumati::afumati-central', 'DN2', 'dn2', 'microzone', 0.9300);
INSERT INTO zone_aliases (zone_id, alias, alias_normalized, alias_kind, confidence_weight) VALUES ('ilfov::afumati::afumati-central', 'Afumati-DN2', 'afumati dn2', 'cluster_label', 0.8800);
INSERT INTO zone_macro_areas (zone_id, macro_area_code) VALUES ('ilfov::afumati::afumati-central', 'ILFOV_EST');
INSERT INTO zone_adjacency (source_zone_id, target_zone_id, relation_type, relation_weight) VALUES ('ilfov::afumati::afumati-central', 'ilfov::stefanestii-de-jos::stefanestii-de-jos', 'adjacent', 1.0000) ON CONFLICT DO NOTHING;
INSERT INTO zone_adjacency (source_zone_id, target_zone_id, relation_type, relation_weight) VALUES ('ilfov::afumati::afumati-central', 'ilfov::voluntari::voluntari', 'adjacent', 1.0000) ON CONFLICT DO NOTHING;
INSERT INTO zone_adjacency (source_zone_id, target_zone_id, relation_type, relation_weight) VALUES ('ilfov::afumati::afumati-central', 'ilfov::ganesa::ganesa', 'adjacent', 1.0000) ON CONFLICT DO NOTHING;
INSERT INTO zone_clusters (cluster_id, cluster_name, cluster_slug, zone_id) VALUES ('cluster::afumati-dn2', 'Afumati-DN2', 'afumati-dn2', 'ilfov::afumati::afumati-central') ON CONFLICT DO NOTHING;
INSERT INTO zones (zone_id, region_name, county_name, sector_no, locality_name, zone_name, zone_slug, zone_type, parent_label, parent_zone_id, is_official, is_commercial, canonical_normalized_name) VALUES ('ilfov::stefanestii-de-jos::stefanestii-de-jos-central', 'Bucuresti-Ilfov', 'Ilfov', NULL, 'Stefanestii de Jos', 'Stefanestii de Jos Central', 'stefanestii-de-jos-central', 'subzone', 'Stefanestii de Jos', NULL, FALSE, TRUE, 'stefanestii de jos central');
INSERT INTO zone_aliases (zone_id, alias, alias_normalized, alias_kind, confidence_weight) VALUES ('ilfov::stefanestii-de-jos::stefanestii-de-jos-central', 'Stefanestii de Jos Central', 'stefanestii de jos central', 'alias', 1.0000), ('ilfov::stefanestii-de-jos::stefanestii-de-jos-central', 'stefanestii de jos central', 'stefanestii de jos central', 'slug_variant', 0.9800);
INSERT INTO zone_aliases (zone_id, alias, alias_normalized, alias_kind, confidence_weight) VALUES ('ilfov::stefanestii-de-jos::stefanestii-de-jos-central', 'Stefanestii de Jos', 'stefanestii de jos', 'alias', 0.9700);
INSERT INTO zone_aliases (zone_id, alias, alias_normalized, alias_kind, confidence_weight) VALUES ('ilfov::stefanestii-de-jos::stefanestii-de-jos-central', 'Centru', 'centru', 'microzone', 0.9300);
INSERT INTO zone_aliases (zone_id, alias, alias_normalized, alias_kind, confidence_weight) VALUES ('ilfov::stefanestii-de-jos::stefanestii-de-jos-central', 'Stefanestii-Cosmopolis', 'stefanestii cosmopolis', 'cluster_label', 0.8800);
INSERT INTO zone_macro_areas (zone_id, macro_area_code) VALUES ('ilfov::stefanestii-de-jos::stefanestii-de-jos-central', 'ILFOV_EST');
INSERT INTO zone_macro_areas (zone_id, macro_area_code) VALUES ('ilfov::stefanestii-de-jos::stefanestii-de-jos-central', 'ILFOV_NORD');
INSERT INTO zone_adjacency (source_zone_id, target_zone_id, relation_type, relation_weight) VALUES ('ilfov::stefanestii-de-jos::stefanestii-de-jos-central', 'ilfov::voluntari::pipera-voluntari', 'adjacent', 1.0000) ON CONFLICT DO NOTHING;
INSERT INTO zone_adjacency (source_zone_id, target_zone_id, relation_type, relation_weight) VALUES ('ilfov::stefanestii-de-jos::stefanestii-de-jos-central', 'ilfov::tunari::tunari', 'adjacent', 1.0000) ON CONFLICT DO NOTHING;
INSERT INTO zone_adjacency (source_zone_id, target_zone_id, relation_type, relation_weight) VALUES ('ilfov::stefanestii-de-jos::stefanestii-de-jos-central', 'ilfov::afumati::afumati', 'adjacent', 1.0000) ON CONFLICT DO NOTHING;
INSERT INTO zone_adjacency (source_zone_id, target_zone_id, relation_type, relation_weight) VALUES ('ilfov::stefanestii-de-jos::stefanestii-de-jos-central', 'ilfov::moara-vlasiei::moara-vlasiei', 'adjacent', 1.0000) ON CONFLICT DO NOTHING;
INSERT INTO zone_clusters (cluster_id, cluster_name, cluster_slug, zone_id) VALUES ('cluster::stefanestii-cosmopolis', 'Stefanestii-Cosmopolis', 'stefanestii-cosmopolis', 'ilfov::stefanestii-de-jos::stefanestii-de-jos-central') ON CONFLICT DO NOTHING;
INSERT INTO zones (zone_id, region_name, county_name, sector_no, locality_name, zone_name, zone_slug, zone_type, parent_label, parent_zone_id, is_official, is_commercial, canonical_normalized_name) VALUES ('ilfov::stefanestii-de-jos::cosmopolis', 'Bucuresti-Ilfov', 'Ilfov', NULL, 'Stefanestii de Jos', 'Cosmopolis', 'cosmopolis', 'subzone', 'Stefanestii de Jos', NULL, FALSE, TRUE, 'cosmopolis');
INSERT INTO zone_aliases (zone_id, alias, alias_normalized, alias_kind, confidence_weight) VALUES ('ilfov::stefanestii-de-jos::cosmopolis', 'Cosmopolis', 'cosmopolis', 'alias', 1.0000), ('ilfov::stefanestii-de-jos::cosmopolis', 'cosmopolis', 'cosmopolis', 'slug_variant', 0.9800);
INSERT INTO zone_aliases (zone_id, alias, alias_normalized, alias_kind, confidence_weight) VALUES ('ilfov::stefanestii-de-jos::cosmopolis', 'Cosmopolis Stefanestii', 'cosmopolis stefanestii', 'alias', 0.9700);
INSERT INTO zone_aliases (zone_id, alias, alias_normalized, alias_kind, confidence_weight) VALUES ('ilfov::stefanestii-de-jos::cosmopolis', 'Access A3', 'access a3', 'microzone', 0.9300);
INSERT INTO zone_aliases (zone_id, alias, alias_normalized, alias_kind, confidence_weight) VALUES ('ilfov::stefanestii-de-jos::cosmopolis', 'Stefanestii-Cosmopolis', 'stefanestii cosmopolis', 'cluster_label', 0.8800);
INSERT INTO zone_macro_areas (zone_id, macro_area_code) VALUES ('ilfov::stefanestii-de-jos::cosmopolis', 'ILFOV_EST');
INSERT INTO zone_macro_areas (zone_id, macro_area_code) VALUES ('ilfov::stefanestii-de-jos::cosmopolis', 'ILFOV_NORD');
INSERT INTO zone_adjacency (source_zone_id, target_zone_id, relation_type, relation_weight) VALUES ('ilfov::stefanestii-de-jos::cosmopolis', 'ilfov::stefanestii-de-jos::stefanestii-de-jos-central', 'adjacent', 1.0000) ON CONFLICT DO NOTHING;
INSERT INTO zone_adjacency (source_zone_id, target_zone_id, relation_type, relation_weight) VALUES ('ilfov::stefanestii-de-jos::cosmopolis', 'ilfov::voluntari::pipera-voluntari', 'adjacent', 1.0000) ON CONFLICT DO NOTHING;
INSERT INTO zone_clusters (cluster_id, cluster_name, cluster_slug, zone_id) VALUES ('cluster::stefanestii-cosmopolis', 'Stefanestii-Cosmopolis', 'stefanestii-cosmopolis', 'ilfov::stefanestii-de-jos::cosmopolis') ON CONFLICT DO NOTHING;
INSERT INTO zones (zone_id, region_name, county_name, sector_no, locality_name, zone_name, zone_slug, zone_type, parent_label, parent_zone_id, is_official, is_commercial, canonical_normalized_name) VALUES ('ilfov::ganesa::ganesa-central', 'Bucuresti-Ilfov', 'Ilfov', NULL, 'Ganesa', 'Ganesa Central', 'ganesa-central', 'subzone', 'Ganesa', NULL, FALSE, TRUE, 'ganesa central');
INSERT INTO zone_aliases (zone_id, alias, alias_normalized, alias_kind, confidence_weight) VALUES ('ilfov::ganesa::ganesa-central', 'Ganesa Central', 'ganesa central', 'alias', 1.0000), ('ilfov::ganesa::ganesa-central', 'ganesa central', 'ganesa central', 'slug_variant', 0.9800);
INSERT INTO zone_aliases (zone_id, alias, alias_normalized, alias_kind, confidence_weight) VALUES ('ilfov::ganesa::ganesa-central', 'Ganesa', 'ganesa', 'alias', 0.9700);
INSERT INTO zone_aliases (zone_id, alias, alias_normalized, alias_kind, confidence_weight) VALUES ('ilfov::ganesa::ganesa-central', 'Moara Domneasca', 'moara domneasca', 'microzone', 0.9300);
INSERT INTO zone_aliases (zone_id, alias, alias_normalized, alias_kind, confidence_weight) VALUES ('ilfov::ganesa::ganesa-central', 'Ganesa-Moara Domneasca', 'ganesa moara domneasca', 'cluster_label', 0.8800);
INSERT INTO zone_macro_areas (zone_id, macro_area_code) VALUES ('ilfov::ganesa::ganesa-central', 'ILFOV_EST');
INSERT INTO zone_adjacency (source_zone_id, target_zone_id, relation_type, relation_weight) VALUES ('ilfov::ganesa::ganesa-central', 'ilfov::dobroesti::dobroesti', 'adjacent', 1.0000) ON CONFLICT DO NOTHING;
INSERT INTO zone_adjacency (source_zone_id, target_zone_id, relation_type, relation_weight) VALUES ('ilfov::ganesa::ganesa-central', 'ilfov::afumati::afumati', 'adjacent', 1.0000) ON CONFLICT DO NOTHING;
INSERT INTO zone_adjacency (source_zone_id, target_zone_id, relation_type, relation_weight) VALUES ('ilfov::ganesa::ganesa-central', 'ilfov::pantelimon::pantelimon-central', 'adjacent', 1.0000) ON CONFLICT DO NOTHING;
INSERT INTO zone_adjacency (source_zone_id, target_zone_id, relation_type, relation_weight) VALUES ('ilfov::ganesa::ganesa-central', 'ilfov::branesti::branesti', 'adjacent', 1.0000) ON CONFLICT DO NOTHING;
INSERT INTO zone_clusters (cluster_id, cluster_name, cluster_slug, zone_id) VALUES ('cluster::ganesa-moara-domneasca', 'Ganesa-Moara Domneasca', 'ganesa-moara-domneasca', 'ilfov::ganesa::ganesa-central') ON CONFLICT DO NOTHING;
INSERT INTO zones (zone_id, region_name, county_name, sector_no, locality_name, zone_name, zone_slug, zone_type, parent_label, parent_zone_id, is_official, is_commercial, canonical_normalized_name) VALUES ('ilfov::cernica::cernica-central', 'Bucuresti-Ilfov', 'Ilfov', NULL, 'Cernica', 'Cernica Central', 'cernica-central', 'subzone', 'Cernica', NULL, FALSE, TRUE, 'cernica central');
INSERT INTO zone_aliases (zone_id, alias, alias_normalized, alias_kind, confidence_weight) VALUES ('ilfov::cernica::cernica-central', 'Cernica Central', 'cernica central', 'alias', 1.0000), ('ilfov::cernica::cernica-central', 'cernica central', 'cernica central', 'slug_variant', 0.9800);
INSERT INTO zone_aliases (zone_id, alias, alias_normalized, alias_kind, confidence_weight) VALUES ('ilfov::cernica::cernica-central', 'Cernica', 'cernica', 'alias', 0.9700);
INSERT INTO zone_aliases (zone_id, alias, alias_normalized, alias_kind, confidence_weight) VALUES ('ilfov::cernica::cernica-central', 'Manastirea Cernica', 'manastirea cernica', 'microzone', 0.9300);
INSERT INTO zone_aliases (zone_id, alias, alias_normalized, alias_kind, confidence_weight) VALUES ('ilfov::cernica::cernica-central', 'Cernica-Lac', 'cernica lac', 'cluster_label', 0.8800);
INSERT INTO zone_macro_areas (zone_id, macro_area_code) VALUES ('ilfov::cernica::cernica-central', 'ILFOV_EST');
INSERT INTO zone_adjacency (source_zone_id, target_zone_id, relation_type, relation_weight) VALUES ('ilfov::cernica::cernica-central', 'ilfov::pantelimon::pantelimon-central', 'adjacent', 1.0000) ON CONFLICT DO NOTHING;
INSERT INTO zone_adjacency (source_zone_id, target_zone_id, relation_type, relation_weight) VALUES ('ilfov::cernica::cernica-central', 'ilfov::glina::glina', 'adjacent', 1.0000) ON CONFLICT DO NOTHING;
INSERT INTO zone_adjacency (source_zone_id, target_zone_id, relation_type, relation_weight) VALUES ('ilfov::cernica::cernica-central', 'ilfov::branesti::branesti', 'adjacent', 1.0000) ON CONFLICT DO NOTHING;
INSERT INTO zone_clusters (cluster_id, cluster_name, cluster_slug, zone_id) VALUES ('cluster::cernica-lac', 'Cernica-Lac', 'cernica-lac', 'ilfov::cernica::cernica-central') ON CONFLICT DO NOTHING;
INSERT INTO zones (zone_id, region_name, county_name, sector_no, locality_name, zone_name, zone_slug, zone_type, parent_label, parent_zone_id, is_official, is_commercial, canonical_normalized_name) VALUES ('ilfov::cernica::balaceanca', 'Bucuresti-Ilfov', 'Ilfov', NULL, 'Cernica', 'Balaceanca', 'balaceanca', 'subzone', 'Cernica', NULL, FALSE, TRUE, 'balaceanca');
INSERT INTO zone_aliases (zone_id, alias, alias_normalized, alias_kind, confidence_weight) VALUES ('ilfov::cernica::balaceanca', 'Balaceanca', 'balaceanca', 'alias', 1.0000), ('ilfov::cernica::balaceanca', 'balaceanca', 'balaceanca', 'slug_variant', 0.9800);
INSERT INTO zone_aliases (zone_id, alias, alias_normalized, alias_kind, confidence_weight) VALUES ('ilfov::cernica::balaceanca', 'Balaceanca Cernica', 'balaceanca cernica', 'alias', 0.9700);
INSERT INTO zone_aliases (zone_id, alias, alias_normalized, alias_kind, confidence_weight) VALUES ('ilfov::cernica::balaceanca', 'Centru', 'centru', 'microzone', 0.9300);
INSERT INTO zone_aliases (zone_id, alias, alias_normalized, alias_kind, confidence_weight) VALUES ('ilfov::cernica::balaceanca', 'Cernica-Lac', 'cernica lac', 'cluster_label', 0.8800);
INSERT INTO zone_macro_areas (zone_id, macro_area_code) VALUES ('ilfov::cernica::balaceanca', 'ILFOV_EST');
INSERT INTO zone_adjacency (source_zone_id, target_zone_id, relation_type, relation_weight) VALUES ('ilfov::cernica::balaceanca', 'ilfov::cernica::cernica-central', 'adjacent', 1.0000) ON CONFLICT DO NOTHING;
INSERT INTO zone_clusters (cluster_id, cluster_name, cluster_slug, zone_id) VALUES ('cluster::cernica-lac', 'Cernica-Lac', 'cernica-lac', 'ilfov::cernica::balaceanca') ON CONFLICT DO NOTHING;
INSERT INTO zones (zone_id, region_name, county_name, sector_no, locality_name, zone_name, zone_slug, zone_type, parent_label, parent_zone_id, is_official, is_commercial, canonical_normalized_name) VALUES ('ilfov::branesti::branesti-central', 'Bucuresti-Ilfov', 'Ilfov', NULL, 'Branesti', 'Branesti Central', 'branesti-central', 'subzone', 'Branesti', NULL, FALSE, TRUE, 'branesti central');
INSERT INTO zone_aliases (zone_id, alias, alias_normalized, alias_kind, confidence_weight) VALUES ('ilfov::branesti::branesti-central', 'Branesti Central', 'branesti central', 'alias', 1.0000), ('ilfov::branesti::branesti-central', 'branesti central', 'branesti central', 'slug_variant', 0.9800);
INSERT INTO zone_aliases (zone_id, alias, alias_normalized, alias_kind, confidence_weight) VALUES ('ilfov::branesti::branesti-central', 'Branesti', 'branesti', 'alias', 0.9700);
INSERT INTO zone_aliases (zone_id, alias, alias_normalized, alias_kind, confidence_weight) VALUES ('ilfov::branesti::branesti-central', 'Pasarea', 'pasarea', 'microzone', 0.9300);
INSERT INTO zone_aliases (zone_id, alias, alias_normalized, alias_kind, confidence_weight) VALUES ('ilfov::branesti::branesti-central', 'Branesti-Pasarea', 'branesti pasarea', 'cluster_label', 0.8800);
INSERT INTO zone_macro_areas (zone_id, macro_area_code) VALUES ('ilfov::branesti::branesti-central', 'ILFOV_EST');
INSERT INTO zone_adjacency (source_zone_id, target_zone_id, relation_type, relation_weight) VALUES ('ilfov::branesti::branesti-central', 'ilfov::cernica::cernica', 'adjacent', 1.0000) ON CONFLICT DO NOTHING;
INSERT INTO zone_adjacency (source_zone_id, target_zone_id, relation_type, relation_weight) VALUES ('ilfov::branesti::branesti-central', 'ilfov::ganesa::ganesa', 'adjacent', 1.0000) ON CONFLICT DO NOTHING;
INSERT INTO zone_clusters (cluster_id, cluster_name, cluster_slug, zone_id) VALUES ('cluster::branesti-pasarea', 'Branesti-Pasarea', 'branesti-pasarea', 'ilfov::branesti::branesti-central') ON CONFLICT DO NOTHING;
INSERT INTO zones (zone_id, region_name, county_name, sector_no, locality_name, zone_name, zone_slug, zone_type, parent_label, parent_zone_id, is_official, is_commercial, canonical_normalized_name) VALUES ('ilfov::branesti::pasarea', 'Bucuresti-Ilfov', 'Ilfov', NULL, 'Branesti', 'Pasarea', 'pasarea', 'subzone', 'Branesti', NULL, FALSE, TRUE, 'pasarea');
INSERT INTO zone_aliases (zone_id, alias, alias_normalized, alias_kind, confidence_weight) VALUES ('ilfov::branesti::pasarea', 'Pasarea', 'pasarea', 'alias', 1.0000), ('ilfov::branesti::pasarea', 'pasarea', 'pasarea', 'slug_variant', 0.9800);
INSERT INTO zone_aliases (zone_id, alias, alias_normalized, alias_kind, confidence_weight) VALUES ('ilfov::branesti::pasarea', 'Pasarea Branesti', 'pasarea branesti', 'alias', 0.9700);
INSERT INTO zone_aliases (zone_id, alias, alias_normalized, alias_kind, confidence_weight) VALUES ('ilfov::branesti::pasarea', 'Manastire', 'manastire', 'microzone', 0.9300);
INSERT INTO zone_aliases (zone_id, alias, alias_normalized, alias_kind, confidence_weight) VALUES ('ilfov::branesti::pasarea', 'Branesti-Pasarea', 'branesti pasarea', 'cluster_label', 0.8800);
INSERT INTO zone_macro_areas (zone_id, macro_area_code) VALUES ('ilfov::branesti::pasarea', 'ILFOV_EST');
INSERT INTO zone_adjacency (source_zone_id, target_zone_id, relation_type, relation_weight) VALUES ('ilfov::branesti::pasarea', 'ilfov::branesti::branesti-central', 'adjacent', 1.0000) ON CONFLICT DO NOTHING;
INSERT INTO zone_clusters (cluster_id, cluster_name, cluster_slug, zone_id) VALUES ('cluster::branesti-pasarea', 'Branesti-Pasarea', 'branesti-pasarea', 'ilfov::branesti::pasarea') ON CONFLICT DO NOTHING;
INSERT INTO zones (zone_id, region_name, county_name, sector_no, locality_name, zone_name, zone_slug, zone_type, parent_label, parent_zone_id, is_official, is_commercial, canonical_normalized_name) VALUES ('ilfov::petrachioaia::petrachioaia-central', 'Bucuresti-Ilfov', 'Ilfov', NULL, 'Petrachioaia', 'Petrachioaia Central', 'petrachioaia-central', 'subzone', 'Petrachioaia', NULL, FALSE, TRUE, 'petrachioaia central');
INSERT INTO zone_aliases (zone_id, alias, alias_normalized, alias_kind, confidence_weight) VALUES ('ilfov::petrachioaia::petrachioaia-central', 'Petrachioaia Central', 'petrachioaia central', 'alias', 1.0000), ('ilfov::petrachioaia::petrachioaia-central', 'petrachioaia central', 'petrachioaia central', 'slug_variant', 0.9800);
INSERT INTO zone_aliases (zone_id, alias, alias_normalized, alias_kind, confidence_weight) VALUES ('ilfov::petrachioaia::petrachioaia-central', 'Petrachioaia', 'petrachioaia', 'alias', 0.9700);
INSERT INTO zone_aliases (zone_id, alias, alias_normalized, alias_kind, confidence_weight) VALUES ('ilfov::petrachioaia::petrachioaia-central', 'Centru', 'centru', 'microzone', 0.9300);
INSERT INTO zone_aliases (zone_id, alias, alias_normalized, alias_kind, confidence_weight) VALUES ('ilfov::petrachioaia::petrachioaia-central', 'Petrachioaia-Est', 'petrachioaia est', 'cluster_label', 0.8800);
INSERT INTO zone_macro_areas (zone_id, macro_area_code) VALUES ('ilfov::petrachioaia::petrachioaia-central', 'ILFOV_EST');
INSERT INTO zone_adjacency (source_zone_id, target_zone_id, relation_type, relation_weight) VALUES ('ilfov::petrachioaia::petrachioaia-central', 'ilfov::afumati::afumati', 'adjacent', 1.0000) ON CONFLICT DO NOTHING;
INSERT INTO zone_adjacency (source_zone_id, target_zone_id, relation_type, relation_weight) VALUES ('ilfov::petrachioaia::petrachioaia-central', 'ilfov::ganesa::ganesa', 'adjacent', 1.0000) ON CONFLICT DO NOTHING;
INSERT INTO zone_adjacency (source_zone_id, target_zone_id, relation_type, relation_weight) VALUES ('ilfov::petrachioaia::petrachioaia-central', 'ilfov::branesti::branesti', 'adjacent', 1.0000) ON CONFLICT DO NOTHING;
INSERT INTO zone_adjacency (source_zone_id, target_zone_id, relation_type, relation_weight) VALUES ('ilfov::petrachioaia::petrachioaia-central', 'ilfov::dascalu::dascalu', 'adjacent', 1.0000) ON CONFLICT DO NOTHING;
INSERT INTO zone_clusters (cluster_id, cluster_name, cluster_slug, zone_id) VALUES ('cluster::petrachioaia-est', 'Petrachioaia-Est', 'petrachioaia-est', 'ilfov::petrachioaia::petrachioaia-central') ON CONFLICT DO NOTHING;
INSERT INTO zones (zone_id, region_name, county_name, sector_no, locality_name, zone_name, zone_slug, zone_type, parent_label, parent_zone_id, is_official, is_commercial, canonical_normalized_name) VALUES ('ilfov::dascalu::dascalu-central', 'Bucuresti-Ilfov', 'Ilfov', NULL, 'Dascalu', 'Dascalu Central', 'dascalu-central', 'subzone', 'Dascalu', NULL, FALSE, TRUE, 'dascalu central');
INSERT INTO zone_aliases (zone_id, alias, alias_normalized, alias_kind, confidence_weight) VALUES ('ilfov::dascalu::dascalu-central', 'Dascalu Central', 'dascalu central', 'alias', 1.0000), ('ilfov::dascalu::dascalu-central', 'dascalu central', 'dascalu central', 'slug_variant', 0.9800);
INSERT INTO zone_aliases (zone_id, alias, alias_normalized, alias_kind, confidence_weight) VALUES ('ilfov::dascalu::dascalu-central', 'Dascalu', 'dascalu', 'alias', 0.9700);
INSERT INTO zone_aliases (zone_id, alias, alias_normalized, alias_kind, confidence_weight) VALUES ('ilfov::dascalu::dascalu-central', 'Gagu', 'gagu', 'microzone', 0.9300);
INSERT INTO zone_aliases (zone_id, alias, alias_normalized, alias_kind, confidence_weight) VALUES ('ilfov::dascalu::dascalu-central', 'Dascalu-Gagu', 'dascalu gagu', 'cluster_label', 0.8800);
INSERT INTO zone_macro_areas (zone_id, macro_area_code) VALUES ('ilfov::dascalu::dascalu-central', 'ILFOV_EST');
INSERT INTO zone_macro_areas (zone_id, macro_area_code) VALUES ('ilfov::dascalu::dascalu-central', 'ILFOV_NORD');
INSERT INTO zone_adjacency (source_zone_id, target_zone_id, relation_type, relation_weight) VALUES ('ilfov::dascalu::dascalu-central', 'ilfov::stefanestii-de-jos::stefanestii-de-jos', 'adjacent', 1.0000) ON CONFLICT DO NOTHING;
INSERT INTO zone_adjacency (source_zone_id, target_zone_id, relation_type, relation_weight) VALUES ('ilfov::dascalu::dascalu-central', 'ilfov::afumati::afumati', 'adjacent', 1.0000) ON CONFLICT DO NOTHING;
INSERT INTO zone_adjacency (source_zone_id, target_zone_id, relation_type, relation_weight) VALUES ('ilfov::dascalu::dascalu-central', 'ilfov::moara-vlasiei::moara-vlasiei', 'adjacent', 1.0000) ON CONFLICT DO NOTHING;
INSERT INTO zone_adjacency (source_zone_id, target_zone_id, relation_type, relation_weight) VALUES ('ilfov::dascalu::dascalu-central', 'ilfov::petrachioaia::petrachioaia', 'adjacent', 1.0000) ON CONFLICT DO NOTHING;
INSERT INTO zone_clusters (cluster_id, cluster_name, cluster_slug, zone_id) VALUES ('cluster::dascalu-gagu', 'Dascalu-Gagu', 'dascalu-gagu', 'ilfov::dascalu::dascalu-central') ON CONFLICT DO NOTHING;
INSERT INTO zones (zone_id, region_name, county_name, sector_no, locality_name, zone_name, zone_slug, zone_type, parent_label, parent_zone_id, is_official, is_commercial, canonical_normalized_name) VALUES ('ilfov::gradistea::gradistea-central', 'Bucuresti-Ilfov', 'Ilfov', NULL, 'Gradistea', 'Gradistea Central', 'gradistea-central', 'subzone', 'Gradistea', NULL, FALSE, TRUE, 'gradistea central');
INSERT INTO zone_aliases (zone_id, alias, alias_normalized, alias_kind, confidence_weight) VALUES ('ilfov::gradistea::gradistea-central', 'Gradistea Central', 'gradistea central', 'alias', 1.0000), ('ilfov::gradistea::gradistea-central', 'gradistea central', 'gradistea central', 'slug_variant', 0.9800);
INSERT INTO zone_aliases (zone_id, alias, alias_normalized, alias_kind, confidence_weight) VALUES ('ilfov::gradistea::gradistea-central', 'Gradistea', 'gradistea', 'alias', 0.9700);
INSERT INTO zone_aliases (zone_id, alias, alias_normalized, alias_kind, confidence_weight) VALUES ('ilfov::gradistea::gradistea-central', 'Sitaru', 'sitaru', 'microzone', 0.9300);
INSERT INTO zone_aliases (zone_id, alias, alias_normalized, alias_kind, confidence_weight) VALUES ('ilfov::gradistea::gradistea-central', 'Gradistea-Sitaru', 'gradistea sitaru', 'cluster_label', 0.8800);
INSERT INTO zone_macro_areas (zone_id, macro_area_code) VALUES ('ilfov::gradistea::gradistea-central', 'ILFOV_EST');
INSERT INTO zone_adjacency (source_zone_id, target_zone_id, relation_type, relation_weight) VALUES ('ilfov::gradistea::gradistea-central', 'ilfov::nuci::nuci', 'adjacent', 1.0000) ON CONFLICT DO NOTHING;
INSERT INTO zone_adjacency (source_zone_id, target_zone_id, relation_type, relation_weight) VALUES ('ilfov::gradistea::gradistea-central', 'ilfov::dascalu::dascalu', 'adjacent', 1.0000) ON CONFLICT DO NOTHING;
INSERT INTO zone_clusters (cluster_id, cluster_name, cluster_slug, zone_id) VALUES ('cluster::gradistea-sitaru', 'Gradistea-Sitaru', 'gradistea-sitaru', 'ilfov::gradistea::gradistea-central') ON CONFLICT DO NOTHING;
INSERT INTO zones (zone_id, region_name, county_name, sector_no, locality_name, zone_name, zone_slug, zone_type, parent_label, parent_zone_id, is_official, is_commercial, canonical_normalized_name) VALUES ('ilfov::popesti-leordeni::popesti-central', 'Bucuresti-Ilfov', 'Ilfov', NULL, 'Popesti-Leordeni', 'Popesti Central', 'popesti-central', 'subzone', 'Popesti-Leordeni', NULL, FALSE, TRUE, 'popesti central');
INSERT INTO zone_aliases (zone_id, alias, alias_normalized, alias_kind, confidence_weight) VALUES ('ilfov::popesti-leordeni::popesti-central', 'Popesti Central', 'popesti central', 'alias', 1.0000), ('ilfov::popesti-leordeni::popesti-central', 'popesti central', 'popesti central', 'slug_variant', 0.9800);
INSERT INTO zone_aliases (zone_id, alias, alias_normalized, alias_kind, confidence_weight) VALUES ('ilfov::popesti-leordeni::popesti-central', 'Popesti', 'popesti', 'alias', 0.9700);
INSERT INTO zone_aliases (zone_id, alias, alias_normalized, alias_kind, confidence_weight) VALUES ('ilfov::popesti-leordeni::popesti-central', 'Leordeni', 'leordeni', 'alias', 0.9700);
INSERT INTO zone_aliases (zone_id, alias, alias_normalized, alias_kind, confidence_weight) VALUES ('ilfov::popesti-leordeni::popesti-central', 'Primarie', 'primarie', 'microzone', 0.9300);
INSERT INTO zone_aliases (zone_id, alias, alias_normalized, alias_kind, confidence_weight) VALUES ('ilfov::popesti-leordeni::popesti-central', 'Popesti-Dimitrie Leonida-Drumul Fermei', 'popesti dimitrie leonida drumul fermei', 'cluster_label', 0.8800);
INSERT INTO zone_macro_areas (zone_id, macro_area_code) VALUES ('ilfov::popesti-leordeni::popesti-central', 'ILFOV_SUD');
INSERT INTO zone_macro_areas (zone_id, macro_area_code) VALUES ('ilfov::popesti-leordeni::popesti-central', 'SUD_EST');
INSERT INTO zone_adjacency (source_zone_id, target_zone_id, relation_type, relation_weight) VALUES ('ilfov::popesti-leordeni::popesti-central', 'ilfov::popesti-leordeni::dimitrie-leonida', 'adjacent', 1.0000) ON CONFLICT DO NOTHING;
INSERT INTO zone_adjacency (source_zone_id, target_zone_id, relation_type, relation_weight) VALUES ('ilfov::popesti-leordeni::popesti-central', 'ilfov::berceni::berceni', 'adjacent', 1.0000) ON CONFLICT DO NOTHING;
INSERT INTO zone_adjacency (source_zone_id, target_zone_id, relation_type, relation_weight) VALUES ('ilfov::popesti-leordeni::popesti-central', 'ilfov::glina::glina', 'adjacent', 1.0000) ON CONFLICT DO NOTHING;
INSERT INTO zone_clusters (cluster_id, cluster_name, cluster_slug, zone_id) VALUES ('cluster::popesti-dimitrie-leonida-drumul-fermei', 'Popesti-Dimitrie Leonida-Drumul Fermei', 'popesti-dimitrie-leonida-drumul-fermei', 'ilfov::popesti-leordeni::popesti-central') ON CONFLICT DO NOTHING;
INSERT INTO zones (zone_id, region_name, county_name, sector_no, locality_name, zone_name, zone_slug, zone_type, parent_label, parent_zone_id, is_official, is_commercial, canonical_normalized_name) VALUES ('ilfov::popesti-leordeni::dimitrie-leonida', 'Bucuresti-Ilfov', 'Ilfov', NULL, 'Popesti-Leordeni', 'Dimitrie Leonida', 'dimitrie-leonida', 'subzone', 'Popesti-Leordeni', NULL, FALSE, TRUE, 'dimitrie leonida');
INSERT INTO zone_aliases (zone_id, alias, alias_normalized, alias_kind, confidence_weight) VALUES ('ilfov::popesti-leordeni::dimitrie-leonida', 'Dimitrie Leonida', 'dimitrie leonida', 'alias', 1.0000), ('ilfov::popesti-leordeni::dimitrie-leonida', 'dimitrie leonida', 'dimitrie leonida', 'slug_variant', 0.9800);
INSERT INTO zone_aliases (zone_id, alias, alias_normalized, alias_kind, confidence_weight) VALUES ('ilfov::popesti-leordeni::dimitrie-leonida', 'Leonida', 'leonida', 'alias', 0.9700);
INSERT INTO zone_aliases (zone_id, alias, alias_normalized, alias_kind, confidence_weight) VALUES ('ilfov::popesti-leordeni::dimitrie-leonida', 'Metro Dimitrie Leonida', 'metro dimitrie leonida', 'alias', 0.9700);
INSERT INTO zone_aliases (zone_id, alias, alias_normalized, alias_kind, confidence_weight) VALUES ('ilfov::popesti-leordeni::dimitrie-leonida', 'Metrou Leonida', 'metrou leonida', 'microzone', 0.9300);
INSERT INTO zone_aliases (zone_id, alias, alias_normalized, alias_kind, confidence_weight) VALUES ('ilfov::popesti-leordeni::dimitrie-leonida', 'Popesti-Dimitrie Leonida-Drumul Fermei', 'popesti dimitrie leonida drumul fermei', 'cluster_label', 0.8800);
INSERT INTO zone_macro_areas (zone_id, macro_area_code) VALUES ('ilfov::popesti-leordeni::dimitrie-leonida', 'ILFOV_SUD');
INSERT INTO zone_macro_areas (zone_id, macro_area_code) VALUES ('ilfov::popesti-leordeni::dimitrie-leonida', 'SUD_EST');
INSERT INTO zone_adjacency (source_zone_id, target_zone_id, relation_type, relation_weight) VALUES ('ilfov::popesti-leordeni::dimitrie-leonida', 'ilfov::popesti-leordeni::popesti-central', 'adjacent', 1.0000) ON CONFLICT DO NOTHING;
INSERT INTO zone_adjacency (source_zone_id, target_zone_id, relation_type, relation_weight) VALUES ('ilfov::popesti-leordeni::dimitrie-leonida', 'bucuresti::bucuresti::aparatorii-patriei', 'adjacent', 1.0000) ON CONFLICT DO NOTHING;
INSERT INTO zone_adjacency (source_zone_id, target_zone_id, relation_type, relation_weight) VALUES ('ilfov::popesti-leordeni::dimitrie-leonida', 'bucuresti::bucuresti::oltenitei', 'adjacent', 1.0000) ON CONFLICT DO NOTHING;
INSERT INTO zone_clusters (cluster_id, cluster_name, cluster_slug, zone_id) VALUES ('cluster::popesti-dimitrie-leonida-drumul-fermei', 'Popesti-Dimitrie Leonida-Drumul Fermei', 'popesti-dimitrie-leonida-drumul-fermei', 'ilfov::popesti-leordeni::dimitrie-leonida') ON CONFLICT DO NOTHING;
INSERT INTO zones (zone_id, region_name, county_name, sector_no, locality_name, zone_name, zone_slug, zone_type, parent_label, parent_zone_id, is_official, is_commercial, canonical_normalized_name) VALUES ('ilfov::popesti-leordeni::drumul-fermei', 'Bucuresti-Ilfov', 'Ilfov', NULL, 'Popesti-Leordeni', 'Drumul Fermei', 'drumul-fermei', 'subzone', 'Popesti-Leordeni', NULL, FALSE, TRUE, 'drumul fermei');
INSERT INTO zone_aliases (zone_id, alias, alias_normalized, alias_kind, confidence_weight) VALUES ('ilfov::popesti-leordeni::drumul-fermei', 'Drumul Fermei', 'drumul fermei', 'alias', 1.0000), ('ilfov::popesti-leordeni::drumul-fermei', 'drumul fermei', 'drumul fermei', 'slug_variant', 0.9800);
INSERT INTO zone_aliases (zone_id, alias, alias_normalized, alias_kind, confidence_weight) VALUES ('ilfov::popesti-leordeni::drumul-fermei', 'Drumul Fermei Popesti', 'drumul fermei popesti', 'alias', 0.9700);
INSERT INTO zone_aliases (zone_id, alias, alias_normalized, alias_kind, confidence_weight) VALUES ('ilfov::popesti-leordeni::drumul-fermei', 'Metrou Berceni prox', 'metrou berceni prox', 'microzone', 0.9300);
INSERT INTO zone_aliases (zone_id, alias, alias_normalized, alias_kind, confidence_weight) VALUES ('ilfov::popesti-leordeni::drumul-fermei', 'Popesti-Dimitrie Leonida-Drumul Fermei', 'popesti dimitrie leonida drumul fermei', 'cluster_label', 0.8800);
INSERT INTO zone_macro_areas (zone_id, macro_area_code) VALUES ('ilfov::popesti-leordeni::drumul-fermei', 'ILFOV_SUD');
INSERT INTO zone_adjacency (source_zone_id, target_zone_id, relation_type, relation_weight) VALUES ('ilfov::popesti-leordeni::drumul-fermei', 'ilfov::popesti-leordeni::popesti-central', 'adjacent', 1.0000) ON CONFLICT DO NOTHING;
INSERT INTO zone_adjacency (source_zone_id, target_zone_id, relation_type, relation_weight) VALUES ('ilfov::popesti-leordeni::drumul-fermei', 'ilfov::popesti-leordeni::biruintei', 'adjacent', 1.0000) ON CONFLICT DO NOTHING;
INSERT INTO zone_clusters (cluster_id, cluster_name, cluster_slug, zone_id) VALUES ('cluster::popesti-dimitrie-leonida-drumul-fermei', 'Popesti-Dimitrie Leonida-Drumul Fermei', 'popesti-dimitrie-leonida-drumul-fermei', 'ilfov::popesti-leordeni::drumul-fermei') ON CONFLICT DO NOTHING;
INSERT INTO zones (zone_id, region_name, county_name, sector_no, locality_name, zone_name, zone_slug, zone_type, parent_label, parent_zone_id, is_official, is_commercial, canonical_normalized_name) VALUES ('ilfov::popesti-leordeni::biruintei', 'Bucuresti-Ilfov', 'Ilfov', NULL, 'Popesti-Leordeni', 'Biruintei', 'biruintei', 'subzone', 'Popesti-Leordeni', NULL, FALSE, TRUE, 'biruintei');
INSERT INTO zone_aliases (zone_id, alias, alias_normalized, alias_kind, confidence_weight) VALUES ('ilfov::popesti-leordeni::biruintei', 'Biruintei', 'biruintei', 'alias', 1.0000), ('ilfov::popesti-leordeni::biruintei', 'biruintei', 'biruintei', 'slug_variant', 0.9800);
INSERT INTO zone_aliases (zone_id, alias, alias_normalized, alias_kind, confidence_weight) VALUES ('ilfov::popesti-leordeni::biruintei', 'Biruintei Popesti', 'biruintei popesti', 'alias', 0.9700);
INSERT INTO zone_aliases (zone_id, alias, alias_normalized, alias_kind, confidence_weight) VALUES ('ilfov::popesti-leordeni::biruintei', 'Centru', 'centru', 'microzone', 0.9300);
INSERT INTO zone_aliases (zone_id, alias, alias_normalized, alias_kind, confidence_weight) VALUES ('ilfov::popesti-leordeni::biruintei', 'Popesti-Dimitrie Leonida-Drumul Fermei', 'popesti dimitrie leonida drumul fermei', 'cluster_label', 0.8800);
INSERT INTO zone_macro_areas (zone_id, macro_area_code) VALUES ('ilfov::popesti-leordeni::biruintei', 'ILFOV_SUD');
INSERT INTO zone_adjacency (source_zone_id, target_zone_id, relation_type, relation_weight) VALUES ('ilfov::popesti-leordeni::biruintei', 'ilfov::popesti-leordeni::drumul-fermei', 'adjacent', 1.0000) ON CONFLICT DO NOTHING;
INSERT INTO zone_clusters (cluster_id, cluster_name, cluster_slug, zone_id) VALUES ('cluster::popesti-dimitrie-leonida-drumul-fermei', 'Popesti-Dimitrie Leonida-Drumul Fermei', 'popesti-dimitrie-leonida-drumul-fermei', 'ilfov::popesti-leordeni::biruintei') ON CONFLICT DO NOTHING;
INSERT INTO zones (zone_id, region_name, county_name, sector_no, locality_name, zone_name, zone_slug, zone_type, parent_label, parent_zone_id, is_official, is_commercial, canonical_normalized_name) VALUES ('ilfov::berceni::berceni-ilfov-central', 'Bucuresti-Ilfov', 'Ilfov', NULL, 'Berceni', 'Berceni Ilfov Central', 'berceni-ilfov-central', 'subzone', 'Berceni', NULL, FALSE, TRUE, 'berceni ilfov central');
INSERT INTO zone_aliases (zone_id, alias, alias_normalized, alias_kind, confidence_weight) VALUES ('ilfov::berceni::berceni-ilfov-central', 'Berceni Ilfov Central', 'berceni ilfov central', 'alias', 1.0000), ('ilfov::berceni::berceni-ilfov-central', 'berceni ilfov central', 'berceni ilfov central', 'slug_variant', 0.9800);
INSERT INTO zone_aliases (zone_id, alias, alias_normalized, alias_kind, confidence_weight) VALUES ('ilfov::berceni::berceni-ilfov-central', 'Berceni Ilfov', 'berceni ilfov', 'alias', 0.9700);
INSERT INTO zone_aliases (zone_id, alias, alias_normalized, alias_kind, confidence_weight) VALUES ('ilfov::berceni::berceni-ilfov-central', 'DJ401', 'dj401', 'microzone', 0.9300);
INSERT INTO zone_aliases (zone_id, alias, alias_normalized, alias_kind, confidence_weight) VALUES ('ilfov::berceni::berceni-ilfov-central', 'Berceni-IF-Vidra', 'berceni if vidra', 'cluster_label', 0.8800);
INSERT INTO zone_macro_areas (zone_id, macro_area_code) VALUES ('ilfov::berceni::berceni-ilfov-central', 'ILFOV_SUD');
INSERT INTO zone_adjacency (source_zone_id, target_zone_id, relation_type, relation_weight) VALUES ('ilfov::berceni::berceni-ilfov-central', 'ilfov::popesti-leordeni::popesti-central', 'adjacent', 1.0000) ON CONFLICT DO NOTHING;
INSERT INTO zone_adjacency (source_zone_id, target_zone_id, relation_type, relation_weight) VALUES ('ilfov::berceni::berceni-ilfov-central', 'ilfov::vidra::vidra', 'adjacent', 1.0000) ON CONFLICT DO NOTHING;
INSERT INTO zone_adjacency (source_zone_id, target_zone_id, relation_type, relation_weight) VALUES ('ilfov::berceni::berceni-ilfov-central', 'ilfov::copaceni::copaceni', 'adjacent', 1.0000) ON CONFLICT DO NOTHING;
INSERT INTO zone_clusters (cluster_id, cluster_name, cluster_slug, zone_id) VALUES ('cluster::berceni-if-vidra', 'Berceni-IF-Vidra', 'berceni-if-vidra', 'ilfov::berceni::berceni-ilfov-central') ON CONFLICT DO NOTHING;
INSERT INTO zones (zone_id, region_name, county_name, sector_no, locality_name, zone_name, zone_slug, zone_type, parent_label, parent_zone_id, is_official, is_commercial, canonical_normalized_name) VALUES ('ilfov::vidra::vidra-central', 'Bucuresti-Ilfov', 'Ilfov', NULL, 'Vidra', 'Vidra Central', 'vidra-central', 'subzone', 'Vidra', NULL, FALSE, TRUE, 'vidra central');
INSERT INTO zone_aliases (zone_id, alias, alias_normalized, alias_kind, confidence_weight) VALUES ('ilfov::vidra::vidra-central', 'Vidra Central', 'vidra central', 'alias', 1.0000), ('ilfov::vidra::vidra-central', 'vidra central', 'vidra central', 'slug_variant', 0.9800);
INSERT INTO zone_aliases (zone_id, alias, alias_normalized, alias_kind, confidence_weight) VALUES ('ilfov::vidra::vidra-central', 'Vidra', 'vidra', 'alias', 0.9700);
INSERT INTO zone_aliases (zone_id, alias, alias_normalized, alias_kind, confidence_weight) VALUES ('ilfov::vidra::vidra-central', 'Centru', 'centru', 'microzone', 0.9300);
INSERT INTO zone_aliases (zone_id, alias, alias_normalized, alias_kind, confidence_weight) VALUES ('ilfov::vidra::vidra-central', 'Vidra-Sintesti', 'vidra sintesti', 'cluster_label', 0.8800);
INSERT INTO zone_macro_areas (zone_id, macro_area_code) VALUES ('ilfov::vidra::vidra-central', 'ILFOV_SUD');
INSERT INTO zone_adjacency (source_zone_id, target_zone_id, relation_type, relation_weight) VALUES ('ilfov::vidra::vidra-central', 'ilfov::berceni::berceni-ilfov-central', 'adjacent', 1.0000) ON CONFLICT DO NOTHING;
INSERT INTO zone_adjacency (source_zone_id, target_zone_id, relation_type, relation_weight) VALUES ('ilfov::vidra::vidra-central', 'ilfov::copaceni::copaceni', 'adjacent', 1.0000) ON CONFLICT DO NOTHING;
INSERT INTO zone_adjacency (source_zone_id, target_zone_id, relation_type, relation_weight) VALUES ('ilfov::vidra::vidra-central', 'ilfov::1-decembrie::1-decembrie', 'adjacent', 1.0000) ON CONFLICT DO NOTHING;
INSERT INTO zone_adjacency (source_zone_id, target_zone_id, relation_type, relation_weight) VALUES ('ilfov::vidra::vidra-central', 'ilfov::jilava::jilava', 'adjacent', 1.0000) ON CONFLICT DO NOTHING;
INSERT INTO zone_adjacency (source_zone_id, target_zone_id, relation_type, relation_weight) VALUES ('ilfov::vidra::vidra-central', 'ilfov::glina::glina', 'adjacent', 1.0000) ON CONFLICT DO NOTHING;
INSERT INTO zone_clusters (cluster_id, cluster_name, cluster_slug, zone_id) VALUES ('cluster::vidra-sintesti', 'Vidra-Sintesti', 'vidra-sintesti', 'ilfov::vidra::vidra-central') ON CONFLICT DO NOTHING;
INSERT INTO zones (zone_id, region_name, county_name, sector_no, locality_name, zone_name, zone_slug, zone_type, parent_label, parent_zone_id, is_official, is_commercial, canonical_normalized_name) VALUES ('ilfov::vidra::sintesti', 'Bucuresti-Ilfov', 'Ilfov', NULL, 'Vidra', 'Sintesti', 'sintesti', 'subzone', 'Vidra', NULL, FALSE, TRUE, 'sintesti');
INSERT INTO zone_aliases (zone_id, alias, alias_normalized, alias_kind, confidence_weight) VALUES ('ilfov::vidra::sintesti', 'Sintesti', 'sintesti', 'alias', 1.0000), ('ilfov::vidra::sintesti', 'sintesti', 'sintesti', 'slug_variant', 0.9800);
INSERT INTO zone_aliases (zone_id, alias, alias_normalized, alias_kind, confidence_weight) VALUES ('ilfov::vidra::sintesti', 'Sintesti Vidra', 'sintesti vidra', 'alias', 0.9700);
INSERT INTO zone_aliases (zone_id, alias, alias_normalized, alias_kind, confidence_weight) VALUES ('ilfov::vidra::sintesti', 'Centru', 'centru', 'microzone', 0.9300);
INSERT INTO zone_aliases (zone_id, alias, alias_normalized, alias_kind, confidence_weight) VALUES ('ilfov::vidra::sintesti', 'Vidra-Sintesti', 'vidra sintesti', 'cluster_label', 0.8800);
INSERT INTO zone_macro_areas (zone_id, macro_area_code) VALUES ('ilfov::vidra::sintesti', 'ILFOV_SUD');
INSERT INTO zone_adjacency (source_zone_id, target_zone_id, relation_type, relation_weight) VALUES ('ilfov::vidra::sintesti', 'ilfov::vidra::vidra-central', 'adjacent', 1.0000) ON CONFLICT DO NOTHING;
INSERT INTO zone_clusters (cluster_id, cluster_name, cluster_slug, zone_id) VALUES ('cluster::vidra-sintesti', 'Vidra-Sintesti', 'vidra-sintesti', 'ilfov::vidra::sintesti') ON CONFLICT DO NOTHING;
INSERT INTO zones (zone_id, region_name, county_name, sector_no, locality_name, zone_name, zone_slug, zone_type, parent_label, parent_zone_id, is_official, is_commercial, canonical_normalized_name) VALUES ('ilfov::glina::glina-central', 'Bucuresti-Ilfov', 'Ilfov', NULL, 'Glina', 'Glina Central', 'glina-central', 'subzone', 'Glina', NULL, FALSE, TRUE, 'glina central');
INSERT INTO zone_aliases (zone_id, alias, alias_normalized, alias_kind, confidence_weight) VALUES ('ilfov::glina::glina-central', 'Glina Central', 'glina central', 'alias', 1.0000), ('ilfov::glina::glina-central', 'glina central', 'glina central', 'slug_variant', 0.9800);
INSERT INTO zone_aliases (zone_id, alias, alias_normalized, alias_kind, confidence_weight) VALUES ('ilfov::glina::glina-central', 'Glina', 'glina', 'alias', 0.9700);
INSERT INTO zone_aliases (zone_id, alias, alias_normalized, alias_kind, confidence_weight) VALUES ('ilfov::glina::glina-central', 'Centru', 'centru', 'microzone', 0.9300);
INSERT INTO zone_aliases (zone_id, alias, alias_normalized, alias_kind, confidence_weight) VALUES ('ilfov::glina::glina-central', 'Glina-Catelu', 'glina catelu', 'cluster_label', 0.8800);
INSERT INTO zone_macro_areas (zone_id, macro_area_code) VALUES ('ilfov::glina::glina-central', 'ILFOV_SUD');
INSERT INTO zone_macro_areas (zone_id, macro_area_code) VALUES ('ilfov::glina::glina-central', 'ILFOV_EST');
INSERT INTO zone_adjacency (source_zone_id, target_zone_id, relation_type, relation_weight) VALUES ('ilfov::glina::glina-central', 'ilfov::popesti-leordeni::popesti-central', 'adjacent', 1.0000) ON CONFLICT DO NOTHING;
INSERT INTO zone_adjacency (source_zone_id, target_zone_id, relation_type, relation_weight) VALUES ('ilfov::glina::glina-central', 'ilfov::cernica::cernica', 'adjacent', 1.0000) ON CONFLICT DO NOTHING;
INSERT INTO zone_adjacency (source_zone_id, target_zone_id, relation_type, relation_weight) VALUES ('ilfov::glina::glina-central', 'ilfov::1-decembrie::1-decembrie', 'adjacent', 1.0000) ON CONFLICT DO NOTHING;
INSERT INTO zone_clusters (cluster_id, cluster_name, cluster_slug, zone_id) VALUES ('cluster::glina-catelu', 'Glina-Catelu', 'glina-catelu', 'ilfov::glina::glina-central') ON CONFLICT DO NOTHING;
INSERT INTO zones (zone_id, region_name, county_name, sector_no, locality_name, zone_name, zone_slug, zone_type, parent_label, parent_zone_id, is_official, is_commercial, canonical_normalized_name) VALUES ('ilfov::glina::catelu', 'Bucuresti-Ilfov', 'Ilfov', NULL, 'Glina', 'Catelu', 'catelu', 'subzone', 'Glina', NULL, FALSE, TRUE, 'catelu');
INSERT INTO zone_aliases (zone_id, alias, alias_normalized, alias_kind, confidence_weight) VALUES ('ilfov::glina::catelu', 'Catelu', 'catelu', 'alias', 1.0000), ('ilfov::glina::catelu', 'catelu', 'catelu', 'slug_variant', 0.9800);
INSERT INTO zone_aliases (zone_id, alias, alias_normalized, alias_kind, confidence_weight) VALUES ('ilfov::glina::catelu', 'Catelu Glina', 'catelu glina', 'alias', 0.9700);
INSERT INTO zone_aliases (zone_id, alias, alias_normalized, alias_kind, confidence_weight) VALUES ('ilfov::glina::catelu', 'Centura', 'centura', 'microzone', 0.9300);
INSERT INTO zone_aliases (zone_id, alias, alias_normalized, alias_kind, confidence_weight) VALUES ('ilfov::glina::catelu', 'Glina-Catelu', 'glina catelu', 'cluster_label', 0.8800);
INSERT INTO zone_macro_areas (zone_id, macro_area_code) VALUES ('ilfov::glina::catelu', 'ILFOV_SUD');
INSERT INTO zone_adjacency (source_zone_id, target_zone_id, relation_type, relation_weight) VALUES ('ilfov::glina::catelu', 'ilfov::glina::glina-central', 'adjacent', 1.0000) ON CONFLICT DO NOTHING;
INSERT INTO zone_clusters (cluster_id, cluster_name, cluster_slug, zone_id) VALUES ('cluster::glina-catelu', 'Glina-Catelu', 'glina-catelu', 'ilfov::glina::catelu') ON CONFLICT DO NOTHING;
INSERT INTO zones (zone_id, region_name, county_name, sector_no, locality_name, zone_name, zone_slug, zone_type, parent_label, parent_zone_id, is_official, is_commercial, canonical_normalized_name) VALUES ('ilfov::jilava::jilava-central', 'Bucuresti-Ilfov', 'Ilfov', NULL, 'Jilava', 'Jilava Central', 'jilava-central', 'subzone', 'Jilava', NULL, FALSE, TRUE, 'jilava central');
INSERT INTO zone_aliases (zone_id, alias, alias_normalized, alias_kind, confidence_weight) VALUES ('ilfov::jilava::jilava-central', 'Jilava Central', 'jilava central', 'alias', 1.0000), ('ilfov::jilava::jilava-central', 'jilava central', 'jilava central', 'slug_variant', 0.9800);
INSERT INTO zone_aliases (zone_id, alias, alias_normalized, alias_kind, confidence_weight) VALUES ('ilfov::jilava::jilava-central', 'Jilava', 'jilava', 'alias', 0.9700);
INSERT INTO zone_aliases (zone_id, alias, alias_normalized, alias_kind, confidence_weight) VALUES ('ilfov::jilava::jilava-central', 'Fortul 13', 'fortul 13', 'microzone', 0.9300);
INSERT INTO zone_aliases (zone_id, alias, alias_normalized, alias_kind, confidence_weight) VALUES ('ilfov::jilava::jilava-central', 'Jilava-DN5', 'jilava dn5', 'cluster_label', 0.8800);
INSERT INTO zone_macro_areas (zone_id, macro_area_code) VALUES ('ilfov::jilava::jilava-central', 'ILFOV_SUD');
INSERT INTO zone_adjacency (source_zone_id, target_zone_id, relation_type, relation_weight) VALUES ('ilfov::jilava::jilava-central', 'bucuresti::bucuresti::giurgiului', 'adjacent', 1.0000) ON CONFLICT DO NOTHING;
INSERT INTO zone_adjacency (source_zone_id, target_zone_id, relation_type, relation_weight) VALUES ('ilfov::jilava::jilava-central', 'ilfov::1-decembrie::1-decembrie', 'adjacent', 1.0000) ON CONFLICT DO NOTHING;
INSERT INTO zone_adjacency (source_zone_id, target_zone_id, relation_type, relation_weight) VALUES ('ilfov::jilava::jilava-central', 'ilfov::vidra::vidra', 'adjacent', 1.0000) ON CONFLICT DO NOTHING;
INSERT INTO zone_adjacency (source_zone_id, target_zone_id, relation_type, relation_weight) VALUES ('ilfov::jilava::jilava-central', 'ilfov::magurele::magurele', 'adjacent', 1.0000) ON CONFLICT DO NOTHING;
INSERT INTO zone_clusters (cluster_id, cluster_name, cluster_slug, zone_id) VALUES ('cluster::jilava-dn5', 'Jilava-DN5', 'jilava-dn5', 'ilfov::jilava::jilava-central') ON CONFLICT DO NOTHING;
INSERT INTO zones (zone_id, region_name, county_name, sector_no, locality_name, zone_name, zone_slug, zone_type, parent_label, parent_zone_id, is_official, is_commercial, canonical_normalized_name) VALUES ('ilfov::1-decembrie::1-decembrie-central', 'Bucuresti-Ilfov', 'Ilfov', NULL, '1 Decembrie', '1 Decembrie Central', '1-decembrie-central', 'subzone', '1 Decembrie', NULL, FALSE, TRUE, '1 decembrie central');
INSERT INTO zone_aliases (zone_id, alias, alias_normalized, alias_kind, confidence_weight) VALUES ('ilfov::1-decembrie::1-decembrie-central', '1 Decembrie Central', '1 decembrie central', 'alias', 1.0000), ('ilfov::1-decembrie::1-decembrie-central', '1 decembrie central', '1 decembrie central', 'slug_variant', 0.9800);
INSERT INTO zone_aliases (zone_id, alias, alias_normalized, alias_kind, confidence_weight) VALUES ('ilfov::1-decembrie::1-decembrie-central', '1 Decembrie Ilfov', '1 decembrie ilfov', 'alias', 0.9700);
INSERT INTO zone_aliases (zone_id, alias, alias_normalized, alias_kind, confidence_weight) VALUES ('ilfov::1-decembrie::1-decembrie-central', 'DN5', 'dn5', 'microzone', 0.9300);
INSERT INTO zone_aliases (zone_id, alias, alias_normalized, alias_kind, confidence_weight) VALUES ('ilfov::1-decembrie::1-decembrie-central', '1 Decembrie-DN5', '1 decembrie dn5', 'cluster_label', 0.8800);
INSERT INTO zone_macro_areas (zone_id, macro_area_code) VALUES ('ilfov::1-decembrie::1-decembrie-central', 'ILFOV_SUD');
INSERT INTO zone_adjacency (source_zone_id, target_zone_id, relation_type, relation_weight) VALUES ('ilfov::1-decembrie::1-decembrie-central', 'ilfov::jilava::jilava', 'adjacent', 1.0000) ON CONFLICT DO NOTHING;
INSERT INTO zone_adjacency (source_zone_id, target_zone_id, relation_type, relation_weight) VALUES ('ilfov::1-decembrie::1-decembrie-central', 'ilfov::vidra::vidra', 'adjacent', 1.0000) ON CONFLICT DO NOTHING;
INSERT INTO zone_adjacency (source_zone_id, target_zone_id, relation_type, relation_weight) VALUES ('ilfov::1-decembrie::1-decembrie-central', 'ilfov::copaceni::copaceni', 'adjacent', 1.0000) ON CONFLICT DO NOTHING;
INSERT INTO zone_adjacency (source_zone_id, target_zone_id, relation_type, relation_weight) VALUES ('ilfov::1-decembrie::1-decembrie-central', 'ilfov::glina::glina', 'adjacent', 1.0000) ON CONFLICT DO NOTHING;
INSERT INTO zone_clusters (cluster_id, cluster_name, cluster_slug, zone_id) VALUES ('cluster::1-decembrie-dn5', '1 Decembrie-DN5', '1-decembrie-dn5', 'ilfov::1-decembrie::1-decembrie-central') ON CONFLICT DO NOTHING;
INSERT INTO zones (zone_id, region_name, county_name, sector_no, locality_name, zone_name, zone_slug, zone_type, parent_label, parent_zone_id, is_official, is_commercial, canonical_normalized_name) VALUES ('ilfov::copaceni::copaceni-central', 'Bucuresti-Ilfov', 'Ilfov', NULL, 'Copaceni', 'Copaceni Central', 'copaceni-central', 'subzone', 'Copaceni', NULL, FALSE, TRUE, 'copaceni central');
INSERT INTO zone_aliases (zone_id, alias, alias_normalized, alias_kind, confidence_weight) VALUES ('ilfov::copaceni::copaceni-central', 'Copaceni Central', 'copaceni central', 'alias', 1.0000), ('ilfov::copaceni::copaceni-central', 'copaceni central', 'copaceni central', 'slug_variant', 0.9800);
INSERT INTO zone_aliases (zone_id, alias, alias_normalized, alias_kind, confidence_weight) VALUES ('ilfov::copaceni::copaceni-central', 'Copaceni', 'copaceni', 'alias', 0.9700);
INSERT INTO zone_aliases (zone_id, alias, alias_normalized, alias_kind, confidence_weight) VALUES ('ilfov::copaceni::copaceni-central', 'Centru', 'centru', 'microzone', 0.9300);
INSERT INTO zone_aliases (zone_id, alias, alias_normalized, alias_kind, confidence_weight) VALUES ('ilfov::copaceni::copaceni-central', 'Copaceni-Sud', 'copaceni sud', 'cluster_label', 0.8800);
INSERT INTO zone_macro_areas (zone_id, macro_area_code) VALUES ('ilfov::copaceni::copaceni-central', 'ILFOV_SUD');
INSERT INTO zone_adjacency (source_zone_id, target_zone_id, relation_type, relation_weight) VALUES ('ilfov::copaceni::copaceni-central', 'ilfov::1-decembrie::1-decembrie-central', 'adjacent', 1.0000) ON CONFLICT DO NOTHING;
INSERT INTO zone_adjacency (source_zone_id, target_zone_id, relation_type, relation_weight) VALUES ('ilfov::copaceni::copaceni-central', 'ilfov::vidra::vidra-central', 'adjacent', 1.0000) ON CONFLICT DO NOTHING;
INSERT INTO zone_adjacency (source_zone_id, target_zone_id, relation_type, relation_weight) VALUES ('ilfov::copaceni::copaceni-central', 'ilfov::berceni::berceni-ilfov-central', 'adjacent', 1.0000) ON CONFLICT DO NOTHING;
INSERT INTO zone_clusters (cluster_id, cluster_name, cluster_slug, zone_id) VALUES ('cluster::copaceni-sud', 'Copaceni-Sud', 'copaceni-sud', 'ilfov::copaceni::copaceni-central') ON CONFLICT DO NOTHING;
INSERT INTO zones (zone_id, region_name, county_name, sector_no, locality_name, zone_name, zone_slug, zone_type, parent_label, parent_zone_id, is_official, is_commercial, canonical_normalized_name) VALUES ('ilfov::cornetu::cornetu-central', 'Bucuresti-Ilfov', 'Ilfov', NULL, 'Cornetu', 'Cornetu Central', 'cornetu-central', 'subzone', 'Cornetu', NULL, FALSE, TRUE, 'cornetu central');
INSERT INTO zone_aliases (zone_id, alias, alias_normalized, alias_kind, confidence_weight) VALUES ('ilfov::cornetu::cornetu-central', 'Cornetu Central', 'cornetu central', 'alias', 1.0000), ('ilfov::cornetu::cornetu-central', 'cornetu central', 'cornetu central', 'slug_variant', 0.9800);
INSERT INTO zone_aliases (zone_id, alias, alias_normalized, alias_kind, confidence_weight) VALUES ('ilfov::cornetu::cornetu-central', 'Cornetu', 'cornetu', 'alias', 0.9700);
INSERT INTO zone_aliases (zone_id, alias, alias_normalized, alias_kind, confidence_weight) VALUES ('ilfov::cornetu::cornetu-central', 'Centru', 'centru', 'microzone', 0.9300);
INSERT INTO zone_aliases (zone_id, alias, alias_normalized, alias_kind, confidence_weight) VALUES ('ilfov::cornetu::cornetu-central', 'Cornetu-Vest', 'cornetu vest', 'cluster_label', 0.8800);
INSERT INTO zone_macro_areas (zone_id, macro_area_code) VALUES ('ilfov::cornetu::cornetu-central', 'ILFOV_SUD');
INSERT INTO zone_adjacency (source_zone_id, target_zone_id, relation_type, relation_weight) VALUES ('ilfov::cornetu::cornetu-central', 'ilfov::magurele::magurele', 'adjacent', 1.0000) ON CONFLICT DO NOTHING;
INSERT INTO zone_adjacency (source_zone_id, target_zone_id, relation_type, relation_weight) VALUES ('ilfov::cornetu::cornetu-central', 'ilfov::bragadiru::bragadiru', 'adjacent', 1.0000) ON CONFLICT DO NOTHING;
INSERT INTO zone_adjacency (source_zone_id, target_zone_id, relation_type, relation_weight) VALUES ('ilfov::cornetu::cornetu-central', 'ilfov::darasti-ilfov::darasti-ilfov', 'adjacent', 1.0000) ON CONFLICT DO NOTHING;
INSERT INTO zone_adjacency (source_zone_id, target_zone_id, relation_type, relation_weight) VALUES ('ilfov::cornetu::cornetu-central', 'ilfov::domnesti::domnesti', 'adjacent', 1.0000) ON CONFLICT DO NOTHING;
INSERT INTO zone_clusters (cluster_id, cluster_name, cluster_slug, zone_id) VALUES ('cluster::cornetu-vest', 'Cornetu-Vest', 'cornetu-vest', 'ilfov::cornetu::cornetu-central') ON CONFLICT DO NOTHING;
INSERT INTO zones (zone_id, region_name, county_name, sector_no, locality_name, zone_name, zone_slug, zone_type, parent_label, parent_zone_id, is_official, is_commercial, canonical_normalized_name) VALUES ('ilfov::darasti-ilfov::darasti-ilfov-central', 'Bucuresti-Ilfov', 'Ilfov', NULL, 'Darasti-Ilfov', 'Darasti-Ilfov Central', 'darasti-ilfov-central', 'subzone', 'Darasti-Ilfov', NULL, FALSE, TRUE, 'darasti ilfov central');
INSERT INTO zone_aliases (zone_id, alias, alias_normalized, alias_kind, confidence_weight) VALUES ('ilfov::darasti-ilfov::darasti-ilfov-central', 'Darasti-Ilfov Central', 'darasti ilfov central', 'alias', 1.0000), ('ilfov::darasti-ilfov::darasti-ilfov-central', 'darasti ilfov central', 'darasti ilfov central', 'slug_variant', 0.9800);
INSERT INTO zone_aliases (zone_id, alias, alias_normalized, alias_kind, confidence_weight) VALUES ('ilfov::darasti-ilfov::darasti-ilfov-central', 'Darasti', 'darasti', 'alias', 0.9700);
INSERT INTO zone_aliases (zone_id, alias, alias_normalized, alias_kind, confidence_weight) VALUES ('ilfov::darasti-ilfov::darasti-ilfov-central', 'Centru', 'centru', 'microzone', 0.9300);
INSERT INTO zone_aliases (zone_id, alias, alias_normalized, alias_kind, confidence_weight) VALUES ('ilfov::darasti-ilfov::darasti-ilfov-central', 'Darasti-Sud', 'darasti sud', 'cluster_label', 0.8800);
INSERT INTO zone_macro_areas (zone_id, macro_area_code) VALUES ('ilfov::darasti-ilfov::darasti-ilfov-central', 'ILFOV_SUD');
INSERT INTO zone_adjacency (source_zone_id, target_zone_id, relation_type, relation_weight) VALUES ('ilfov::darasti-ilfov::darasti-ilfov-central', 'ilfov::cornetu::cornetu', 'adjacent', 1.0000) ON CONFLICT DO NOTHING;
INSERT INTO zone_adjacency (source_zone_id, target_zone_id, relation_type, relation_weight) VALUES ('ilfov::darasti-ilfov::darasti-ilfov-central', 'ilfov::1-decembrie::1-decembrie-central', 'adjacent', 1.0000) ON CONFLICT DO NOTHING;
INSERT INTO zone_adjacency (source_zone_id, target_zone_id, relation_type, relation_weight) VALUES ('ilfov::darasti-ilfov::darasti-ilfov-central', 'ilfov::copaceni::copaceni-central', 'adjacent', 1.0000) ON CONFLICT DO NOTHING;
INSERT INTO zone_clusters (cluster_id, cluster_name, cluster_slug, zone_id) VALUES ('cluster::darasti-sud', 'Darasti-Sud', 'darasti-sud', 'ilfov::darasti-ilfov::darasti-ilfov-central') ON CONFLICT DO NOTHING;
INSERT INTO zones (zone_id, region_name, county_name, sector_no, locality_name, zone_name, zone_slug, zone_type, parent_label, parent_zone_id, is_official, is_commercial, canonical_normalized_name) VALUES ('ilfov::chiajna::chiajna-central', 'Bucuresti-Ilfov', 'Ilfov', NULL, 'Chiajna', 'Chiajna Central', 'chiajna-central', 'subzone', 'Chiajna', NULL, FALSE, TRUE, 'chiajna central');
INSERT INTO zone_aliases (zone_id, alias, alias_normalized, alias_kind, confidence_weight) VALUES ('ilfov::chiajna::chiajna-central', 'Chiajna Central', 'chiajna central', 'alias', 1.0000), ('ilfov::chiajna::chiajna-central', 'chiajna central', 'chiajna central', 'slug_variant', 0.9800);
INSERT INTO zone_aliases (zone_id, alias, alias_normalized, alias_kind, confidence_weight) VALUES ('ilfov::chiajna::chiajna-central', 'Chiajna', 'chiajna', 'alias', 0.9700);
INSERT INTO zone_aliases (zone_id, alias, alias_normalized, alias_kind, confidence_weight) VALUES ('ilfov::chiajna::chiajna-central', 'Centru', 'centru', 'microzone', 0.9300);
INSERT INTO zone_aliases (zone_id, alias, alias_normalized, alias_kind, confidence_weight) VALUES ('ilfov::chiajna::chiajna-central', 'Chiajna-Rosu-Dudu-Militari Residence', 'chiajna rosu dudu militari residence', 'cluster_label', 0.8800);
INSERT INTO zone_macro_areas (zone_id, macro_area_code) VALUES ('ilfov::chiajna::chiajna-central', 'ILFOV_VEST');
INSERT INTO zone_macro_areas (zone_id, macro_area_code) VALUES ('ilfov::chiajna::chiajna-central', 'VEST');
INSERT INTO zone_adjacency (source_zone_id, target_zone_id, relation_type, relation_weight) VALUES ('ilfov::chiajna::chiajna-central', 'ilfov::chiajna::rosu', 'adjacent', 1.0000) ON CONFLICT DO NOTHING;
INSERT INTO zone_adjacency (source_zone_id, target_zone_id, relation_type, relation_weight) VALUES ('ilfov::chiajna::chiajna-central', 'ilfov::chiajna::dudu', 'adjacent', 1.0000) ON CONFLICT DO NOTHING;
INSERT INTO zone_adjacency (source_zone_id, target_zone_id, relation_type, relation_weight) VALUES ('ilfov::chiajna::chiajna-central', 'bucuresti::bucuresti::militari', 'adjacent', 1.0000) ON CONFLICT DO NOTHING;
INSERT INTO zone_adjacency (source_zone_id, target_zone_id, relation_type, relation_weight) VALUES ('ilfov::chiajna::chiajna-central', 'bucuresti::bucuresti::pacii', 'adjacent', 1.0000) ON CONFLICT DO NOTHING;
INSERT INTO zone_clusters (cluster_id, cluster_name, cluster_slug, zone_id) VALUES ('cluster::chiajna-rosu-dudu-militari-residence', 'Chiajna-Rosu-Dudu-Militari Residence', 'chiajna-rosu-dudu-militari-residence', 'ilfov::chiajna::chiajna-central') ON CONFLICT DO NOTHING;
INSERT INTO zones (zone_id, region_name, county_name, sector_no, locality_name, zone_name, zone_slug, zone_type, parent_label, parent_zone_id, is_official, is_commercial, canonical_normalized_name) VALUES ('ilfov::chiajna::rosu', 'Bucuresti-Ilfov', 'Ilfov', NULL, 'Chiajna', 'Rosu', 'rosu', 'subzone', 'Chiajna', NULL, FALSE, TRUE, 'rosu');
INSERT INTO zone_aliases (zone_id, alias, alias_normalized, alias_kind, confidence_weight) VALUES ('ilfov::chiajna::rosu', 'Rosu', 'rosu', 'alias', 1.0000), ('ilfov::chiajna::rosu', 'rosu', 'rosu', 'slug_variant', 0.9800);
INSERT INTO zone_aliases (zone_id, alias, alias_normalized, alias_kind, confidence_weight) VALUES ('ilfov::chiajna::rosu', 'Rosu Chiajna', 'rosu chiajna', 'alias', 0.9700);
INSERT INTO zone_aliases (zone_id, alias, alias_normalized, alias_kind, confidence_weight) VALUES ('ilfov::chiajna::rosu', 'Lacul Morii Vest', 'lacul morii vest', 'microzone', 0.9300);
INSERT INTO zone_aliases (zone_id, alias, alias_normalized, alias_kind, confidence_weight) VALUES ('ilfov::chiajna::rosu', 'Chiajna-Rosu-Dudu-Militari Residence', 'chiajna rosu dudu militari residence', 'cluster_label', 0.8800);
INSERT INTO zone_macro_areas (zone_id, macro_area_code) VALUES ('ilfov::chiajna::rosu', 'ILFOV_VEST');
INSERT INTO zone_macro_areas (zone_id, macro_area_code) VALUES ('ilfov::chiajna::rosu', 'VEST');
INSERT INTO zone_adjacency (source_zone_id, target_zone_id, relation_type, relation_weight) VALUES ('ilfov::chiajna::rosu', 'ilfov::chiajna::chiajna-central', 'adjacent', 1.0000) ON CONFLICT DO NOTHING;
INSERT INTO zone_adjacency (source_zone_id, target_zone_id, relation_type, relation_weight) VALUES ('ilfov::chiajna::rosu', 'ilfov::chiajna::dudu', 'adjacent', 1.0000) ON CONFLICT DO NOTHING;
INSERT INTO zone_adjacency (source_zone_id, target_zone_id, relation_type, relation_weight) VALUES ('ilfov::chiajna::rosu', 'bucuresti::bucuresti::militari', 'adjacent', 1.0000) ON CONFLICT DO NOTHING;
INSERT INTO zone_adjacency (source_zone_id, target_zone_id, relation_type, relation_weight) VALUES ('ilfov::chiajna::rosu', 'bucuresti::bucuresti::pacii', 'adjacent', 1.0000) ON CONFLICT DO NOTHING;
INSERT INTO zone_clusters (cluster_id, cluster_name, cluster_slug, zone_id) VALUES ('cluster::chiajna-rosu-dudu-militari-residence', 'Chiajna-Rosu-Dudu-Militari Residence', 'chiajna-rosu-dudu-militari-residence', 'ilfov::chiajna::rosu') ON CONFLICT DO NOTHING;
INSERT INTO zones (zone_id, region_name, county_name, sector_no, locality_name, zone_name, zone_slug, zone_type, parent_label, parent_zone_id, is_official, is_commercial, canonical_normalized_name) VALUES ('ilfov::chiajna::dudu', 'Bucuresti-Ilfov', 'Ilfov', NULL, 'Chiajna', 'Dudu', 'dudu', 'subzone', 'Chiajna', NULL, FALSE, TRUE, 'dudu');
INSERT INTO zone_aliases (zone_id, alias, alias_normalized, alias_kind, confidence_weight) VALUES ('ilfov::chiajna::dudu', 'Dudu', 'dudu', 'alias', 1.0000), ('ilfov::chiajna::dudu', 'dudu', 'dudu', 'slug_variant', 0.9800);
INSERT INTO zone_aliases (zone_id, alias, alias_normalized, alias_kind, confidence_weight) VALUES ('ilfov::chiajna::dudu', 'Dudu Chiajna', 'dudu chiajna', 'alias', 0.9700);
INSERT INTO zone_aliases (zone_id, alias, alias_normalized, alias_kind, confidence_weight) VALUES ('ilfov::chiajna::dudu', 'Centru', 'centru', 'microzone', 0.9300);
INSERT INTO zone_aliases (zone_id, alias, alias_normalized, alias_kind, confidence_weight) VALUES ('ilfov::chiajna::dudu', 'Chiajna-Rosu-Dudu-Militari Residence', 'chiajna rosu dudu militari residence', 'cluster_label', 0.8800);
INSERT INTO zone_macro_areas (zone_id, macro_area_code) VALUES ('ilfov::chiajna::dudu', 'ILFOV_VEST');
INSERT INTO zone_macro_areas (zone_id, macro_area_code) VALUES ('ilfov::chiajna::dudu', 'VEST');
INSERT INTO zone_adjacency (source_zone_id, target_zone_id, relation_type, relation_weight) VALUES ('ilfov::chiajna::dudu', 'ilfov::chiajna::chiajna-central', 'adjacent', 1.0000) ON CONFLICT DO NOTHING;
INSERT INTO zone_adjacency (source_zone_id, target_zone_id, relation_type, relation_weight) VALUES ('ilfov::chiajna::dudu', 'ilfov::chiajna::rosu', 'adjacent', 1.0000) ON CONFLICT DO NOTHING;
INSERT INTO zone_adjacency (source_zone_id, target_zone_id, relation_type, relation_weight) VALUES ('ilfov::chiajna::dudu', 'ilfov::chiajna::militari-residence', 'adjacent', 1.0000) ON CONFLICT DO NOTHING;
INSERT INTO zone_clusters (cluster_id, cluster_name, cluster_slug, zone_id) VALUES ('cluster::chiajna-rosu-dudu-militari-residence', 'Chiajna-Rosu-Dudu-Militari Residence', 'chiajna-rosu-dudu-militari-residence', 'ilfov::chiajna::dudu') ON CONFLICT DO NOTHING;
INSERT INTO zones (zone_id, region_name, county_name, sector_no, locality_name, zone_name, zone_slug, zone_type, parent_label, parent_zone_id, is_official, is_commercial, canonical_normalized_name) VALUES ('ilfov::chiajna::militari-residence', 'Bucuresti-Ilfov', 'Ilfov', NULL, 'Chiajna', 'Militari Residence', 'militari-residence', 'subzone', 'Chiajna', NULL, FALSE, TRUE, 'militari residence');
INSERT INTO zone_aliases (zone_id, alias, alias_normalized, alias_kind, confidence_weight) VALUES ('ilfov::chiajna::militari-residence', 'Militari Residence', 'militari residence', 'alias', 1.0000), ('ilfov::chiajna::militari-residence', 'militari residence', 'militari residence', 'slug_variant', 0.9800);
INSERT INTO zone_aliases (zone_id, alias, alias_normalized, alias_kind, confidence_weight) VALUES ('ilfov::chiajna::militari-residence', 'Militari Rezidence', 'militari rezidence', 'alias', 0.9700);
INSERT INTO zone_aliases (zone_id, alias, alias_normalized, alias_kind, confidence_weight) VALUES ('ilfov::chiajna::militari-residence', 'MR Chiajna', 'mr chiajna', 'alias', 0.9700);
INSERT INTO zone_aliases (zone_id, alias, alias_normalized, alias_kind, confidence_weight) VALUES ('ilfov::chiajna::militari-residence', 'Tineretului Chiajna', 'tineretului chiajna', 'microzone', 0.9300);
INSERT INTO zone_aliases (zone_id, alias, alias_normalized, alias_kind, confidence_weight) VALUES ('ilfov::chiajna::militari-residence', 'Chiajna-Rosu-Dudu-Militari Residence', 'chiajna rosu dudu militari residence', 'cluster_label', 0.8800);
INSERT INTO zone_macro_areas (zone_id, macro_area_code) VALUES ('ilfov::chiajna::militari-residence', 'ILFOV_VEST');
INSERT INTO zone_macro_areas (zone_id, macro_area_code) VALUES ('ilfov::chiajna::militari-residence', 'VEST');
INSERT INTO zone_adjacency (source_zone_id, target_zone_id, relation_type, relation_weight) VALUES ('ilfov::chiajna::militari-residence', 'ilfov::chiajna::rosu', 'adjacent', 1.0000) ON CONFLICT DO NOTHING;
INSERT INTO zone_adjacency (source_zone_id, target_zone_id, relation_type, relation_weight) VALUES ('ilfov::chiajna::militari-residence', 'ilfov::chiajna::dudu', 'adjacent', 1.0000) ON CONFLICT DO NOTHING;
INSERT INTO zone_adjacency (source_zone_id, target_zone_id, relation_type, relation_weight) VALUES ('ilfov::chiajna::militari-residence', 'bucuresti::bucuresti::militari', 'adjacent', 1.0000) ON CONFLICT DO NOTHING;
INSERT INTO zone_adjacency (source_zone_id, target_zone_id, relation_type, relation_weight) VALUES ('ilfov::chiajna::militari-residence', 'bucuresti::bucuresti::pacii', 'adjacent', 1.0000) ON CONFLICT DO NOTHING;
INSERT INTO zone_clusters (cluster_id, cluster_name, cluster_slug, zone_id) VALUES ('cluster::chiajna-rosu-dudu-militari-residence', 'Chiajna-Rosu-Dudu-Militari Residence', 'chiajna-rosu-dudu-militari-residence', 'ilfov::chiajna::militari-residence') ON CONFLICT DO NOTHING;
INSERT INTO zones (zone_id, region_name, county_name, sector_no, locality_name, zone_name, zone_slug, zone_type, parent_label, parent_zone_id, is_official, is_commercial, canonical_normalized_name) VALUES ('ilfov::mogosoaia::mogosoaia-central', 'Bucuresti-Ilfov', 'Ilfov', NULL, 'Mogosoaia', 'Mogosoaia Central', 'mogosoaia-central', 'subzone', 'Mogosoaia', NULL, FALSE, TRUE, 'mogosoaia central');
INSERT INTO zone_aliases (zone_id, alias, alias_normalized, alias_kind, confidence_weight) VALUES ('ilfov::mogosoaia::mogosoaia-central', 'Mogosoaia Central', 'mogosoaia central', 'alias', 1.0000), ('ilfov::mogosoaia::mogosoaia-central', 'mogosoaia central', 'mogosoaia central', 'slug_variant', 0.9800);
INSERT INTO zone_aliases (zone_id, alias, alias_normalized, alias_kind, confidence_weight) VALUES ('ilfov::mogosoaia::mogosoaia-central', 'Mogosoaia', 'mogosoaia', 'alias', 0.9700);
INSERT INTO zone_aliases (zone_id, alias, alias_normalized, alias_kind, confidence_weight) VALUES ('ilfov::mogosoaia::mogosoaia-central', 'Palat Mogosoaia', 'palat mogosoaia', 'microzone', 0.9300);
INSERT INTO zone_aliases (zone_id, alias, alias_normalized, alias_kind, confidence_weight) VALUES ('ilfov::mogosoaia::mogosoaia-central', 'Mogosoaia-Chitila-Buftea', 'mogosoaia chitila buftea', 'cluster_label', 0.8800);
INSERT INTO zone_macro_areas (zone_id, macro_area_code) VALUES ('ilfov::mogosoaia::mogosoaia-central', 'ILFOV_VEST');
INSERT INTO zone_macro_areas (zone_id, macro_area_code) VALUES ('ilfov::mogosoaia::mogosoaia-central', 'NORD_VEST');
INSERT INTO zone_adjacency (source_zone_id, target_zone_id, relation_type, relation_weight) VALUES ('ilfov::mogosoaia::mogosoaia-central', 'bucuresti::bucuresti::bucurestii-noi', 'adjacent', 1.0000) ON CONFLICT DO NOTHING;
INSERT INTO zone_adjacency (source_zone_id, target_zone_id, relation_type, relation_weight) VALUES ('ilfov::mogosoaia::mogosoaia-central', 'ilfov::chitila::chitila', 'adjacent', 1.0000) ON CONFLICT DO NOTHING;
INSERT INTO zone_adjacency (source_zone_id, target_zone_id, relation_type, relation_weight) VALUES ('ilfov::mogosoaia::mogosoaia-central', 'ilfov::buftea::buftea', 'adjacent', 1.0000) ON CONFLICT DO NOTHING;
INSERT INTO zone_adjacency (source_zone_id, target_zone_id, relation_type, relation_weight) VALUES ('ilfov::mogosoaia::mogosoaia-central', 'ilfov::corbeanca::corbeanca', 'adjacent', 1.0000) ON CONFLICT DO NOTHING;
INSERT INTO zone_adjacency (source_zone_id, target_zone_id, relation_type, relation_weight) VALUES ('ilfov::mogosoaia::mogosoaia-central', 'ilfov::otopeni::otopeni', 'adjacent', 1.0000) ON CONFLICT DO NOTHING;
INSERT INTO zone_clusters (cluster_id, cluster_name, cluster_slug, zone_id) VALUES ('cluster::mogosoaia-chitila-buftea', 'Mogosoaia-Chitila-Buftea', 'mogosoaia-chitila-buftea', 'ilfov::mogosoaia::mogosoaia-central') ON CONFLICT DO NOTHING;
INSERT INTO zones (zone_id, region_name, county_name, sector_no, locality_name, zone_name, zone_slug, zone_type, parent_label, parent_zone_id, is_official, is_commercial, canonical_normalized_name) VALUES ('ilfov::chitila::chitila-central', 'Bucuresti-Ilfov', 'Ilfov', NULL, 'Chitila', 'Chitila Central', 'chitila-central', 'subzone', 'Chitila', NULL, FALSE, TRUE, 'chitila central');
INSERT INTO zone_aliases (zone_id, alias, alias_normalized, alias_kind, confidence_weight) VALUES ('ilfov::chitila::chitila-central', 'Chitila Central', 'chitila central', 'alias', 1.0000), ('ilfov::chitila::chitila-central', 'chitila central', 'chitila central', 'slug_variant', 0.9800);
INSERT INTO zone_aliases (zone_id, alias, alias_normalized, alias_kind, confidence_weight) VALUES ('ilfov::chitila::chitila-central', 'Chitila', 'chitila', 'alias', 0.9700);
INSERT INTO zone_aliases (zone_id, alias, alias_normalized, alias_kind, confidence_weight) VALUES ('ilfov::chitila::chitila-central', 'Rudeni', 'rudeni', 'microzone', 0.9300);
INSERT INTO zone_aliases (zone_id, alias, alias_normalized, alias_kind, confidence_weight) VALUES ('ilfov::chitila::chitila-central', 'Mogosoaia-Chitila-Buftea', 'mogosoaia chitila buftea', 'cluster_label', 0.8800);
INSERT INTO zone_macro_areas (zone_id, macro_area_code) VALUES ('ilfov::chitila::chitila-central', 'ILFOV_VEST');
INSERT INTO zone_macro_areas (zone_id, macro_area_code) VALUES ('ilfov::chitila::chitila-central', 'NORD_VEST');
INSERT INTO zone_adjacency (source_zone_id, target_zone_id, relation_type, relation_weight) VALUES ('ilfov::chitila::chitila-central', 'bucuresti::bucuresti::straulesti', 'adjacent', 1.0000) ON CONFLICT DO NOTHING;
INSERT INTO zone_adjacency (source_zone_id, target_zone_id, relation_type, relation_weight) VALUES ('ilfov::chitila::chitila-central', 'bucuresti::bucuresti::bucurestii-noi', 'adjacent', 1.0000) ON CONFLICT DO NOTHING;
INSERT INTO zone_adjacency (source_zone_id, target_zone_id, relation_type, relation_weight) VALUES ('ilfov::chitila::chitila-central', 'ilfov::mogosoaia::mogosoaia', 'adjacent', 1.0000) ON CONFLICT DO NOTHING;
INSERT INTO zone_adjacency (source_zone_id, target_zone_id, relation_type, relation_weight) VALUES ('ilfov::chitila::chitila-central', 'ilfov::buftea::buftea', 'adjacent', 1.0000) ON CONFLICT DO NOTHING;
INSERT INTO zone_clusters (cluster_id, cluster_name, cluster_slug, zone_id) VALUES ('cluster::mogosoaia-chitila-buftea', 'Mogosoaia-Chitila-Buftea', 'mogosoaia-chitila-buftea', 'ilfov::chitila::chitila-central') ON CONFLICT DO NOTHING;
INSERT INTO zones (zone_id, region_name, county_name, sector_no, locality_name, zone_name, zone_slug, zone_type, parent_label, parent_zone_id, is_official, is_commercial, canonical_normalized_name) VALUES ('ilfov::buftea::buftea-central', 'Bucuresti-Ilfov', 'Ilfov', NULL, 'Buftea', 'Buftea Central', 'buftea-central', 'subzone', 'Buftea', NULL, FALSE, TRUE, 'buftea central');
INSERT INTO zone_aliases (zone_id, alias, alias_normalized, alias_kind, confidence_weight) VALUES ('ilfov::buftea::buftea-central', 'Buftea Central', 'buftea central', 'alias', 1.0000), ('ilfov::buftea::buftea-central', 'buftea central', 'buftea central', 'slug_variant', 0.9800);
INSERT INTO zone_aliases (zone_id, alias, alias_normalized, alias_kind, confidence_weight) VALUES ('ilfov::buftea::buftea-central', 'Buftea', 'buftea', 'alias', 0.9700);
INSERT INTO zone_aliases (zone_id, alias, alias_normalized, alias_kind, confidence_weight) VALUES ('ilfov::buftea::buftea-central', 'Studiourile Buftea', 'studiourile buftea', 'microzone', 0.9300);
INSERT INTO zone_aliases (zone_id, alias, alias_normalized, alias_kind, confidence_weight) VALUES ('ilfov::buftea::buftea-central', 'Mogosoaia-Chitila-Buftea', 'mogosoaia chitila buftea', 'cluster_label', 0.8800);
INSERT INTO zone_macro_areas (zone_id, macro_area_code) VALUES ('ilfov::buftea::buftea-central', 'ILFOV_VEST');
INSERT INTO zone_macro_areas (zone_id, macro_area_code) VALUES ('ilfov::buftea::buftea-central', 'NORD_VEST');
INSERT INTO zone_adjacency (source_zone_id, target_zone_id, relation_type, relation_weight) VALUES ('ilfov::buftea::buftea-central', 'ilfov::chitila::chitila', 'adjacent', 1.0000) ON CONFLICT DO NOTHING;
INSERT INTO zone_adjacency (source_zone_id, target_zone_id, relation_type, relation_weight) VALUES ('ilfov::buftea::buftea-central', 'ilfov::mogosoaia::mogosoaia', 'adjacent', 1.0000) ON CONFLICT DO NOTHING;
INSERT INTO zone_adjacency (source_zone_id, target_zone_id, relation_type, relation_weight) VALUES ('ilfov::buftea::buftea-central', 'ilfov::corbeanca::corbeanca', 'adjacent', 1.0000) ON CONFLICT DO NOTHING;
INSERT INTO zone_adjacency (source_zone_id, target_zone_id, relation_type, relation_weight) VALUES ('ilfov::buftea::buftea-central', 'ilfov::dragomiresti-vale::dragomiresti-vale', 'adjacent', 1.0000) ON CONFLICT DO NOTHING;
INSERT INTO zone_clusters (cluster_id, cluster_name, cluster_slug, zone_id) VALUES ('cluster::mogosoaia-chitila-buftea', 'Mogosoaia-Chitila-Buftea', 'mogosoaia-chitila-buftea', 'ilfov::buftea::buftea-central') ON CONFLICT DO NOTHING;
INSERT INTO zones (zone_id, region_name, county_name, sector_no, locality_name, zone_name, zone_slug, zone_type, parent_label, parent_zone_id, is_official, is_commercial, canonical_normalized_name) VALUES ('ilfov::dragomiresti-vale::dragomiresti-vale-central', 'Bucuresti-Ilfov', 'Ilfov', NULL, 'Dragomiresti-Vale', 'Dragomiresti-Vale Central', 'dragomiresti-vale-central', 'subzone', 'Dragomiresti-Vale', NULL, FALSE, TRUE, 'dragomiresti vale central');
INSERT INTO zone_aliases (zone_id, alias, alias_normalized, alias_kind, confidence_weight) VALUES ('ilfov::dragomiresti-vale::dragomiresti-vale-central', 'Dragomiresti-Vale Central', 'dragomiresti vale central', 'alias', 1.0000), ('ilfov::dragomiresti-vale::dragomiresti-vale-central', 'dragomiresti vale central', 'dragomiresti vale central', 'slug_variant', 0.9800);
INSERT INTO zone_aliases (zone_id, alias, alias_normalized, alias_kind, confidence_weight) VALUES ('ilfov::dragomiresti-vale::dragomiresti-vale-central', 'Dragomiresti', 'dragomiresti', 'alias', 0.9700);
INSERT INTO zone_aliases (zone_id, alias, alias_normalized, alias_kind, confidence_weight) VALUES ('ilfov::dragomiresti-vale::dragomiresti-vale-central', 'Dragomiresti Deal', 'dragomiresti deal', 'microzone', 0.9300);
INSERT INTO zone_aliases (zone_id, alias, alias_normalized, alias_kind, confidence_weight) VALUES ('ilfov::dragomiresti-vale::dragomiresti-vale-central', 'Dragomiresti-Chiajna', 'dragomiresti chiajna', 'cluster_label', 0.8800);
INSERT INTO zone_macro_areas (zone_id, macro_area_code) VALUES ('ilfov::dragomiresti-vale::dragomiresti-vale-central', 'ILFOV_VEST');
INSERT INTO zone_adjacency (source_zone_id, target_zone_id, relation_type, relation_weight) VALUES ('ilfov::dragomiresti-vale::dragomiresti-vale-central', 'ilfov::chiajna::chiajna', 'adjacent', 1.0000) ON CONFLICT DO NOTHING;
INSERT INTO zone_adjacency (source_zone_id, target_zone_id, relation_type, relation_weight) VALUES ('ilfov::dragomiresti-vale::dragomiresti-vale-central', 'ilfov::buftea::buftea', 'adjacent', 1.0000) ON CONFLICT DO NOTHING;
INSERT INTO zone_adjacency (source_zone_id, target_zone_id, relation_type, relation_weight) VALUES ('ilfov::dragomiresti-vale::dragomiresti-vale-central', 'ilfov::mogosoaia::mogosoaia', 'adjacent', 1.0000) ON CONFLICT DO NOTHING;
INSERT INTO zone_adjacency (source_zone_id, target_zone_id, relation_type, relation_weight) VALUES ('ilfov::dragomiresti-vale::dragomiresti-vale-central', 'ilfov::ciorogarla::ciorogarla', 'adjacent', 1.0000) ON CONFLICT DO NOTHING;
INSERT INTO zone_clusters (cluster_id, cluster_name, cluster_slug, zone_id) VALUES ('cluster::dragomiresti-chiajna', 'Dragomiresti-Chiajna', 'dragomiresti-chiajna', 'ilfov::dragomiresti-vale::dragomiresti-vale-central') ON CONFLICT DO NOTHING;
INSERT INTO zones (zone_id, region_name, county_name, sector_no, locality_name, zone_name, zone_slug, zone_type, parent_label, parent_zone_id, is_official, is_commercial, canonical_normalized_name) VALUES ('ilfov::domnesti::domnesti-central', 'Bucuresti-Ilfov', 'Ilfov', NULL, 'Domnesti', 'Domnesti Central', 'domnesti-central', 'subzone', 'Domnesti', NULL, FALSE, TRUE, 'domnesti central');
INSERT INTO zone_aliases (zone_id, alias, alias_normalized, alias_kind, confidence_weight) VALUES ('ilfov::domnesti::domnesti-central', 'Domnesti Central', 'domnesti central', 'alias', 1.0000), ('ilfov::domnesti::domnesti-central', 'domnesti central', 'domnesti central', 'slug_variant', 0.9800);
INSERT INTO zone_aliases (zone_id, alias, alias_normalized, alias_kind, confidence_weight) VALUES ('ilfov::domnesti::domnesti-central', 'Domnesti', 'domnesti', 'alias', 0.9700);
INSERT INTO zone_aliases (zone_id, alias, alias_normalized, alias_kind, confidence_weight) VALUES ('ilfov::domnesti::domnesti-central', 'Teges', 'teges', 'microzone', 0.9300);
INSERT INTO zone_aliases (zone_id, alias, alias_normalized, alias_kind, confidence_weight) VALUES ('ilfov::domnesti::domnesti-central', 'Domnesti-Prelungirea Ghencea', 'domnesti prelungirea ghencea', 'cluster_label', 0.8800);
INSERT INTO zone_macro_areas (zone_id, macro_area_code) VALUES ('ilfov::domnesti::domnesti-central', 'ILFOV_VEST');
INSERT INTO zone_macro_areas (zone_id, macro_area_code) VALUES ('ilfov::domnesti::domnesti-central', 'SUD_VEST');
INSERT INTO zone_adjacency (source_zone_id, target_zone_id, relation_type, relation_weight) VALUES ('ilfov::domnesti::domnesti-central', 'bucuresti::bucuresti::prelungirea-ghencea', 'adjacent', 1.0000) ON CONFLICT DO NOTHING;
INSERT INTO zone_adjacency (source_zone_id, target_zone_id, relation_type, relation_weight) VALUES ('ilfov::domnesti::domnesti-central', 'ilfov::bragadiru::bragadiru', 'adjacent', 1.0000) ON CONFLICT DO NOTHING;
INSERT INTO zone_adjacency (source_zone_id, target_zone_id, relation_type, relation_weight) VALUES ('ilfov::domnesti::domnesti-central', 'ilfov::cornetu::cornetu', 'adjacent', 1.0000) ON CONFLICT DO NOTHING;
INSERT INTO zone_adjacency (source_zone_id, target_zone_id, relation_type, relation_weight) VALUES ('ilfov::domnesti::domnesti-central', 'ilfov::clinceni::clinceni', 'adjacent', 1.0000) ON CONFLICT DO NOTHING;
INSERT INTO zone_adjacency (source_zone_id, target_zone_id, relation_type, relation_weight) VALUES ('ilfov::domnesti::domnesti-central', 'ilfov::chiajna::chiajna', 'adjacent', 1.0000) ON CONFLICT DO NOTHING;
INSERT INTO zone_clusters (cluster_id, cluster_name, cluster_slug, zone_id) VALUES ('cluster::domnesti-prelungirea-ghencea', 'Domnesti-Prelungirea Ghencea', 'domnesti-prelungirea-ghencea', 'ilfov::domnesti::domnesti-central') ON CONFLICT DO NOTHING;
INSERT INTO zones (zone_id, region_name, county_name, sector_no, locality_name, zone_name, zone_slug, zone_type, parent_label, parent_zone_id, is_official, is_commercial, canonical_normalized_name) VALUES ('ilfov::bragadiru::bragadiru-central', 'Bucuresti-Ilfov', 'Ilfov', NULL, 'Bragadiru', 'Bragadiru Central', 'bragadiru-central', 'subzone', 'Bragadiru', NULL, FALSE, TRUE, 'bragadiru central');
INSERT INTO zone_aliases (zone_id, alias, alias_normalized, alias_kind, confidence_weight) VALUES ('ilfov::bragadiru::bragadiru-central', 'Bragadiru Central', 'bragadiru central', 'alias', 1.0000), ('ilfov::bragadiru::bragadiru-central', 'bragadiru central', 'bragadiru central', 'slug_variant', 0.9800);
INSERT INTO zone_aliases (zone_id, alias, alias_normalized, alias_kind, confidence_weight) VALUES ('ilfov::bragadiru::bragadiru-central', 'Bragadiru', 'bragadiru', 'alias', 0.9700);
INSERT INTO zone_aliases (zone_id, alias, alias_normalized, alias_kind, confidence_weight) VALUES ('ilfov::bragadiru::bragadiru-central', 'Centru', 'centru', 'microzone', 0.9300);
INSERT INTO zone_aliases (zone_id, alias, alias_normalized, alias_kind, confidence_weight) VALUES ('ilfov::bragadiru::bragadiru-central', 'Bragadiru-Cartierul Latin', 'bragadiru cartierul latin', 'cluster_label', 0.8800);
INSERT INTO zone_macro_areas (zone_id, macro_area_code) VALUES ('ilfov::bragadiru::bragadiru-central', 'ILFOV_VEST');
INSERT INTO zone_macro_areas (zone_id, macro_area_code) VALUES ('ilfov::bragadiru::bragadiru-central', 'SUD_VEST');
INSERT INTO zone_adjacency (source_zone_id, target_zone_id, relation_type, relation_weight) VALUES ('ilfov::bragadiru::bragadiru-central', 'bucuresti::bucuresti::rahova', 'adjacent', 1.0000) ON CONFLICT DO NOTHING;
INSERT INTO zone_adjacency (source_zone_id, target_zone_id, relation_type, relation_weight) VALUES ('ilfov::bragadiru::bragadiru-central', 'bucuresti::bucuresti::ghencea', 'adjacent', 1.0000) ON CONFLICT DO NOTHING;
INSERT INTO zone_adjacency (source_zone_id, target_zone_id, relation_type, relation_weight) VALUES ('ilfov::bragadiru::bragadiru-central', 'ilfov::domnesti::domnesti', 'adjacent', 1.0000) ON CONFLICT DO NOTHING;
INSERT INTO zone_adjacency (source_zone_id, target_zone_id, relation_type, relation_weight) VALUES ('ilfov::bragadiru::bragadiru-central', 'ilfov::cornetu::cornetu', 'adjacent', 1.0000) ON CONFLICT DO NOTHING;
INSERT INTO zone_adjacency (source_zone_id, target_zone_id, relation_type, relation_weight) VALUES ('ilfov::bragadiru::bragadiru-central', 'ilfov::clinceni::clinceni', 'adjacent', 1.0000) ON CONFLICT DO NOTHING;
INSERT INTO zone_clusters (cluster_id, cluster_name, cluster_slug, zone_id) VALUES ('cluster::bragadiru-cartierul-latin', 'Bragadiru-Cartierul Latin', 'bragadiru-cartierul-latin', 'ilfov::bragadiru::bragadiru-central') ON CONFLICT DO NOTHING;
INSERT INTO zones (zone_id, region_name, county_name, sector_no, locality_name, zone_name, zone_slug, zone_type, parent_label, parent_zone_id, is_official, is_commercial, canonical_normalized_name) VALUES ('ilfov::bragadiru::cartierul-latin', 'Bucuresti-Ilfov', 'Ilfov', NULL, 'Bragadiru', 'Cartierul Latin', 'cartierul-latin', 'subzone', 'Bragadiru', NULL, FALSE, TRUE, 'cartierul latin');
INSERT INTO zone_aliases (zone_id, alias, alias_normalized, alias_kind, confidence_weight) VALUES ('ilfov::bragadiru::cartierul-latin', 'Cartierul Latin', 'cartierul latin', 'alias', 1.0000), ('ilfov::bragadiru::cartierul-latin', 'cartierul latin', 'cartierul latin', 'slug_variant', 0.9800);
INSERT INTO zone_aliases (zone_id, alias, alias_normalized, alias_kind, confidence_weight) VALUES ('ilfov::bragadiru::cartierul-latin', 'Cartier Latin', 'cartier latin', 'alias', 0.9700);
INSERT INTO zone_aliases (zone_id, alias, alias_normalized, alias_kind, confidence_weight) VALUES ('ilfov::bragadiru::cartierul-latin', 'Leroy Merlin prox', 'leroy merlin prox', 'microzone', 0.9300);
INSERT INTO zone_aliases (zone_id, alias, alias_normalized, alias_kind, confidence_weight) VALUES ('ilfov::bragadiru::cartierul-latin', 'Bragadiru-Cartierul Latin', 'bragadiru cartierul latin', 'cluster_label', 0.8800);
INSERT INTO zone_macro_areas (zone_id, macro_area_code) VALUES ('ilfov::bragadiru::cartierul-latin', 'ILFOV_VEST');
INSERT INTO zone_macro_areas (zone_id, macro_area_code) VALUES ('ilfov::bragadiru::cartierul-latin', 'SUD_VEST');
INSERT INTO zone_adjacency (source_zone_id, target_zone_id, relation_type, relation_weight) VALUES ('ilfov::bragadiru::cartierul-latin', 'ilfov::bragadiru::bragadiru-central', 'adjacent', 1.0000) ON CONFLICT DO NOTHING;
INSERT INTO zone_adjacency (source_zone_id, target_zone_id, relation_type, relation_weight) VALUES ('ilfov::bragadiru::cartierul-latin', 'bucuresti::bucuresti::prelungirea-ghencea', 'adjacent', 1.0000) ON CONFLICT DO NOTHING;
INSERT INTO zone_clusters (cluster_id, cluster_name, cluster_slug, zone_id) VALUES ('cluster::bragadiru-cartierul-latin', 'Bragadiru-Cartierul Latin', 'bragadiru-cartierul-latin', 'ilfov::bragadiru::cartierul-latin') ON CONFLICT DO NOTHING;
INSERT INTO zones (zone_id, region_name, county_name, sector_no, locality_name, zone_name, zone_slug, zone_type, parent_label, parent_zone_id, is_official, is_commercial, canonical_normalized_name) VALUES ('ilfov::clinceni::clinceni-central', 'Bucuresti-Ilfov', 'Ilfov', NULL, 'Clinceni', 'Clinceni Central', 'clinceni-central', 'subzone', 'Clinceni', NULL, FALSE, TRUE, 'clinceni central');
INSERT INTO zone_aliases (zone_id, alias, alias_normalized, alias_kind, confidence_weight) VALUES ('ilfov::clinceni::clinceni-central', 'Clinceni Central', 'clinceni central', 'alias', 1.0000), ('ilfov::clinceni::clinceni-central', 'clinceni central', 'clinceni central', 'slug_variant', 0.9800);
INSERT INTO zone_aliases (zone_id, alias, alias_normalized, alias_kind, confidence_weight) VALUES ('ilfov::clinceni::clinceni-central', 'Clinceni', 'clinceni', 'alias', 0.9700);
INSERT INTO zone_aliases (zone_id, alias, alias_normalized, alias_kind, confidence_weight) VALUES ('ilfov::clinceni::clinceni-central', 'Olteni', 'olteni', 'microzone', 0.9300);
INSERT INTO zone_aliases (zone_id, alias, alias_normalized, alias_kind, confidence_weight) VALUES ('ilfov::clinceni::clinceni-central', 'Clinceni-Vest', 'clinceni vest', 'cluster_label', 0.8800);
INSERT INTO zone_macro_areas (zone_id, macro_area_code) VALUES ('ilfov::clinceni::clinceni-central', 'ILFOV_VEST');
INSERT INTO zone_macro_areas (zone_id, macro_area_code) VALUES ('ilfov::clinceni::clinceni-central', 'SUD_VEST');
INSERT INTO zone_adjacency (source_zone_id, target_zone_id, relation_type, relation_weight) VALUES ('ilfov::clinceni::clinceni-central', 'ilfov::bragadiru::bragadiru', 'adjacent', 1.0000) ON CONFLICT DO NOTHING;
INSERT INTO zone_adjacency (source_zone_id, target_zone_id, relation_type, relation_weight) VALUES ('ilfov::clinceni::clinceni-central', 'ilfov::domnesti::domnesti', 'adjacent', 1.0000) ON CONFLICT DO NOTHING;
INSERT INTO zone_adjacency (source_zone_id, target_zone_id, relation_type, relation_weight) VALUES ('ilfov::clinceni::clinceni-central', 'ilfov::magurele::magurele', 'adjacent', 1.0000) ON CONFLICT DO NOTHING;
INSERT INTO zone_adjacency (source_zone_id, target_zone_id, relation_type, relation_weight) VALUES ('ilfov::clinceni::clinceni-central', 'ilfov::cornetu::cornetu', 'adjacent', 1.0000) ON CONFLICT DO NOTHING;
INSERT INTO zone_clusters (cluster_id, cluster_name, cluster_slug, zone_id) VALUES ('cluster::clinceni-vest', 'Clinceni-Vest', 'clinceni-vest', 'ilfov::clinceni::clinceni-central') ON CONFLICT DO NOTHING;
INSERT INTO zones (zone_id, region_name, county_name, sector_no, locality_name, zone_name, zone_slug, zone_type, parent_label, parent_zone_id, is_official, is_commercial, canonical_normalized_name) VALUES ('ilfov::ciorogarla::ciorogarla-central', 'Bucuresti-Ilfov', 'Ilfov', NULL, 'Ciorogarla', 'Ciorogarla Central', 'ciorogarla-central', 'subzone', 'Ciorogarla', NULL, FALSE, TRUE, 'ciorogarla central');
INSERT INTO zone_aliases (zone_id, alias, alias_normalized, alias_kind, confidence_weight) VALUES ('ilfov::ciorogarla::ciorogarla-central', 'Ciorogarla Central', 'ciorogarla central', 'alias', 1.0000), ('ilfov::ciorogarla::ciorogarla-central', 'ciorogarla central', 'ciorogarla central', 'slug_variant', 0.9800);
INSERT INTO zone_aliases (zone_id, alias, alias_normalized, alias_kind, confidence_weight) VALUES ('ilfov::ciorogarla::ciorogarla-central', 'Ciorogarla', 'ciorogarla', 'alias', 0.9700);
INSERT INTO zone_aliases (zone_id, alias, alias_normalized, alias_kind, confidence_weight) VALUES ('ilfov::ciorogarla::ciorogarla-central', 'Darvari', 'darvari', 'microzone', 0.9300);
INSERT INTO zone_aliases (zone_id, alias, alias_normalized, alias_kind, confidence_weight) VALUES ('ilfov::ciorogarla::ciorogarla-central', 'Ciorogarla-Vest', 'ciorogarla vest', 'cluster_label', 0.8800);
INSERT INTO zone_macro_areas (zone_id, macro_area_code) VALUES ('ilfov::ciorogarla::ciorogarla-central', 'ILFOV_VEST');
INSERT INTO zone_adjacency (source_zone_id, target_zone_id, relation_type, relation_weight) VALUES ('ilfov::ciorogarla::ciorogarla-central', 'ilfov::chiajna::chiajna', 'adjacent', 1.0000) ON CONFLICT DO NOTHING;
INSERT INTO zone_adjacency (source_zone_id, target_zone_id, relation_type, relation_weight) VALUES ('ilfov::ciorogarla::ciorogarla-central', 'ilfov::dragomiresti-vale::dragomiresti-vale', 'adjacent', 1.0000) ON CONFLICT DO NOTHING;
INSERT INTO zone_clusters (cluster_id, cluster_name, cluster_slug, zone_id) VALUES ('cluster::ciorogarla-vest', 'Ciorogarla-Vest', 'ciorogarla-vest', 'ilfov::ciorogarla::ciorogarla-central') ON CONFLICT DO NOTHING;
INSERT INTO zones (zone_id, region_name, county_name, sector_no, locality_name, zone_name, zone_slug, zone_type, parent_label, parent_zone_id, is_official, is_commercial, canonical_normalized_name) VALUES ('ilfov::magurele::magurele-central', 'Bucuresti-Ilfov', 'Ilfov', NULL, 'Magurele', 'Magurele Central', 'magurele-central', 'subzone', 'Magurele', NULL, FALSE, TRUE, 'magurele central');
INSERT INTO zone_aliases (zone_id, alias, alias_normalized, alias_kind, confidence_weight) VALUES ('ilfov::magurele::magurele-central', 'Magurele Central', 'magurele central', 'alias', 1.0000), ('ilfov::magurele::magurele-central', 'magurele central', 'magurele central', 'slug_variant', 0.9800);
INSERT INTO zone_aliases (zone_id, alias, alias_normalized, alias_kind, confidence_weight) VALUES ('ilfov::magurele::magurele-central', 'Magurele', 'magurele', 'alias', 0.9700);
INSERT INTO zone_aliases (zone_id, alias, alias_normalized, alias_kind, confidence_weight) VALUES ('ilfov::magurele::magurele-central', 'Centru', 'centru', 'microzone', 0.9300);
INSERT INTO zone_aliases (zone_id, alias, alias_normalized, alias_kind, confidence_weight) VALUES ('ilfov::magurele::magurele-central', 'Magurele-Laser Valley', 'magurele laser valley', 'cluster_label', 0.8800);
INSERT INTO zone_macro_areas (zone_id, macro_area_code) VALUES ('ilfov::magurele::magurele-central', 'SUD_VEST');
INSERT INTO zone_adjacency (source_zone_id, target_zone_id, relation_type, relation_weight) VALUES ('ilfov::magurele::magurele-central', 'ilfov::jilava::jilava', 'adjacent', 1.0000) ON CONFLICT DO NOTHING;
INSERT INTO zone_adjacency (source_zone_id, target_zone_id, relation_type, relation_weight) VALUES ('ilfov::magurele::magurele-central', 'ilfov::cornetu::cornetu', 'adjacent', 1.0000) ON CONFLICT DO NOTHING;
INSERT INTO zone_adjacency (source_zone_id, target_zone_id, relation_type, relation_weight) VALUES ('ilfov::magurele::magurele-central', 'ilfov::clinceni::clinceni', 'adjacent', 1.0000) ON CONFLICT DO NOTHING;
INSERT INTO zone_clusters (cluster_id, cluster_name, cluster_slug, zone_id) VALUES ('cluster::magurele-laser-valley', 'Magurele-Laser Valley', 'magurele-laser-valley', 'ilfov::magurele::magurele-central') ON CONFLICT DO NOTHING;
INSERT INTO zones (zone_id, region_name, county_name, sector_no, locality_name, zone_name, zone_slug, zone_type, parent_label, parent_zone_id, is_official, is_commercial, canonical_normalized_name) VALUES ('ilfov::magurele::varteju', 'Bucuresti-Ilfov', 'Ilfov', NULL, 'Magurele', 'Varteju', 'varteju', 'subzone', 'Magurele', NULL, FALSE, TRUE, 'varteju');
INSERT INTO zone_aliases (zone_id, alias, alias_normalized, alias_kind, confidence_weight) VALUES ('ilfov::magurele::varteju', 'Varteju', 'varteju', 'alias', 1.0000), ('ilfov::magurele::varteju', 'varteju', 'varteju', 'slug_variant', 0.9800);
INSERT INTO zone_aliases (zone_id, alias, alias_normalized, alias_kind, confidence_weight) VALUES ('ilfov::magurele::varteju', 'Varteju Magurele', 'varteju magurele', 'alias', 0.9700);
INSERT INTO zone_aliases (zone_id, alias, alias_normalized, alias_kind, confidence_weight) VALUES ('ilfov::magurele::varteju', 'Centru', 'centru', 'microzone', 0.9300);
INSERT INTO zone_aliases (zone_id, alias, alias_normalized, alias_kind, confidence_weight) VALUES ('ilfov::magurele::varteju', 'Magurele-Laser Valley', 'magurele laser valley', 'cluster_label', 0.8800);
INSERT INTO zone_macro_areas (zone_id, macro_area_code) VALUES ('ilfov::magurele::varteju', 'SUD_VEST');
INSERT INTO zone_adjacency (source_zone_id, target_zone_id, relation_type, relation_weight) VALUES ('ilfov::magurele::varteju', 'ilfov::magurele::magurele-central', 'adjacent', 1.0000) ON CONFLICT DO NOTHING;
INSERT INTO zone_clusters (cluster_id, cluster_name, cluster_slug, zone_id) VALUES ('cluster::magurele-laser-valley', 'Magurele-Laser Valley', 'magurele-laser-valley', 'ilfov::magurele::varteju') ON CONFLICT DO NOTHING;
INSERT INTO zones (zone_id, region_name, county_name, sector_no, locality_name, zone_name, zone_slug, zone_type, parent_label, parent_zone_id, is_official, is_commercial, canonical_normalized_name) VALUES ('ilfov::magurele::laser-valley', 'Bucuresti-Ilfov', 'Ilfov', NULL, 'Magurele', 'Laser Valley', 'laser-valley', 'subzone', 'Magurele', NULL, FALSE, TRUE, 'laser valley');
INSERT INTO zone_aliases (zone_id, alias, alias_normalized, alias_kind, confidence_weight) VALUES ('ilfov::magurele::laser-valley', 'Laser Valley', 'laser valley', 'alias', 1.0000), ('ilfov::magurele::laser-valley', 'laser valley', 'laser valley', 'slug_variant', 0.9800);
INSERT INTO zone_aliases (zone_id, alias, alias_normalized, alias_kind, confidence_weight) VALUES ('ilfov::magurele::laser-valley', 'ELI-NP', 'eli np', 'alias', 0.9700);
INSERT INTO zone_aliases (zone_id, alias, alias_normalized, alias_kind, confidence_weight) VALUES ('ilfov::magurele::laser-valley', 'Laser Valley Magurele', 'laser valley magurele', 'alias', 0.9700);
INSERT INTO zone_aliases (zone_id, alias, alias_normalized, alias_kind, confidence_weight) VALUES ('ilfov::magurele::laser-valley', 'Institut', 'institut', 'microzone', 0.9300);
INSERT INTO zone_aliases (zone_id, alias, alias_normalized, alias_kind, confidence_weight) VALUES ('ilfov::magurele::laser-valley', 'Magurele-Laser Valley', 'magurele laser valley', 'cluster_label', 0.8800);
INSERT INTO zone_macro_areas (zone_id, macro_area_code) VALUES ('ilfov::magurele::laser-valley', 'SUD_VEST');
INSERT INTO zone_adjacency (source_zone_id, target_zone_id, relation_type, relation_weight) VALUES ('ilfov::magurele::laser-valley', 'ilfov::magurele::magurele-central', 'adjacent', 1.0000) ON CONFLICT DO NOTHING;
INSERT INTO zone_clusters (cluster_id, cluster_name, cluster_slug, zone_id) VALUES ('cluster::magurele-laser-valley', 'Magurele-Laser Valley', 'magurele-laser-valley', 'ilfov::magurele::laser-valley') ON CONFLICT DO NOTHING;
COMMIT;
